TweetNo,Label,Target,Topic,Phrase,TweetText,clean_text,label
2501,Hate,UNT,terrorism,טרוריסט,@bezalelsm נראה לי שהמקרה מזכיר לך את ימך היפים בגבעות שהיית טרוריסט גזען כמוהם לא? אין כמו קצת נוסטלגיה בזמנים קשים,נראה לי שהמקרה מזכיר לך את ימך היפים בגבעות שהיית טרוריסט גזען כמוהם לא אין כמו קצת נוסטלגיה בזמנים קשים,1
2502,NOT,,,,@haim_goldberg אתמול היה הפגנה מול ביתו של אלי בן ארוש במעלה אדומים רוצח הנער אהוביה סנדק אולי נעשה הפגנה מול כל שוטר אלים שידעו שהם לא יכולים לעשות מה שהם רוצים,אתמול היה הפגנה מול ביתו של אלי בן ארוש במעלה אדומים רוצח הנער אהוביה סנדק אולי נעשה הפגנה מול כל שוטר אלים שידעו שהם לא יכולים לעשות מה שהם רוצים,0
2504,NOT,,,,"אימו של אהוביה סנדק הטיחה בשר אוחנה: ""ממשלה מטומטמת, יהודי לא רוצח יהודי"". מה בעצם היא אומרת - שיהודי יכול לרצוח ערבי? שערבי יכול לרצוח יהודי? לא מבין מה זאת תפיסת העולם הזו. לא מבין. https://t.co/j5iDLsXc4p",אימו של אהוביה סנדק הטיחה בשר אוחנה ממשלה מטומטמת יהודי לא רוצח יהודי מה בעצם היא אומרת שיהודי יכול לרצוח ערבי שערבי יכול לרצוח יהודי לא מבין מה זאת תפיסת העולם הזו לא מבין,0
2505,NOT,,,,"1/2 היום יום הולדתו ה-27 של חלל צה״ל סמ""ר אורון שאול, שמוחזק על ידי חמאס מעל לשש שנים, בהפרה בוטה של הדין הבינ״ל, יחד עם הדר גולדין ז״ל, והאזרחים אברה מנגיסטו והישאם א-סייד. אחיו אופק אמר היום: ""זה יום הולדת עצוב מאוד. מיום הכי משמח בעולם - זה נהפך ליום אחד הקשים בשנה.״ https://t.co/ElSl52yZ5A",היום יום הולדתו ה של חלל צה״ל סמר אורון שאול שמוחזק על ידי חמאס מעל לשש שנים בהפרה בוטה של הדין הבינ״ל יחד עם הדר גולדין ז״ל והאזרחים אברה מנגיסטו והישאם אסייד אחיו אופק אמר היום זה יום הולדת עצוב מאוד מיום הכי משמח בעולם זה נהפך ליום אחד הקשים בשנה״,0
2506,Hate,suidian monarchy,Racisim,סעודי,נסראללה: יורש העצר הסעודי ביקש מטראמפ לרצוח אותי https://t.co/U6fdagRgiP,נסראללה יורש העצר הסעודי ביקש מטראמפ לרצוח אותי,1
2507,Hate,arab citisens,racism ,ערבי מחמד,RT @mendy_silber: @idanlandau @saritm0 @attilus ערבי שתומך ביהודים זה ערבי מחמד? כי מה מצופה מערבי לא מחמד? ציוץ מתנשא וגזעני כלפי האוכלוס…,ערבי שתומך ביהודים זה ערבי מחמד כי מה מצופה מערבי לא מחמד ציוץ מתנשא וגזעני כלפי האוכלוס,1
2508,NOT,,,,RT @avribloch: חייל ממצפה הילה הילד של כולנו - מתנחל מאיתמר לא.,חייל ממצפה הילה הילד של כולנו מתנחל מאיתמר לא,0
2509,NOT,,,,@Lordsimon15 אוקייי אז עוד עשר דקות כזה למרות שאני מביך רצח ואני לא יודע לדבר אבל כן,אוקייי אז עוד עשר דקות כזה למרות שאני מביך רצח ואני לא יודע לדבר אבל כן,0
2510,NOT,,,,"קיין רצח את הבל. ישראל פרי ""קין רצח את הבל"". יאיר לוי: שוב פרי נתפס בשקרים ובפייק ניוז האופיינים אותו (העילג טעה במקור). מדובר באירוע (רצח, ביג דיל) שהתקיים לפני שמשה ירד עם עשרת הדיברות, מה שלא מנע ממנו לציין כי זה קורה 'רגע לפני מתן תורה'. https://t.co/XSuOTLnDfR",קיין רצח את הבל ישראל פרי קין רצח את הבל יאיר לוי שוב פרי נתפס בשקרים ובפייק ניוז האופיינים אותו העילג טעה במקור מדובר באירוע רצח ביג דיל שהתקיים לפני שמשה ירד עם עשרת הדיברות מה שלא מנע ממנו לציין כי זה קורה רגע לפני מתן תורה,0
2511,violence,occupation,politics,לכבוש,"@ZigdonL @YosephHaddad @idanlandau כמו שאתה אומר יום וליל ""כיבוש"" זה לא אומר שזה נכון,אי אפשר לכבוש שטח ממדינה מומצאת...",כמו שאתה אומר יום וליל כיבוש זה לא אומר שזה נכוןאי אפשר לכבוש שטח ממדינה מומצאת,1
2512,NOT,,,,@BenCaspit טריק של הנאשם לשרוף כמה עשרות (?) אלפי קולות שרוצים שינוי.,טריק של הנאשם לשרוף כמה עשרות אלפי קולות שרוצים שינוי,0
2513,NOT,,,,@barzik מעניין. אני אגב בספק אם גופי ביטחון שמעוניינים לעקוב בעיקר אחרי טרור בדארקנט (ולאחרונה בקורונה גם קצת אחרי אזרחים רגילים) לא הכניסו כבר כמות יפה שכזו כך שיוכלו לזהות תנועה גם בtor..,מעניין אני אגב בספק אם גופי ביטחון שמעוניינים לעקוב בעיקר אחרי טרור בדארקנט ולאחרונה בקורונה גם קצת אחרי אזרחים רגילים לא הכניסו כבר כמות יפה שכזו כך שיוכלו לזהות תנועה גם ב,0
2514,NOT,,,,"@daddyaarca @youreoncbs @ItaloChiguire קודם כל, מהי פלסטין?",קודם כל מהי פלסטין,0
2515,NOT,,,,@Likud_Party הזקנה במסדרונות בית החולים הזקנה במגרש החניה מפלגת טינפות חלאות המין האנושי אל תשכחו זבלים 3 כדורים החליפו שלטון בעקבות הסתה פושעת שניהל נגד רבין הארכי מסית בעזרתם של רבני ישע פשע רשע וחילהם נבלות החזיר עם הכיפות הסרוחות ימח שמם וזכר זכרם https://t.co/XffKDDfmYj,הזקנה במסדרונות בית החולים הזקנה במגרש החניה מפלגת טינפות חלאות המין האנושי אל תשכחו זבלים כדורים החליפו שלטון בעקבות הסתה פושעת שניהל נגד רבין הארכי מסית בעזרתם של רבני ישע פשע רשע וחילהם נבלות החזיר עם הכיפות הסרוחות ימח שמם וזכר זכרם,0
2516,NOT,,,,@GalonItay אז כל ילד ערבי שזורק אבנים או בקתבים על גיפ צהל דינו מוות ? זה מיותר וזה מיותר,אז כל ילד ערבי שזורק אבנים או בקתבים על גיפ צהל דינו מוות זה מיותר וזה מיותר,0
2517,NOT,,,,"@benny_wol מחבל (יהודי, ערבי, קונגולזי או בקיצור כ״א) שיוצא לפגע, ולא משנה אם הוא עושה את זה עם אבן, אקדח, בקת״ב או גוגו, שייקח בחשבון שזה יכול להיות סופו. פשוט לא?",מחבל יהודי ערבי קונגולזי או בקיצור כ״א שיוצא לפגע ולא משנה אם הוא עושה את זה עם אבן אקדח בקת״ב או גוגו שייקח בחשבון שזה יכול להיות סופו פשוט לא,0
2518,NOT,,,,@YosephHaddad @arisade94 @idanlandau לנדאו פנה כל כך שמאלה שאנשי חמאס כבר מתנערים ממנו כקיצוני מדי,לנדאו פנה כל כך שמאלה שאנשי חמאס כבר מתנערים ממנו כקיצוני מדי,0
2519,NOT,,,,"@yotameyal אולי תתפלא, אבל אתמול נערכה הפגנה מול ביתו של אחד השוטרים, במעלה אדומים. בני הנוער שהפגינו ברחוב קראו ""א' רוצח ילדים"". עם יד על הלב - הוא ובני משפחתו יכולים לצאת בשלווה מביתם?",אולי תתפלא אבל אתמול נערכה הפגנה מול ביתו של אחד השוטרים במעלה אדומים בני הנוער שהפגינו ברחוב קראו א רוצח ילדים עם יד על הלב הוא ובני משפחתו יכולים לצאת בשלווה מביתם,0
2520,violence,palestinians,terrorism,פיגוע,"פרסום ראשון: הרש""פ סיכלה פיגוע דקירה נגד חיילים. מקורות פלסטינים מסרו ל-@kann_news כי מנגנוני הרשות עצרו שלשום 2 פלסטיניות משכם שהיו בדרכן לדקור חיילים/מתנחלים באזור חווארה שמדרום לשכם. הן בחקירה כעת בצד הפלסטיני. הסיכול התרחש לאחר שבחודש שעבר חודש התיאום הביטחוני בין ישראל לרשות",פרסום ראשון הרשפ סיכלה פיגוע דקירה נגד חיילים מקורות פלסטינים מסרו ל כי מנגנוני הרשות עצרו שלשום פלסטיניות משכם שהיו בדרכן לדקור חייליםמתנחלים באזור חווארה שמדרום לשכם הן בחקירה כעת בצד הפלסטיני הסיכול התרחש לאחר שבחודש שעבר חודש התיאום הביטחוני בין ישראל לרשות,1
2521,NOT,,,,"הפיתוחים החדשים שישמשו את צה""ל נגד ארגוני הטרור: בעוד ארגונים כמו חמאס וחיזבאללה שכללו את יכולותיהם בעזרת מערכות שהגיעו לשוק האזרחי, בצה""ל פועלים להטמיע טכנולוגיות מתקדמות שיאפשרו קישוריות בין זרועות הצבא. הפרויקטים שיאפשרו לצבא להיערך למלחמה הבאה https://t.co/mrhxB9yhDK",הפיתוחים החדשים שישמשו את צהל נגד ארגוני הטרור בעוד ארגונים כמו חמאס וחיזבאללה שכללו את יכולותיהם בעזרת מערכות שהגיעו לשוק האזרחי בצהל פועלים להטמיע טכנולוגיות מתקדמות שיאפשרו קישוריות בין זרועות הצבא הפרויקטים שיאפשרו לצבא להיערך למלחמה הבאה,0
2522,NOT,,,,"@jonklinger @barzik א. אתה לא יודע שהוא לא שומר לוגים ב. אם נקודת היציאה קבועה והתעבורה הגלויה שם גלויה למישהו, לא מאוד קשה בדרך כלל לקשור בסבירות גבוהה את התעבורה אליך. למשתמש המצוי זה לא ממש משנה כי *אבל* זה מנרמל שימוש ב- Tor שזה חשוב ביום שתהפך להיות מתנגד משטר סמולן עוכר ישראל בוגד המדינה",א אתה לא יודע שהוא לא שומר לוגים ב אם נקודת היציאה קבועה והתעבורה הגלויה שם גלויה למישהו לא מאוד קשה בדרך כלל לקשור בסבירות גבוהה את התעבורה אליך למשתמש המצוי זה לא ממש משנה כי אבל זה מנרמל שימוש ב שזה חשוב ביום שתהפך להיות מתנגד משטר סמולן עוכר ישראל בוגד המדינה,0
2523,NOT,,,,סרטון של זונה מחופשת לשוטרת מ@IL_police מכה כמו חיה עמלקית יהודי חרדי נראה שהסרטונים האלה לא מרגשים את הדחליל הממונה @AmirOhana אז אני אומר לך דמם על ידך ימח שמך למי שיש את הפרטים של הטינופת *מצווה לפרסם בכל מקום* https://t.co/0kjocClvlJ,סרטון של זונה מחופשת לשוטרת מ מכה כמו חיה עמלקית יהודי חרדי נראה שהסרטונים האלה לא מרגשים את הדחליל הממונה אז אני אומר לך דמם על ידך ימח שמך למי שיש את הפרטים של הטינופת מצווה לפרסם בכל מקום,0
2524,NOT,,,,"ארבעת יושבי הרכב שבו נסע אהוביה סנדק נחקרו היום למעלה משמונה שעות במשטרה. שניים מהם שוחררו כבר בשישי. הם חשודים ביידוי אבנים לעבר רכב פלסטיני, ובגרימת מותו של אהוביה ברשלנות",ארבעת יושבי הרכב שבו נסע אהוביה סנדק נחקרו היום למעלה משמונה שעות במשטרה שניים מהם שוחררו כבר בשישי הם חשודים ביידוי אבנים לעבר רכב פלסטיני ובגרימת מותו של אהוביה ברשלנות,0
2525,NOT,,,,איילה חסון עושה פיגוע לסער. שמו אותו בראיון בלובי של איזשהוא מקום עם רקע נוראי.....איזה היועץ תקשורת שלו???,איילה חסון עושה פיגוע לסער שמו אותו בראיון בלובי של איזשהוא מקום עם רקע נוראיאיזה היועץ תקשורת שלו,0
2526,NOT,,,,@Liem_tpwk א. הם לא נראלי עדיין חברים ב. היא אובססיבית לאיזה פסיכופט אחד שיש עליו סדרת ספרים והוא גם אנטישמי והתחפשה לאשה שהיא אחת מהקורבנות שלו וגם היא אמרה נראלי דברים גזעניים כמה פעמיים,א הם לא נראלי עדיין חברים ב היא אובססיבית לאיזה פסיכופט אחד שיש עליו סדרת ספרים והוא גם אנטישמי והתחפשה לאשה שהיא אחת מהקורבנות שלו וגם היא אמרה נראלי דברים גזעניים כמה פעמיים,0
2527,NOT,,,,"@michael_dvorin פשיזם, תתרגל, אתה לא יריב פוליטי, אתה אויב המשטר, עכשיו דמיין איך יראו החיים שלך אם הם ינצחו בבחירות. רק ליכוד 50",פשיזם תתרגל אתה לא יריב פוליטי אתה אויב המשטר עכשיו דמיין איך יראו החיים שלך אם הם ינצחו בבחירות רק ליכוד,0
2528,NOT,,,,"@arutz20 בושה וחרפה זו מפלגה שפוגעת במדינת ישראל השם כחול לבן לא מתאים לה ,ירוק של חמאס יותר מתאים להם. אין גבול ,משחקים בבריאות הציבור דנץ לל הביתה לא צריך להרוס הכל סגלל שאתה נכשלת",בושה וחרפה זו מפלגה שפוגעת במדינת ישראל השם כחול לבן לא מתאים לה ירוק של חמאס יותר מתאים להם אין גבול משחקים בבריאות הציבור דנץ לל הביתה לא צריך להרוס הכל סגלל שאתה נכשלת,0
2529,NOT,,,,"@Ke1T7G0PhkH5YEZ @yoavr לכן אמרתי: לא חושב שיהיה כאן הסכם כ""כ מהר. כנראה לא בימינו, וגם עם טראמפ אי-אפשר היה לקדם את זה. לגבי י-ם היא כבר מחולקת דה-פקטו והתעמולה של ביבי ש""פרס יחלק את י-ם"" היתה שקרית. יש בה חלק מוסלמי מובהק. י-ם לא מאוחדת, אתה יודע כמוני.",לכן אמרתי לא חושב שיהיה כאן הסכם ככ מהר כנראה לא בימינו וגם עם טראמפ איאפשר היה לקדם את זה לגבי ים היא כבר מחולקת דהפקטו והתעמולה של ביבי שפרס יחלק את ים היתה שקרית יש בה חלק מוסלמי מובהק ים לא מאוחדת אתה יודע כמוני,0
2530,NOT,,,,"""היום הסורים הולכים ללמוד שהיד שמנענעת את העריסה יודעת גם קראטה"" מל גיבסון, הכשרת נהגים רכבת ישראל, סופר יודה סניף וינה גלאט כשר, 1966",היום הסורים הולכים ללמוד שהיד שמנענעת את העריסה יודעת גם קראטה מל גיבסון הכשרת נהגים רכבת ישראל סופר יודה סניף וינה גלאט כשר,0
2531,NOT,,,,"RT @Eli_Yishai: יש לי שאלה: עכשיו כשחובש כיפה רצח ילד קטן, איך נוכל להבדיל בין הטובים לבין הרעים?",יש לי שאלה עכשיו כשחובש כיפה רצח ילד קטן איך נוכל להבדיל בין הטובים לבין הרעים,0
2533,NOT,,,,"@ron_zadok @Onetruth011 @ErelSegal לגיטימי. אבל לא יודע איך אמירה ""השאלה הזאת מגיע כי אתה עם כיפה"" יכולה איכשהו לצטייר יפה יותר... ועוד לקבוע שגלעד הוא מלח הארץ לעומת אליהו שהוא בסה""כ מתנחל מאיתמר - לא יודע, אשמח להודות שאני טועה - אבל לא רואה איך זה יכול להצטייר יפה יותר...",לגיטימי אבל לא יודע איך אמירה השאלה הזאת מגיע כי אתה עם כיפה יכולה איכשהו לצטייר יפה יותר ועוד לקבוע שגלעד הוא מלח הארץ לעומת אליהו שהוא בסהכ מתנחל מאיתמר לא יודע אשמח להודות שאני טועה אבל לא רואה איך זה יכול להצטייר יפה יותר,0
2534,NOT,,,,"@nachi_z9 אני לא מכירה מספיק שמות, אבל חייבים נציג ערבי מוסלמי, נציג דרוזי (לא, לא איוב קרא) ונציג ערבי נוצרי!",אני לא מכירה מספיק שמות אבל חייבים נציג ערבי מוסלמי נציג דרוזי לא לא איוב קרא ונציג ערבי נוצרי,0
2535,hate,Palestine,racism ,פלסטינים,@rtvslo תעמולת שווא סלובנית אנטישמית. השירות הציבורי הסלובני RTV מלא שנאה כלפי ישראל. אוהדי חמאס פלסטינים,תעמולת שווא סלובנית אנטישמית השירות הציבורי הסלובני מלא שנאה כלפי ישראל אוהדי חמאס פלסטינים,1
2536,hate,palestine,racism ,פלסטינים,RT @BayernMako: @rtvslo תעמולת שווא סלובנית אנטישמית. השירות הציבורי הסלובני RTV מלא שנאה כלפי ישראל. אוהדי חמאס פלסטינים,תעמולת שווא סלובנית אנטישמית השירות הציבורי הסלובני מלא שנאה כלפי ישראל אוהדי חמאס פלסטינים,1
2537,violence,hamas,violence,אחסל,@Roadrun86259229 @hagarsi @DaphnaLiel כמןבן זה לא אותו דבר תמיד. אני אחסל את חמאס . אבל זה לא אותו דבר,כמןבן זה לא אותו דבר תמיד אני אחסל את חמאס אבל זה לא אותו דבר,1
2538,NOT,,,,@Omrygo מגניב רצח,מגניב רצח,0
2539,NOT,,,,לחובבי הצ'יזבטים - נסראללה מספר שאסד הסכים לפני המשבר בסוריה להעביר טילי קורנט שקנה מרוסיה לרצועת עזה וזאת בעידוד קאסם סולימאני וחיזבאללה וכו' שהעבירו את הטילים. מחמם אטריות ישנות כדי להראות כמה אסד סייע לפלגים בעזה וכו' #מרגש,לחובבי הציזבטים נסראללה מספר שאסד הסכים לפני המשבר בסוריה להעביר טילי קורנט שקנה מרוסיה לרצועת עזה וזאת בעידוד קאסם סולימאני וחיזבאללה וכו שהעבירו את הטילים מחמם אטריות ישנות כדי להראות כמה אסד סייע לפלגים בעזה וכו,0
2540,NOT,,,,הרשות הפלסטינית סיכלה פיגוע דקירה נגד חיילים https://t.co/pmSyIXhYuK,הרשות הפלסטינית סיכלה פיגוע דקירה נגד חיילים,0
2541,NOT,,,,RT @RotterNet: הרשות הפלסטינית סיכלה פיגוע דקירה נגד חיילים https://t.co/pmSyIXhYuK,הרשות הפלסטינית סיכלה פיגוע דקירה נגד חיילים,0
2542,NOT,,,,"פרסום ראשון: פיגוע הדקירה שסיכלה הרשות הפלסטינית - והפגישה החשאית של ראש השב""כ עם אבו מאזן ברמאללה @galberger #חדשותהערב https://t.co/uUJ0MI9zM9",פרסום ראשון פיגוע הדקירה שסיכלה הרשות הפלסטינית והפגישה החשאית של ראש השבכ עם אבו מאזן ברמאללה,0
2543,NOT,,,,"RT @kann_news: פרסום ראשון: פיגוע הדקירה שסיכלה הרשות הפלסטינית - והפגישה החשאית של ראש השב""כ עם אבו מאזן ברמאללה @galberger #חדשותהערב ht…",פרסום ראשון פיגוע הדקירה שסיכלה הרשות הפלסטינית והפגישה החשאית של ראש השבכ עם אבו מאזן ברמאללה,0
2544,NOT,,,,💬לאור חידוש התיאום הביטחוני עם ישראל לפני כחודש: מנגנוני הביטחון הפלסטיניים עצרו שלשום 2 פלסטיניות משכם בדרכן לבצע פיגוע דקירה באזור חווארה שמדרום לשכם. כעת הן במעצר ברשות הפלסטינית,לאור חידוש התיאום הביטחוני עם ישראל לפני כחודש מנגנוני הביטחון הפלסטיניים עצרו שלשום פלסטיניות משכם בדרכן לבצע פיגוע דקירה באזור חווארה שמדרום לשכם כעת הן במעצר ברשות הפלסטינית,0
2545,NOT,,,,@maayanef איזה פיגוע בנאשוויל 😱,איזה פיגוע בנאשוויל,0
2546,NOT,,,,@MeravMichaeli הקשר בין מרכסיזם אנטישמי פמונאצי לדמוקרטיה אינו קיים,הקשר בין מרכסיזם אנטישמי פמונאצי לדמוקרטיה אינו קיים,0
2547,NOT,,,,@maayanef טירוף. מעניין אם אברי גלעד כבר טען שזה מוסלמי ולא אומרים.,טירוף מעניין אם אברי גלעד כבר טען שזה מוסלמי ולא אומרים,0
2548,hate,arabian leaders,politics,עזה,RT @kaisos1987: לחובבי הצ'יזבטים - נסראללה מספר שאסד הסכים לפני המשבר בסוריה להעביר טילי קורנט שקנה מרוסיה לרצועת עזה וזאת בעידוד קאסם סולי…,לחובבי הציזבטים נסראללה מספר שאסד הסכים לפני המשבר בסוריה להעביר טילי קורנט שקנה מרוסיה לרצועת עזה וזאת בעידוד קאסם סולי,1
2549,NOT,,,,זה סגר כמו שאני ערבי https://t.co/cMIckDNZFH,זה סגר כמו שאני ערבי,0
2550,NOT,,,,"RT @amirbohbot: הפיתוחים החדשים שישמשו את צה""ל נגד ארגוני הטרור: בעוד ארגונים כמו חמאס וחיזבאללה שכללו את יכולותיהם בעזרת מערכות שהגיעו לשו…",הפיתוחים החדשים שישמשו את צהל נגד ארגוני הטרור בעוד ארגונים כמו חמאס וחיזבאללה שכללו את יכולותיהם בעזרת מערכות שהגיעו לשו,0
2551,NOT,,,,@90FINELINE אז לאדעת טוויטר אנטישמי כרגיל,אז לאדעת טוויטר אנטישמי כרגיל,0
2552,NOT,,,,RT @gabigr007: @AShwartzman @kaisos1987 @tommybor @or_shwartzman מעניין אם ביידן יהיה נכלולי ומסוכן כמו אובמה שהינו תומך טרור מס 1 https://…,מעניין אם ביידן יהיה נכלולי ומסוכן כמו אובמה שהינו תומך טרור מס,0
2553,hate,leftist polotician,politics,טרור,"@idanlandau אתה מראה כאן משפחה ערבייה שהותקפה אבל בו זמנית אתה קורא ליוסף חדאד, ערבי ישראל ציוני, שהוא ערבי מחמד.... קצת צבוע , לא חושב ?! פתאום הפרצוף של תומכי הטרור כמוך מתגלה. כל הצבעים האמיתיים שלכם נחשפים! מילה אחת לא ראיתי אותך אומר נגד רצח האם לשישה ילדים לפני כמה ימים!חתיכת טרוריסט!",אתה מראה כאן משפחה ערבייה שהותקפה אבל בו זמנית אתה קורא ליוסף חדאד ערבי ישראל ציוני שהוא ערבי מחמד קצת צבוע לא חושב פתאום הפרצוף של תומכי הטרור כמוך מתגלה כל הצבעים האמיתיים שלכם נחשפים מילה אחת לא ראיתי אותך אומר נגד רצח האם לשישה ילדים לפני כמה ימיםחתיכת טרוריסט,1
2554,NOT,,,,"@ehudweissman @hagarsi @DaphnaLiel נתניהו לא אמר שהוא יחסל את החמאס, הוא אמר שהוא ימוטט את שלטון חמאס. יש הבדל מהותי. אני מבין שציפית כמו רוב העם לדם ואש ותמרות עשן. אבל הוא עובד בצורה יותר אלגנטית, עם סנקציות כלכליות, חנק דיפלומטי, ושלילת הלגיטימיות של חמאס גם בעולם הערבי. זה לוקח יותר זמן, אבל זה יותר אפקטיבי.",נתניהו לא אמר שהוא יחסל את החמאס הוא אמר שהוא ימוטט את שלטון חמאס יש הבדל מהותי אני מבין שציפית כמו רוב העם לדם ואש ותמרות עשן אבל הוא עובד בצורה יותר אלגנטית עם סנקציות כלכליות חנק דיפלומטי ושלילת הלגיטימיות של חמאס גם בעולם הערבי זה לוקח יותר זמן אבל זה יותר אפקטיבי,0
2555,NOT,,,,@yoosiiiiii @iairLevy החדש לא על הצואר. על הראש. למות הוא לא ימות.,החדש לא על הצואר על הראש למות הוא לא ימות,0
2556,NOT,,,,@ItayBlumental @ynetalerts כל עוד זה הדתיים יש להן לגיטימציה . אבל אם זה היה חס וחלילה 0מאלני או ערבי יאאאא ווראדי מה היה הולך פה,כל עוד זה הדתיים יש להן לגיטימציה אבל אם זה היה חס וחלילה מאלני או ערבי יאאאא ווראדי מה היה הולך פה,0
2557,NOT,,,,"@Ayelet__Shaked איילת שקד שהיתה שרת משפטים והגאה בהישיגם להגדיר כאבן הורגת וזריקת אבנים היא טרור,באה לתמוך במשפחות ולהגן על זורקי אבנים כאילו שהקורבאן ערבי זה לא נחשב כטרור יכול להיות שילדים שיחקו באבנים למחקר מדעי.צבועה",איילת שקד שהיתה שרת משפטים והגאה בהישיגם להגדיר כאבן הורגת וזריקת אבנים היא טרורבאה לתמוך במשפחות ולהגן על זורקי אבנים כאילו שהקורבאן ערבי זה לא נחשב כטרור יכול להיות שילדים שיחקו באבנים למחקר מדעיצבועה,0
2558,NOT,,,,"מרק הריסה (פלפלים אדומים חריפים-חמוצים) עם חומוס ופלפלים חריפים, מאלג'יריה, לימי החורף הקרים 🇩🇿😋🥣 https://t.co/BPbp0DLPuJ",מרק הריסה פלפלים אדומים חריפיםחמוצים עם חומוס ופלפלים חריפים מאלגיריה לימי החורף הקרים,0
2559,NOT,,,,@Mayatommo_ אולי פחות כדאי היו עושים לך רצח אופי,אולי פחות כדאי היו עושים לך רצח אופי,0
2561,NOT,,,,"@Bicherit @GalonItay זה בעיקרון נכון. אבל מתנחלים (ואתיופים) נמצאים קרוב קרוב לאי ליסט, כשרחוק מתחת נמצאים ערבים ישראלים (או פלסטינים ואפריקאים בלי אזרחות, אני לא יודע אם הם בכלל ברשימה) אז להזכיר את הנושא בהקשר של יהודי מתנחל שנהרג, זה לא מתאים.",זה בעיקרון נכון אבל מתנחלים ואתיופים נמצאים קרוב קרוב לאי ליסט כשרחוק מתחת נמצאים ערבים ישראלים או פלסטינים ואפריקאים בלי אזרחות אני לא יודע אם הם בכלל ברשימה אז להזכיר את הנושא בהקשר של יהודי מתנחל שנהרג זה לא מתאים,0
2562,NOT,,,,@YinonMagal @patriotim20 @YotYotam @YakiAdamker @urizaki @iditsilman כתוב לכם ״שידור חוזר״ מתחת ללוגו 20 מישהו שמה מחבל לכם. ?! https://t.co/CHT0ixzkVE,כתוב לכם ״שידור חוזר״ מתחת ללוגו מישהו שמה מחבל לכם,0
2563,NOT,,,,RT @carmeldangor: ארבעת יושבי הרכב שבו נסע אהוביה סנדק נחקרו היום למעלה משמונה שעות במשטרה. שניים מהם שוחררו כבר בשישי. הם חשודים ביידוי א…,ארבעת יושבי הרכב שבו נסע אהוביה סנדק נחקרו היום למעלה משמונה שעות במשטרה שניים מהם שוחררו כבר בשישי הם חשודים ביידוי א,0
2564,NOT,,,,@matt_real1 @orsorek @RSBJ_7 @Aviohayon11 ימח שמו איך הביא אותה לחיבור בגמר,ימח שמו איך הביא אותה לחיבור בגמר,0
2565,NOT,,,,"@Ayelet__Shaked לא הבנתי, העברת חוק שקובע שמחבל שזורק אבנים נכנס 20 שנה לכלא,את תומכת ברצח ילדים פלסטינים על ידי צה""ל בגלל שהם זרקו אבן. אז מה פתאום עכשיו את הולכת לביקור תנחומים? שאת מבקשת לראות את הילד ואת האהבה שלו לארץ ישראל? זה נכון גם גם לילדים פלסטינים שאותם חיילי צהל צריכים להמשיך לרצוח?",לא הבנתי העברת חוק שקובע שמחבל שזורק אבנים נכנס שנה לכלאאת תומכת ברצח ילדים פלסטינים על ידי צהל בגלל שהם זרקו אבן אז מה פתאום עכשיו את הולכת לביקור תנחומים שאת מבקשת לראות את הילד ואת האהבה שלו לארץ ישראל זה נכון גם גם לילדים פלסטינים שאותם חיילי צהל צריכים להמשיך לרצוח,0
2566,NOT,ISA,terrorism,פיגיוע,"זה נראה כאילו ראש השב""כ תכנן פיגוע דקירה, ואבו מאזן שכנע אותו לא לעשות את זה. https://t.co/TaeT3QH1QD",זה נראה כאילו ראש השבכ תכנן פיגוע דקירה ואבו מאזן שכנע אותו לא לעשות את זה,0
2567,NOT,announcer,sport,כדורגל,"אלון חרזי בא לי טוב רצח, הוא לא גאון כדורגל ולא תשמע ממנו תובנות טקטיות מעניינות או ניתוחים שנונים אבל הוא רגוע, לא מזיין את המוח, לא מדבר כשלא צריך, לא בוכה ולא חופר, לס איז מור במקרה הזה.",אלון חרזי בא לי טוב רצח הוא לא גאון כדורגל ולא תשמע ממנו תובנות טקטיות מעניינות או ניתוחים שנונים אבל הוא רגוע לא מזיין את המוח לא מדבר כשלא צריך לא בוכה ולא חופר לס איז מור במקרה הזה,0
2568,hate,law system,violence,בגץ,@aviadglickman @rothmar נו לא ברור ! מתי הם מקבלים עתירה מימין !! ימח שמם שונאי יהודים !! משתין על בגץ ועליך !!,נו לא ברור מתי הם מקבלים עתירה מימין ימח שמם שונאי יהודים משתין על בגץ ועליך,1
2569,NOT,,,,"לדעתי סער ואילנה... נכנסו לאותה המיטה.. רק בשביל שוב לשקר ולהנדס את הבוחר. רר לא ביבי. לשקר אין רגליים...עובדה חייבת להחשיך. בעידן זה פוסט אמת ופייק ניוז הם טרור ,ולוחמה ביולוגית לכל דבר . סכנה ברורה ומיידית. https://t.co/qzqdBUThIi",לדעתי סער ואילנה נכנסו לאותה המיטה רק בשביל שוב לשקר ולהנדס את הבוחר רר לא ביבי לשקר אין רגלייםעובדה חייבת להחשיך בעידן זה פוסט אמת ופייק ניוז הם טרור ולוחמה ביולוגית לכל דבר סכנה ברורה ומיידית,0
2570,NOT,,,,"RT @tsahi8: @michael_dvorin פשיזם, תתרגל, אתה לא יריב פוליטי, אתה אויב המשטר, עכשיו דמיין איך יראו החיים שלך אם הם ינצחו בבחירות. רק ליכוד…",פשיזם תתרגל אתה לא יריב פוליטי אתה אויב המשטר עכשיו דמיין איך יראו החיים שלך אם הם ינצחו בבחירות רק ליכוד,0
2571,NOT,,,,"נסראללה נשאל בראיון על היחס שלהם לערביי ישראל (שאלה לא שגרתית חייב לומר): ""אנחנו לא מבקשים מערביי ישראל כלום. הם מעריכים את התנאים ואת המצב. הם אחינו ואנחנו יודעים שהם מצפים ליום שבו פלסטין תחזור להיות מהים והנהר. זה לפחות מה שאנחנו שומעים מהם בתקשורת וברשתות החברתיות""&gt;&gt;",נסראללה נשאל בראיון על היחס שלהם לערביי ישראל שאלה לא שגרתית חייב לומר אנחנו לא מבקשים מערביי ישראל כלום הם מעריכים את התנאים ואת המצב הם אחינו ואנחנו יודעים שהם מצפים ליום שבו פלסטין תחזור להיות מהים והנהר זה לפחות מה שאנחנו שומעים מהם בתקשורת וברשתות החברתיות,0
2572,NOT,,,,"נסראללה ב""ראיון סיכום השנה"" בערוץ ""אל-מיאדין"" הלבנוני: ""יורש העצר הסעודי מוחמד בן סלמאן הציע שארצות הברית תתנקש בחיים שלי, במהלך ביקורו בוושינגטון. האמריקאים הסכימו להצעה הסעודית - כאשר ישראל תבצע את המשימה"". #إسرائيل #محمد_بن_سلمان #السعودية #واشنطن #نصرالله",נסראללה בראיון סיכום השנה בערוץ אלמיאדין הלבנוני יורש העצר הסעודי מוחמד בן סלמאן הציע שארצות הברית תתנקש בחיים שלי במהלך ביקורו בוושינגטון האמריקאים הסכימו להצעה הסעודית כאשר ישראל תבצע את המשימה,0
2573,NOT,,,,"אמרתי שאנחנו מוכנים לשלם את הפיצוי והתגובה הייתה מצוינת. היו אמרו שנפגיז אפילו שזה ייפול על הבתים אבל אל תפסיק. אני מתאר לעצמי שבמלחמה הבאה שהלבבות של ערביי ישראל יהיו עמנו. הם מצפים לכל תקווה, פער והזדמנות שתשנה את מאזן הכוחות לכיוון של שחרור פלסטין",אמרתי שאנחנו מוכנים לשלם את הפיצוי והתגובה הייתה מצוינת היו אמרו שנפגיז אפילו שזה ייפול על הבתים אבל אל תפסיק אני מתאר לעצמי שבמלחמה הבאה שהלבבות של ערביי ישראל יהיו עמנו הם מצפים לכל תקווה פער והזדמנות שתשנה את מאזן הכוחות לכיוון של שחרור פלסטין,0
2574,hate,palestine,freedom,פלסטין,מהנהר עד הפאקינג ים פלסטין תהיה חינם. https://t.co/PaMldIz8yo,מהנהר עד הפאקינג ים פלסטין תהיה חינם,1
2575,NOT,,,,@YinonMagal כולם מפרגנים(אפילו עוכר ישראל כמו גדעון לוי) אתם פשוט מחפשים את השנייה וחצי שמישהו לא פרגן כדי לצייץ את זה. והשיסוי ממשיך...,כולם מפרגניםאפילו עוכר ישראל כמו גדעון לוי אתם פשוט מחפשים את השנייה וחצי שמישהו לא פרגן כדי לצייץ את זה והשיסוי ממשיך,0
2576,NOT,,,,"נסראללה מגלה שנפגש עם מנהיג חמאס, איסמאעיל הניה, כמה פעמים במהלך ביקורו האחרון בביירות ונשמע אופטימי בנוגע להחזרת היחסים בין חמאס לאסד למסלולם, אבל באותה נשימה אומר שזה ייקח זמן",נסראללה מגלה שנפגש עם מנהיג חמאס איסמאעיל הניה כמה פעמים במהלך ביקורו האחרון בביירות ונשמע אופטימי בנוגע להחזרת היחסים בין חמאס לאסד למסלולם אבל באותה נשימה אומר שזה ייקח זמן,0
2577,NOT,,,,"נסראללה במסר לערביי ישראל: ""אני מעריך שבמלחמה עתידית לבבותיהם יהיו איתנו"" מפני, שלדבריו, אלה מצפים ""לכל הזדמנות שתוכל לשנות את המשוואות באזור לטובת שחרור פלסטין"". נסראללה הוסיף: ""לפי מה שאנחנו שומעים מעמדותיהם, הם מצפים ליום שבו תשוב פלסטין להיות מהים עד הנהר"".",נסראללה במסר לערביי ישראל אני מעריך שבמלחמה עתידית לבבותיהם יהיו איתנו מפני שלדבריו אלה מצפים לכל הזדמנות שתוכל לשנות את המשוואות באזור לטובת שחרור פלסטין נסראללה הוסיף לפי מה שאנחנו שומעים מעמדותיהם הם מצפים ליום שבו תשוב פלסטין להיות מהים עד הנהר,0
2578,NOT,,,,@27g0CxjnZRBfJ34 @amit_segal היה כותב? אם ערבי היה מת? היה משווה את האלימות לבלפור?,היה כותב אם ערבי היה מת היה משווה את האלימות לבלפור,0
2579,NOT,,,,"נפתלי בנט הוא חלק בלתי נפרד מהמהחנה הלאומי ציוני. אין לזלזל בו ובמפלגתו ""ימינה"".הלוואי שהיו עוד מפלגות ציוניות איכותיות כמוה במקום הסמרטוטים של יש עתיד ושל אין תקווה לישראל. https://t.co/s17NAgTwTa",נפתלי בנט הוא חלק בלתי נפרד מהמהחנה הלאומי ציוני אין לזלזל בו ובמפלגתו ימינההלוואי שהיו עוד מפלגות ציוניות איכותיות כמוה במקום הסמרטוטים של יש עתיד ושל אין תקווה לישראל,0
2580,NOT,,,,ציוניסט ערבי מאוחד חייב להיות השם החדש. 🇦🇪 🐑 #ZionistanGate,ציוניסט ערבי מאוחד חייב להיות השם החדש,0
2581,NOT,,,,לא הבנתי ילדה ששיחקה רצח באחד החברים הכי טובים שלי העלתה תמונה עם משפט משיר של הארי היא כזאת מעצבנת אותי סעמק מי היא חושבת שהיא שאני אבין,לא הבנתי ילדה ששיחקה רצח באחד החברים הכי טובים שלי העלתה תמונה עם משפט משיר של הארי היא כזאת מעצבנת אותי סעמק מי היא חושבת שהיא שאני אבין,0
2582,NOT,,,,"@YosephHaddad @idanlandau יוסף אתה תותח ! אתה איש של אמת ! לא של שקר לא שחור ולא לבן ולכל אותם אנשים שצובט להם בלב, הבועה שלהם אוטוטו תתפוצץ להם בפרצוף, מחבל לא תישמע מהם, האדמה תבלע אותם! כל הכבוד לך!!!!",יוסף אתה תותח אתה איש של אמת לא של שקר לא שחור ולא לבן ולכל אותם אנשים שצובט להם בלב הבועה שלהם אוטוטו תתפוצץ להם בפרצוף מחבל לא תישמע מהם האדמה תבלע אותם כל הכבוד לך,0
2583,NOT,israelis,violence,פיגועים ,"@avribloch אחד חייל, השני לא. אחד חי ויש סיכוי להחזירו, השני כבר מת. וזה לא קשור להיותו מתנחל. לא זוכרים אותו כמו שלא זוכרים רבים אחרים (חילוניים, דתיים, קיבוצניקים, מושבניקים, עירוניים, גברים, נשים) שנרצחו בפיגועים.",אחד חייל השני לא אחד חי ויש סיכוי להחזירו השני כבר מת וזה לא קשור להיותו מתנחל לא זוכרים אותו כמו שלא זוכרים רבים אחרים חילוניים דתיים קיבוצניקים מושבניקים עירוניים גברים נשים שנרצחו בפיגועים,0
2584,NOT,,,,"RT @OkbiYasser: נסראללה ב""ראיון סיכום השנה"" בערוץ ""אל-מיאדין"" הלבנוני: ""יורש העצר הסעודי מוחמד בן סלמאן הציע שארצות הברית תתנקש בחיים שלי,…",נסראללה בראיון סיכום השנה בערוץ אלמיאדין הלבנוני יורש העצר הסעודי מוחמד בן סלמאן הציע שארצות הברית תתנקש בחיים שלי,0
2585,NOT,,,,"@TomerPersico תומר, שאלה כי פוסט על מפלגת העבודה מעניין כמו השפם של פרץ דאשקד. לדעתך המשטרה מנסה לטייח כרגע רצח של נער גבעות?",תומר שאלה כי פוסט על מפלגת העבודה מעניין כמו השפם של פרץ דאשקד לדעתך המשטרה מנסה לטייח כרגע רצח של נער גבעות,0
2586,NOT,,religion,נצרות,@ish_echad @Altercka תמצאו פתרון יותר יהודי ואמיתי.. גם אם הם מתנהגים כלפי החרדים כנגד אויבים... אנחנו יודעים שהם לא אויבים נגדנו. תהיה יותר יצירתי... מה לך ולנצרות...ימח שמם וזיכרם,תמצאו פתרון יותר יהודי ואמיתי גם אם הם מתנהגים כלפי החרדים כנגד אויבים אנחנו יודעים שהם לא אויבים נגדנו תהיה יותר יצירתי מה לך ולנצרותימח שמם וזיכרם,0
2587,NOT,IDF,politics,טרור,"@Onetruth011 אתה סתם מבלבל במח, עוד מהבכי והנהי הבלתי נגמר מבית המדרש שלכם. גלעד שליט היה חייל שנחטף במילוי תפקידו והוחזק בשבי ע״י ארגון טרור במשך יותר מ-5 שנים. בסוף מי שבחר לשחרר אותו במחיר לא הגיוני הוא הפטרון שלכם, כמובן בשביל לזכות בעוד כמה קולות בבחירות דאז. הוא לא מלח הארץ ולא נעליים.",אתה סתם מבלבל במח עוד מהבכי והנהי הבלתי נגמר מבית המדרש שלכם גלעד שליט היה חייל שנחטף במילוי תפקידו והוחזק בשבי ע״י ארגון טרור במשך יותר מ שנים בסוף מי שבחר לשחרר אותו במחיר לא הגיוני הוא הפטרון שלכם כמובן בשביל לזכות בעוד כמה קולות בבחירות דאז הוא לא מלח הארץ ולא נעליים,0
2588,NOT,Israeli govrnment,politics,עזה,"@ehudweissman @hagarsi @DaphnaLiel 39 מיליון דולר כל חודשיים ,זה פחות מחצי דולר לכל תושב עזה ליום. אף אחד לא מתעשר או מתחזק מזה, זה נותן להם לשמור את הראש מעל המים ולא יותר מזה, ולנו זה נותן את התקופה הכי שקטה בעשרים שנה האחרונות.",מיליון דולר כל חודשיים זה פחות מחצי דולר לכל תושב עזה ליום אף אחד לא מתעשר או מתחזק מזה זה נותן להם לשמור את הראש מעל המים ולא יותר מזה ולנו זה נותן את התקופה הכי שקטה בעשרים שנה האחרונות,0
2589,NOT,Ahmad Tibi,politics,טיבי,@YairGolan1 @NitzanHorowitz שמאל ציוני עם טיבי ביחד,שמאל ציוני עם טיבי ביחד,0
2590,NOT,netanyaho,politics,נתניהו,"@iloveisraell לנתניהו יש אינטרס ""להפעיל"" את גנץ שיישאר במשחק הפוליטי, אפילו כדי לשרוף מנדטים יקרים אם לא יעבור את % החסימה. ואם יעבור את % החסימה, יחבור כמובן לביבי. הכל לכאורה",לנתניהו יש אינטרס להפעיל את גנץ שיישאר במשחק הפוליטי אפילו כדי לשרוף מנדטים יקרים אם לא יעבור את החסימה ואם יעבור את החסימה יחבור כמובן לביבי הכל לכאורה,0
2591,NOT,,,,"💬נסראללה אמר בנאומו כי נפגש עם מנהיג חמאס איסמאעיל הניה מספר פעמים במהלך ביקורו האחרון בביירות ונשמע אופטימי בנוגע להחזרת היחסים בין חמאס לאסד למסלולם, אבל מיד הדגיש שזה ייקח זמן",נסראללה אמר בנאומו כי נפגש עם מנהיג חמאס איסמאעיל הניה מספר פעמים במהלך ביקורו האחרון בביירות ונשמע אופטימי בנוגע להחזרת היחסים בין חמאס לאסד למסלולם אבל מיד הדגיש שזה ייקח זמן,0
2592,hate,leftists,politics,שמאלנים,@AdlerNaama ישר כוח נעמה השמאלנים ארורים ממש בהמות צפיתי מה שעשו אתמול עם הלפידים הם מסוכנים מאוד שמאל שפל בזוי קנאי מרושע אנרכיסט עוכר ישראל ימח שמם נבלות,ישר כוח נעמה השמאלנים ארורים ממש בהמות צפיתי מה שעשו אתמול עם הלפידים הם מסוכנים מאוד שמאל שפל בזוי קנאי מרושע אנרכיסט עוכר ישראל ימח שמם נבלות,1
2593,NOT,,,,@AvigdorLiberman אנטישמי שונא חרדים,אנטישמי שונא חרדים,0
2594,NOT,,,,@avishay_sela @orsorek @ShneyVavim אני לא בטוח מה רשימת השמות הזאת עושה לי איפשהו בין געגוע נוסטלגי לשנאה עזה לשחקנים האלה,אני לא בטוח מה רשימת השמות הזאת עושה לי איפשהו בין געגוע נוסטלגי לשנאה עזה לשחקנים האלה,0
2595,hate,leftist polotician,politics,רשימה משותפת,השמאל בישראל הוא מרצ. על הגדר לצידם יושבים עוכרי ישראל המכונים הרשימה המשותפת. אין שמאל אחר. כל יתר המפלגות הן מרכז או מרכז ימין ציוני. https://t.co/udQIh1NVG8,השמאל בישראל הוא מרצ על הגדר לצידם יושבים עוכרי ישראל המכונים הרשימה המשותפת אין שמאל אחר כל יתר המפלגות הן מרכז או מרכז ימין ציוני,1
2596,Hate,palestine,,כיבוש,"@ZigdonL @YosephHaddad @idanlandau כיבוש מבחירה. כיוון שחמאס לא מתמזג לרשות, אין מדינה פלסטינית.",כיבוש מבחירה כיוון שחמאס לא מתמזג לרשות אין מדינה פלסטינית,1
2597,NOT,,,,@lewinthal אינתיפאדה שנייה ותוצאותיה,אינתיפאדה שנייה ותוצאותיה,0
2598,NOT,right wing,politics,ערבי ,@attilus @hagigat1 @YosephHaddad @saritm0 ימנים מכחישי כיבוש שמנסים לפרק שיתוף פעולה יהודי ערבי למען ביבי זה huge,ימנים מכחישי כיבוש שמנסים לפרק שיתוף פעולה יהודי ערבי למען ביבי זה,0
2599,NOT,not clear,pandemic,נדבק,"@Meravbenari כל המלצה כזו מסכנת חיים. מי שדוחף לשם דוחף לסיכון חיים. מי שימות כי נדבק בפלאפאל, ימות בין השאר בגלל החוסר אחריות הזו",כל המלצה כזו מסכנת חיים מי שדוחף לשם דוחף לסיכון חיים מי שימות כי נדבק בפלאפאל ימות בין השאר בגלל החוסר אחריות הזו,0
2600,Violence,arab community,,רצח,"@KarenLHaber זו התרבות הערבית שצריכה רפורמה. רצח הוא כלי לגיטימי בתרבות הערבית, וכאן בדיוק דרושה הרפורמה. רק הערבים יוכלו לתקן את מה ששייך להם, לא אף אחד אחר.",זו התרבות הערבית שצריכה רפורמה רצח הוא כלי לגיטימי בתרבות הערבית וכאן בדיוק דרושה הרפורמה רק הערבים יוכלו לתקן את מה ששייך להם לא אף אחד אחר,1
2601,NOT,,,,תחושה פנימית אך מעומעמת קלות אומרת לי שאם לא הייתי ז'ידובקה ™️ אז מאה אחוז שהייתי מוסלמית ובעצימות גבוהה לצ'צ'נית כי זה נשמע לי צ'אדי רצח,תחושה פנימית אך מעומעמת קלות אומרת לי שאם לא הייתי זידובקה אז מאה אחוז שהייתי מוסלמית ובעצימות גבוהה לצצנית כי זה נשמע לי צאדי רצח,0
2602,NOT,Israeli journalist,journalsim,תקשורת,"מילא האמירה על מי הילד של כולנו (גלעד שליט) ומי לא (מתנחל שנחטף ונרצח). ניחא. אותי מדהימה חוסר המודעות של ההטייה. סיפורה של התקשורת הישראלית בכמה שניות. למרואיין יש הטייה בגלל הכיפה שעל ראשו, למראיינת הנכבדה אין הטייה. פשוט לא קיימת https://t.co/nuNTWcUdrx",מילא האמירה על מי הילד של כולנו גלעד שליט ומי לא מתנחל שנחטף ונרצח ניחא אותי מדהימה חוסר המודעות של ההטייה סיפורה של התקשורת הישראלית בכמה שניות למרואיין יש הטייה בגלל הכיפה שעל ראשו למראיינת הנכבדה אין הטייה פשוט לא קיימת,0
2603,NOT,jews parents,violence,מחבל,@Ayelet__Shaked שמענו את אביו המשיחי ואני לא יודע מה יש ללמוד מהורים שטיפחו מחבל יהודי,שמענו את אביו המשיחי ואני לא יודע מה יש ללמוד מהורים שטיפחו מחבל יהודי,0
2604,NOT,netanyaho,crime,עבירות,"@guyhaim @netanelgla @ErelSegal גם אם מה שאתה אומר נכון אין נגד זה עבירה פלילית. פוליטיקים באים בטענות לכתבים איפה לשים את הסיפור שלהם שזה אותה עבירה בדיוק רק במצוצמם. נתניהו עשה את זה בגדול. אם נקביל זאת לעבירת רצח זה כאילו 2 אנשים רצחו, האחד נתן לקורבן כדור בראש והשני נתן 8 כדורים בגוף האם זו לא אותה עבירה",גם אם מה שאתה אומר נכון אין נגד זה עבירה פלילית פוליטיקים באים בטענות לכתבים איפה לשים את הסיפור שלהם שזה אותה עבירה בדיוק רק במצוצמם נתניהו עשה את זה בגדול אם נקביל זאת לעבירת רצח זה כאילו אנשים רצחו האחד נתן לקורבן כדור בראש והשני נתן כדורים בגוף האם זו לא אותה עבירה,0
2605,NOT,,,,"@Zchokamoral @Democrat_TV @chaimlevinson @freyisrael1 עזוב, פריי אנטישמי",עזוב פריי אנטישמי,0
2606,NOT,leftists,politics,ערבי ,@Kookoolon הנקודה היא אחרת. למה אם הגנב היה לא ממוצא ערבי שמאלנים לא היו מגינים עליו?,הנקודה היא אחרת למה אם הגנב היה לא ממוצא ערבי שמאלנים לא היו מגינים עליו,0
2607,NOT,politicians,occupation,אינתיפאדה,"@Ahmad_tibi נורא ואיום שמאלצים אתכם להגיע לערים יהודיות! עכשיו בוא, לו חבר כנסת יהודי היה אומר שמאלצים אותו להגיע לערים ערביות - כמה זמן היה לוקח לך לארגן אינתיפאדה שלישית? אה, וגם יהודים נוסעים רחוק. למשל חברים שנאלצו להתחסן באום אל פאחם. שקוף שאתה מת לכותרת ממורמרת.",נורא ואיום שמאלצים אתכם להגיע לערים יהודיות עכשיו בוא לו חבר כנסת יהודי היה אומר שמאלצים אותו להגיע לערים ערביות כמה זמן היה לוקח לך לארגן אינתיפאדה שלישית אה וגם יהודים נוסעים רחוק למשל חברים שנאלצו להתחסן באום אל פאחם שקוף שאתה מת לכותרת ממורמרת,0
2608,NOT,,,,@saragusti @gidonsaar @sbyifat @netanyahu @naftalibennett @Ayelet__Shaked @gantzbe תקווה חדשה: ימין לאומני קיצוני לא ביביסטי עם גוון דתי ליכוד: שם אירוני למפלגת שנאה ביביסטית מלוכנית ימינה: ימין דתי קיצוני עם ריח חזק של פשיזם. כחול לבן: לא באמת קיימת.,תקווה חדשה ימין לאומני קיצוני לא ביביסטי עם גוון דתי ליכוד שם אירוני למפלגת שנאה ביביסטית מלוכנית ימינה ימין דתי קיצוני עם ריח חזק של פשיזם כחול לבן לא באמת קיימת,0
2609,Hate,arab community,,רצח הוא לגיטימי,"@KarenLHaber עדיין לא הפנמת... הם התנגדו לתחנות משטרה, הם לעולם לא ימסרו מידע, אלה הם חלק מדפוסי ההתנהגות של חברה בה רצח הוא לגיטימי ומעוגן בתרבות. המשטרה במקרה הרע (אין כאן טוב) תוכל לטפל בסימפטומים (ובתנאי שישנו שיתוף פעולה מינימלי שכרגע לא קיים), אך לעולם לא תוכל לפתור את הבעיות !",עדיין לא הפנמת הם התנגדו לתחנות משטרה הם לעולם לא ימסרו מידע אלה הם חלק מדפוסי ההתנהגות של חברה בה רצח הוא לגיטימי ומעוגן בתרבות המשטרה במקרה הרע אין כאן טוב תוכל לטפל בסימפטומים ובתנאי שישנו שיתוף פעולה מינימלי שכרגע לא קיים אך לעולם לא תוכל לפתור את הבעיות,1
2610,NOT,,,,@Levi10GI אני אישית הגבתי לפני שידעתי שהוא ערבי,אני אישית הגבתי לפני שידעתי שהוא ערבי,0
2611,NOT,,,,"@yairlapid לא שמעתי שום מילה ממך על רצח הנער אהוביה סנדק ז""ל ע""י כוחות המשטרה.",לא שמעתי שום מילה ממך על רצח הנער אהוביה סנדק זל עי כוחות המשטרה,0
2612,NOT,,,,@kaisos1987 ואללה מביך אבל כל ערבי ישראלי ששאלתי אותו אם הוא מעוניין בדרכון פלסטיני (אפילו לא לגור שם) קרא לי משוגע,ואללה מביך אבל כל ערבי ישראלי ששאלתי אותו אם הוא מעוניין בדרכון פלסטיני אפילו לא לגור שם קרא לי משוגע,0
2613,NOT,,,,"@herutcohen אבל לא כ""כ מבין מה ההשוואה תורמת. שליט היה: א. חי. ב. בשבי ממושך. אשרי נמצא מת תוך יום או יומיים, רצח נורא אבל אף פעם לא הציב אותנו מול איזושהי הכרעה מדינית או מוסרית.",אבל לא ככ מבין מה ההשוואה תורמת שליט היה א חי ב בשבי ממושך אשרי נמצא מת תוך יום או יומיים רצח נורא אבל אף פעם לא הציב אותנו מול איזושהי הכרעה מדינית או מוסרית,0
2614,NOT,,,,"@mosheifargan @YairNetanyahu ואללה?? אני חשבתי שזה שראש הממשלה נאשם בכך שלקח שוחד, זה פיגוע נגד הדמוקרטיה. אבל אני, מה אני מבין??",ואללה אני חשבתי שזה שראש הממשלה נאשם בכך שלקח שוחד זה פיגוע נגד הדמוקרטיה אבל אני מה אני מבין,0
2615,NOT,,,,"@TheRighTr0LL @JoshBreiner @kahane_zadak כמובן, צריך לחקור את המקרה לעומק אבל על ההורים מוטלת אחריות, ילד בן 16 לא אמור לברוח משוטרים ו/או לזרוק אבנים לכאורה. המתנחלים מאפשרים לילדים שלהם לעשות טרור מה לעשות שלפעמים יש לזה מחיר",כמובן צריך לחקור את המקרה לעומק אבל על ההורים מוטלת אחריות ילד בן לא אמור לברוח משוטרים ואו לזרוק אבנים לכאורה המתנחלים מאפשרים לילדים שלהם לעשות טרור מה לעשות שלפעמים יש לזה מחיר,0
2616,NOT,,,,"@EyHDBr3tvEP2ecn זה בחסות מנדלבליט שי ניצן בג""ץ יועמשית של המשטרה ימח שמה בעלה מארגני ההפגנות נגד נתניהו לכאורה גיסה עו""ד שעובד עיריית ירושלים זה שמפרסם שיבואו להפגנות פותח להם חניונים חלקם במחיר מוזל גועל נפש",זה בחסות מנדלבליט שי ניצן בגץ יועמשית של המשטרה ימח שמה בעלה מארגני ההפגנות נגד נתניהו לכאורה גיסה עוד שעובד עיריית ירושלים זה שמפרסם שיבואו להפגנות פותח להם חניונים חלקם במחיר מוזל גועל נפש,0
2617,NOT,,,,"@YarinNeufeld לא עשינו לא כלום זה מה שמחרפן אותי, סתם הוא אנטישמי סתם.",לא עשינו לא כלום זה מה שמחרפן אותי סתם הוא אנטישמי סתם,0
2618,NOT,,,,"@TPrincess_azula יש מצב שהציוץ הזה משלים את הציוץ שהגבתי לו... בהצלחה עם העולם השטוח. אני הייתי אני ואת כנראה תישארי מי שאת. אגב, תזכירי לי, מי רצח את קנדי? (רטורית כמובן. לא מצפה לנאום קונספירטיבי. שבעתי לשנות דור. היי שלום)",יש מצב שהציוץ הזה משלים את הציוץ שהגבתי לו בהצלחה עם העולם השטוח אני הייתי אני ואת כנראה תישארי מי שאת אגב תזכירי לי מי רצח את קנדי רטורית כמובן לא מצפה לנאום קונספירטיבי שבעתי לשנות דור היי שלום,0
2619,NOT,,,,"וגם - אם אני קונה תותים כשרים מירקן ערבי, זה כשר או לא?",וגם אם אני קונה תותים כשרים מירקן ערבי זה כשר או לא,0
2620,NOT,,,,"@Likud_Party עבאס קארים, מתי האיש שמנצח את חמאס מאז 2009 מעביר דמי השבחת מנהרות ודיוק הטילים לשותפיו הטבעיים בעזה?",עבאס קארים מתי האיש שמנצח את חמאס מאז מעביר דמי השבחת מנהרות ודיוק הטילים לשותפיו הטבעיים בעזה,0
2621,NOT,,,,"@Levi10GI איזה דיון? טענת שהגנתי עליו כי הוא ערבי. הוסבר שזה לא המצב. החוק קבע מבחנים מאוד ברורים מתי אדם משוחרר ממעצר ומתי הוא מוחזק עד תום ההליכים. בהיותך לא גזען, אני משוכנעת שלא תטען שאדם שעומד בכל המבחנים הללו צריך להיות מוחזק רק כי מתברר שהוא ערבי. אז יש לך איזו טענה מהותית בנושא?",איזה דיון טענת שהגנתי עליו כי הוא ערבי הוסבר שזה לא המצב החוק קבע מבחנים מאוד ברורים מתי אדם משוחרר ממעצר ומתי הוא מוחזק עד תום ההליכים בהיותך לא גזען אני משוכנעת שלא תטען שאדם שעומד בכל המבחנים הללו צריך להיות מוחזק רק כי מתברר שהוא ערבי אז יש לך איזו טענה מהותית בנושא,0
2622,NOT,,,,"@ariel_schnabel אתה בחור עם סקרנות אינטלקטאולית. המלצת קריאה: 'האדם המשחק' של יוהן הויזינחה. ברור לי שאחרי שתקרא את הספר תבין מדוע (גם) זהות קולקטיבית, היא בסה""כ משחק. אגב, גיור מוכיח זאת: ברוך הבא מר ערפאת, רק אתמול עוד היית מוסלמי, וכעת חובר לך בהצלחה דיסק-און-קי של הזכרון הקולקטיבי היהודי.",אתה בחור עם סקרנות אינטלקטאולית המלצת קריאה האדם המשחק של יוהן הויזינחה ברור לי שאחרי שתקרא את הספר תבין מדוע גם זהות קולקטיבית היא בסהכ משחק אגב גיור מוכיח זאת ברוך הבא מר ערפאת רק אתמול עוד היית מוסלמי וכעת חובר לך בהצלחה דיסקאוןקי של הזכרון הקולקטיבי היהודי,0
2623,NOT,,,,אני בעד לחסן את אסירי חמאס בספוטניק של פוטין,אני בעד לחסן את אסירי חמאס בספוטניק של פוטין,0
2624,NOT,,,,אל גזירה ערוץ ציוני ואוהב ישראל לעומת ערוץ 12 @N12News https://t.co/D3jcxNgawD,אל גזירה ערוץ ציוני ואוהב ישראל לעומת ערוץ,0
2625,NOT,,,,@GiladCohenJR @ynetalerts זה כמו שאגרוף מצא פרצוף משוטט. לא מאמינים למשטרה. הכל מההתחלה נראה כמו רצח וטיוח של הנער רק בגלל שהוא דתי. דם המתנחלים אינו הפקר.,זה כמו שאגרוף מצא פרצוף משוטט לא מאמינים למשטרה הכל מההתחלה נראה כמו רצח וטיוח של הנער רק בגלל שהוא דתי דם המתנחלים אינו הפקר,0
2626,NOT,,,,"@sheffipaz @stuviii @VeredLee1 @YTB2018 רגע, אז את מסכימה שאתם חיסלתם מתווה הרחקה? נו, ואיך זה עבד לכם?... אני שומעת שגם המיליונים שנתניהו הבטיח, איכשהו פחות הגיעו. ואגב, אם כל כך דחוף לך להרחיק רווקים ולהשאיר משפחות, למה את מתעקשת בעקביות לאיים, להפחיד ולהטיל טרור דווקא על ילדים???",רגע אז את מסכימה שאתם חיסלתם מתווה הרחקה נו ואיך זה עבד לכם אני שומעת שגם המיליונים שנתניהו הבטיח איכשהו פחות הגיעו ואגב אם כל כך דחוף לך להרחיק רווקים ולהשאיר משפחות למה את מתעקשת בעקביות לאיים להפחיד ולהטיל טרור דווקא על ילדים,0
2627,NOT,,,,"@BenCaspit עכשיו הוא עוד רוצה לשרוף קולות ולא לעבור את אחוז החסימה... האיש שהלך כנגד כמעט כל מצביעיו, כולל אותי, עוד חושב לרוץ, איזה חוסר מודעות",עכשיו הוא עוד רוצה לשרוף קולות ולא לעבור את אחוז החסימה האיש שהלך כנגד כמעט כל מצביעיו כולל אותי עוד חושב לרוץ איזה חוסר מודעות,0
2628,hate,Arab,offensive,ערבי ,"@Tzoharkashrut שווה לבדוק אם אין תולעים וגם אם לא נשאר שם איזה ערבי חו""ח",שווה לבדוק אם אין תולעים וגם אם לא נשאר שם איזה ערבי חוח,1
2629,hate,arab community,politics,חוק הלאום,"RT @YaelFreidson: הפגנת הביביסטים מחוץ לבג""ץ חוק הלאום. רגע אחד מקללים את ראש מועצת סאג'ור ג'אבר חמוד 'יא מניאק מוחמד מזיין אותך בתחת' http…",הפגנת הביביסטים מחוץ לבגץ חוק הלאום רגע אחד מקללים את ראש מועצת סאגור גאבר חמוד יא מניאק מוחמד מזיין אותך בתחת,1
2630,hate,Ehud Barak,terrorism,ברק,@AviBenayahu אהוד ברק שברח כמו כלבלב מלבנון ימח שמו שמממן את הדגלים השחורים שהיה לו לכל אותם אנשים שמניפים דגל שחור יהיה להם שחור כל החיים בבתים שלהם רק שחור ושחור אמן סלה 🤮🤮🤮,אהוד ברק שברח כמו כלבלב מלבנון ימח שמו שמממן את הדגלים השחורים שהיה לו לכל אותם אנשים שמניפים דגל שחור יהיה להם שחור כל החיים בבתים שלהם רק שחור ושחור אמן סלה,1
2631,Hate,UNT,,מחבל,@NirGodin @ErelSegal אני לא תומך במה שאלאור עשה. אבל להתבייש?! שהרג מחבל שניסה לרצוח אותו ואת חבריו? ועוד להתנצל בפני הנבלה הסרוחה אבו מאזן? בושה,אני לא תומך במה שאלאור עשה אבל להתבייש שהרג מחבל שניסה לרצוח אותו ואת חבריו ועוד להתנצל בפני הנבלה הסרוחה אבו מאזן בושה,1
2632,NOT,,,,RT @iki_cohen: אל גזירה ערוץ ציוני ואוהב ישראל לעומת ערוץ 12 @N12News,אל גזירה ערוץ ציוני ואוהב ישראל לעומת ערוץ,0
2633,NOT,,,,"@avihay_halak גם זה לא סתם אנטישמי, זה אנטישמי עם פוזה, אלה הכי גרועים.",גם זה לא סתם אנטישמי זה אנטישמי עם פוזה אלה הכי גרועים,0
2634,NOT,,,,@DiscussingEcon1 @OferShelah לא מתעייפים..וואלה אם הייתי ערבי או חרדי הייתי ממש שוקל להצביע לו.הוא פשוט יזרוק עליהם כסף,לא מתעייפיםוואלה אם הייתי ערבי או חרדי הייתי ממש שוקל להצביע לוהוא פשוט יזרוק עליהם כסף,0
2635,NOT,,,,"נטפליקס. אותי זה מרדים תוך רבע שעה. זה עובר פרקים בלי שתלחץ, אז בבוקר, זה תמיד מסתבר, לעיני האוהבות, שצפיתי בהכל. על בסיס זה, יש לי המלצה לעוד כדור שינה למחרת. אני נרדם עם תוכניות על רוצחים סדרתיים- בעיקר. רוצח כל הלילה, מסתבר, לעוד בוקר מאושר, זה כל הנט של פליקס.",נטפליקס אותי זה מרדים תוך רבע שעה זה עובר פרקים בלי שתלחץ אז בבוקר זה תמיד מסתבר לעיני האוהבות שצפיתי בהכל על בסיס זה יש לי המלצה לעוד כדור שינה למחרת אני נרדם עם תוכניות על רוצחים סדרתיים בעיקר רוצח כל הלילה מסתבר לעוד בוקר מאושר זה כל הנט של פליקס,0
2636,NOT,,,,@attilus @familyguy נראה לי כל הסצנות ששמו שם זה הפרות מצד חמאס,נראה לי כל הסצנות ששמו שם זה הפרות מצד חמאס,0
2637,NOT,,,,"אם בנימין נתניהו אכן יצליח לגרום לנו להיות המדינה הראשונה שיוצרת מהקורונה, ועדיין יפגינו נגדו עם שלטים של לך: מי שיעשה כן אשכרה לא ציוני ולא אכפת לו מהמדינה",אם בנימין נתניהו אכן יצליח לגרום לנו להיות המדינה הראשונה שיוצרת מהקורונה ועדיין יפגינו נגדו עם שלטים של לך מי שיעשה כן אשכרה לא ציוני ולא אכפת לו מהמדינה,0
2638,NOT,,,,"RT @galberger: פרסום ראשון: הרש""פ סיכלה פיגוע דקירה נגד חיילים. מקורות פלסטינים מסרו ל-@kann_news כי מנגנוני הרשות עצרו שלשום 2 פלסטיניות מ…",פרסום ראשון הרשפ סיכלה פיגוע דקירה נגד חיילים מקורות פלסטינים מסרו ל כי מנגנוני הרשות עצרו שלשום פלסטיניות מ,0
2639,hate,Arab,anti semitism,ערבים,@idanlandau ערבים זרקו אבנים על המפגינים ודרסו אותם למה אתה לא מדבר על זה. חתיכת אוטו אנטישמי בזוי תלמד היסטוריה של העם שלך,ערבים זרקו אבנים על המפגינים ודרסו אותם למה אתה לא מדבר על זה חתיכת אוטו אנטישמי בזוי תלמד היסטוריה של העם שלך,1
2640,hate,Arab,anti semitism,ערבים,@AronRabino1 ערבים זרקו אבנים על המפגינים ודרסו אותם למה אתה לא מדבר על זה. חתיכת אוטו אנטישמי בזוי תלמד היסטוריה של העם שלך,ערבים זרקו אבנים על המפגינים ודרסו אותם למה אתה לא מדבר על זה חתיכת אוטו אנטישמי בזוי תלמד היסטוריה של העם שלך,1
2641,NOT,,,,@JonZacharin מי שעושה את הוא כבר לא ציוני ולא איכפת לו מהמדינה,מי שעושה את הוא כבר לא ציוני ולא איכפת לו מהמדינה,0
2642,NOT,,,,@dklaround13 @ElizaStanlen זה אייקוני בטירוףףףףףף אבל גם פרובלמטי רצח אני מזהירה מראש,זה אייקוני בטירוףףףףףף אבל גם פרובלמטי רצח אני מזהירה מראש,0
2643,NOT,,,,"@YKanot @amit_segal ישראלי,חלאה, אנטי ציוני",ישראליחלאה אנטי ציוני,0
2644,NOT,,,,@assafma @elilling @AronRabino1 זה נכון. הרכב ניסה לדרוס יהודים וגם המפגינים היהודים קיבלו מערבים אבנים. אם את בעד שלום לפחות תהי אובייקטיבי ולא אוטו אנטישמי חסר זהות יהודית.,זה נכון הרכב ניסה לדרוס יהודים וגם המפגינים היהודים קיבלו מערבים אבנים אם את בעד שלום לפחות תהי אובייקטיבי ולא אוטו אנטישמי חסר זהות יהודית,0
2645,NOT,,,,@nitayp וואו איזה דיבור אורגני או ערבי,וואו איזה דיבור אורגני או ערבי,0
2646,NOT,,,,@swiftnbnc ארן חתיך רצח,ארן חתיך רצח,0
2647,NOT,,,,"@LevineHagai הממשלה לא מעוניינת לעבוד עם הציבור. יש נאשם בשוחד שלא מעוניין לעבוד עם אף אחד, אלא לעסוק במעשי נוכלות. לצורך זה נעל את הפרוטוקלים וזרק את המפתח לים. לידו יש איזה עציץ שהתברבר בניווט בגלל יצר מיני שאינו בר כיבוש, והשניים האלה מובילים את מדינת ישראל לתהום.",הממשלה לא מעוניינת לעבוד עם הציבור יש נאשם בשוחד שלא מעוניין לעבוד עם אף אחד אלא לעסוק במעשי נוכלות לצורך זה נעל את הפרוטוקלים וזרק את המפתח לים לידו יש איזה עציץ שהתברבר בניווט בגלל יצר מיני שאינו בר כיבוש והשניים האלה מובילים את מדינת ישראל לתהום,0
2648,Hate,UNT,,גידול ערבי הוא נגוע,@nitayp אהבתי שגידול ערבי הוא נגוע.,אהבתי שגידול ערבי הוא נגוע,1
2649,hate,Arab,occupation,ערבים,@HShvili @AronRabino1 ערבים זרקו אבנים על המפגינים ודרסו אותם למה אתה לא מדבר על זה. חתיכת אוטו אנטישמי בזוי תלמד היסטוריה של העם שלך,ערבים זרקו אבנים על המפגינים ודרסו אותם למה אתה לא מדבר על זה חתיכת אוטו אנטישמי בזוי תלמד היסטוריה של העם שלך,1
2650,NOT,,,,"@HaleviAmit @AmirOhana מר הלוי, מה אתה יכול לעשות כדי למנוע הריסת עיינות ענר? החלטה מנותקת והזויה",מר הלוי מה אתה יכול לעשות כדי למנוע הריסת עיינות ענר החלטה מנותקת והזויה,0
2651,NOT,,,,@Yoglas74 @akivanovick שופר בן מחבל לכוד בין שופרותו למחבלותו,שופר בן מחבל לכוד בין שופרותו למחבלותו,0
2652,NOT,,,,"@tuvipollack אם רון חולדאי, עופר שלח, ציפי לבני, מירב מיכאלי, עומר בר לב, יאיר גולן כדאי שיחברו יחד. והייתי מציעה שגם יצטרפו אנשי עשייה עם הוכחות מהסקטור הערבי אליהם שיקימו מפלגה משותפת יהודית ערבי הגיע הזמן לשותפות.",אם רון חולדאי עופר שלח ציפי לבני מירב מיכאלי עומר בר לב יאיר גולן כדאי שיחברו יחד והייתי מציעה שגם יצטרפו אנשי עשייה עם הוכחות מהסקטור הערבי אליהם שיקימו מפלגה משותפת יהודית ערבי הגיע הזמן לשותפות,0
2653,NOT,,,,@inbal_bh אני יודעתת חדחדללד פרובלמטי רצח אבל אמא גאוני פשוט,אני יודעתת חדחדללד פרובלמטי רצח אבל אמא גאוני פשוט,0
2654,NOT,,,,"RT @JonZacharin: אם בנימין נתניהו אכן יצליח לגרום לנו להיות המדינה הראשונה שיוצרת מהקורונה, ועדיין יפגינו נגדו עם שלטים של לך: מי שיעשה כן…",אם בנימין נתניהו אכן יצליח לגרום לנו להיות המדינה הראשונה שיוצרת מהקורונה ועדיין יפגינו נגדו עם שלטים של לך מי שיעשה כן,0
2655,Hate,UNT,,זרקו אבנים,@Liorfink @AronRabino1 ערבים זרקו אבנים על המפגינים ודרסו אותם למה אתה לא מדבר על זה. חתיכת אוטו אנטישמי בזוי תלמד היסטוריה של העם שלך,ערבים זרקו אבנים על המפגינים ודרסו אותם למה אתה לא מדבר על זה חתיכת אוטו אנטישמי בזוי תלמד היסטוריה של העם שלך,1
2656,NOT,,,,"RT @kaisos1987: נסראללה מגלה שנפגש עם מנהיג חמאס, איסמאעיל הניה, כמה פעמים במהלך ביקורו האחרון בביירות ונשמע אופטימי בנוגע להחזרת היחסים בי…",נסראללה מגלה שנפגש עם מנהיג חמאס איסמאעיל הניה כמה פעמים במהלך ביקורו האחרון בביירות ונשמע אופטימי בנוגע להחזרת היחסים בי,0
2657,hate,freedom fighter,occupation,ערבי,"@adibergman2 זה כמו לומר ״יהודון״. זה לא באמת בנאדם שזכאי לחיים. זה כולה נער גבעות. סוג של מכרסם. או חיית שדה כזאת. מה זה ביחס ללוחם החירות הערבי האציל הנאבק על זכותו הצודקת להמשיך לרצוח יהודים, שמישהו ליטף אותו חזק מדי??",זה כמו לומר ״יהודון״ זה לא באמת בנאדם שזכאי לחיים זה כולה נער גבעות סוג של מכרסם או חיית שדה כזאת מה זה ביחס ללוחם החירות הערבי האציל הנאבק על זכותו הצודקת להמשיך לרצוח יהודים שמישהו ליטף אותו חזק מדי,1
2658,NOT,,,,@MRZedan15 @AronRabino1 ערבים זרקו אבנים על המפגינים ודרסו אותם למה אתה לא מדבר על זה. חתיכת אוטו אנטישמי בזוי תלמד היסטוריה של העם שלך,ערבים זרקו אבנים על המפגינים ודרסו אותם למה אתה לא מדבר על זה חתיכת אוטו אנטישמי בזוי תלמד היסטוריה של העם שלך,0
2659,Violence,UNT,,טובחים,@idanlandau יופי מגיע להם חבל שלא עשו בהם לינץ נקמה ככה על כל הרציחות שלכם שאתם טובחים בנו ימח שמם,יופי מגיע להם חבל שלא עשו בהם לינץ נקמה ככה על כל הרציחות שלכם שאתם טובחים בנו ימח שמם,1
2660,NOT,,,,@DNisanovich @Tamira142 @avirambados7 @N12News להזכירך למה קמה שס? בדיוק בגלל זה. מה זה להתערב להם? גזענות זה אסור בחוק. גם לא להתערב להם בענייני רצח או אונס? מה זה? מדינה בתוך מדינה?,להזכירך למה קמה שס בדיוק בגלל זה מה זה להתערב להם גזענות זה אסור בחוק גם לא להתערב להם בענייני רצח או אונס מה זה מדינה בתוך מדינה,0
2661,NOT,,,,@Yotam__ @amitbenb @90FINELINE תוציאו את לי מהשיחה אתם עושים לה טרור בהתראות,תוציאו את לי מהשיחה אתם עושים לה טרור בהתראות,0
2662,NOT,,,,@kimrotman1 @amitbenb @90FINELINE טרור,טרור,0
2663,NOT,,,,"@arutz20 @Riklin10 @YosephHaddad @shachnick @FlkiVilgerarso1 שאני אומר ערבי ישראלי בתוך הליכוד, על זה אני מדבר. חייב לשריין אותו, זה יביא סחף לליכוד מכיוון שאף אחד לא חשב עליו",שאני אומר ערבי ישראלי בתוך הליכוד על זה אני מדבר חייב לשריין אותו זה יביא סחף לליכוד מכיוון שאף אחד לא חשב עליו,0
2664,NOT,,,,@tai_tai_2 לסבה רצח אני יודעת אבל קשה לי להשלים עם זה,לסבה רצח אני יודעת אבל קשה לי להשלים עם זה,0
2665,Hate,,Racisim,המוסלמים שם לא מעניינים,"הסכם אוסלו הוא כוזריה החדשה. המוסלמים שם לא מעניינים אף אחד, ובטח שאסור להכניס לשם ישראלים, פלסטין היא כוזריה החדשה, שתי מדינות לשני עמים שבירתם (ביחד) ירושלים. נוכלים. https://t.co/twoEodB9SH",הסכם אוסלו הוא כוזריה החדשה המוסלמים שם לא מעניינים אף אחד ובטח שאסור להכניס לשם ישראלים פלסטין היא כוזריה החדשה שתי מדינות לשני עמים שבירתם ביחד ירושלים נוכלים,1
2666,NOT,,,,"@jonklinger חחחח, אולי יש איזה ימני על ג'בלאה, שלא אוכל *חסה ערבית* בגלל גזענות? ומה לגבי בורקס טורקי? אה, רגע, המון פעמים אני מכין לשבת *סלט ערבי*, זה גזעני? תות ערבי = תות שגודל בתנאי שטח (לא בחממה) וטעמו חזק יותר",חחחח אולי יש איזה ימני על גבלאה שלא אוכל חסה ערבית בגלל גזענות ומה לגבי בורקס טורקי אה רגע המון פעמים אני מכין לשבת סלט ערבי זה גזעני תות ערבי תות שגודל בתנאי שטח לא בחממה וטעמו חזק יותר,0
2667,NOT,,,,@2jNInBqLHfHJAzN הוא ימות באולפן,הוא ימות באולפן,0
2668,NOT,,,,"הנער סנדק ז""ל הוא חרדי, מתנחל, עם פיאות, וכיפה גדולה. זהו. זה כל הסיפור",הנער סנדק זל הוא חרדי מתנחל עם פיאות וכיפה גדולה זהו זה כל הסיפור,0
2669,hate,Arab,occupation,ערבי,@idanlandau @saritm0 @attilus אני רק שאלה....ומה מבחינתך ערבי ראוי להערכה אחד שרוצח אותנו ושולל את קיומה של מדינת ישראל🤔...,אני רק שאלהומה מבחינתך ערבי ראוי להערכה אחד שרוצח אותנו ושולל את קיומה של מדינת ישראל,1
2670,NOT,,,יהודים,@MRZedan15 @AronRabino1 תדבר על בני עמך שזרקו אבנים על יהודים וניסו לדרוס אותם😉🤣 אם אתה כל כך בעד שלום תהיה אובייקטיבי לא? אתה סתם אנטישמי בזוי לא שווה תגובה בקיצור,תדבר על בני עמך שזרקו אבנים על יהודים וניסו לדרוס אותם אם אתה כל כך בעד שלום תהיה אובייקטיבי לא אתה סתם אנטישמי בזוי לא שווה תגובה בקיצור,0
2671,NOT,,,,"@s_dermer לי המילים ""גידול נגוע"" ו""ערבי"" אחת ליד השניה קצת מזכיר גזענות. מצטער.",לי המילים גידול נגוע וערבי אחת ליד השניה קצת מזכיר גזענות מצטער,0
2672,NOT,,,,"ארה״ב הסירה את סודאן מרשימת המדינות תומכות טרור בתמורה להסכם עם ישראל. זה אומר שמעתה והלאה סודאן תהא חסינה מפני תביעות של קורבנות טרור. ההסכם עם סודאן מבורך, אך אינו יכול לעבור ללא דרישה חד משמעית להבעת חרטה על פשעי העבר. כי גם בהסכמי שלום אסור לשכוח את קורבנות הטרור הישראליים.",ארה״ב הסירה את סודאן מרשימת המדינות תומכות טרור בתמורה להסכם עם ישראל זה אומר שמעתה והלאה סודאן תהא חסינה מפני תביעות של קורבנות טרור ההסכם עם סודאן מבורך אך אינו יכול לעבור ללא דרישה חד משמעית להבעת חרטה על פשעי העבר כי גם בהסכמי שלום אסור לשכוח את קורבנות הטרור הישראליים,0
2673,NOT,,,,@inmyhead_il אם היא תרצה לרצוח אותי במספריים שלה אני אתן לה בשמחה,אם היא תרצה לרצוח אותי במספריים שלה אני אתן לה בשמחה,0
2674,NOT,,,,@Nadav_Eyal אין מה לעשות כחולבן והמורדים תקעו מקלות בגלגלים. האינטרס המצמרר שלהם ברור. אני רק תוהה איך גדל פה דור אנטי ציוני כזה. שפע הוא תוצר מערכת החינוך של לפני כעשור חיימוביץ שנות ה- 60-70 גם זמיר-80. איפה טעינו ?,אין מה לעשות כחולבן והמורדים תקעו מקלות בגלגלים האינטרס המצמרר שלהם ברור אני רק תוהה איך גדל פה דור אנטי ציוני כזה שפע הוא תוצר מערכת החינוך של לפני כעשור חיימוביץ שנות ה גם זמיר איפה טעינו,0
2675,NOT,,,,"מבאס לגלות שלמארין לה פן יש אחיינית, והיא שווה רצח https://t.co/3ISdfRP3Nc",מבאס לגלות שלמארין לה פן יש אחיינית והיא שווה רצח,0
2676,hate,palestine,occupation,פלסטין,@ICARUSWALLS1 @ElizaStanlen אבל אבל אבל זה לא דגל פלסטין,אבל אבל אבל זה לא דגל פלסטין,1
2677,NOT,,,,"@AsafRonel כן. למה ציינו דווקא ""ערבי""? אם זה לא היה נובע מגזענות היו כותבים ""גוי"". אין הבדל בין אוכל של ערבי לאוכל של רוסי, אתיופי, תאילנדי או כל אדם לא יהודי אחר.",כן למה ציינו דווקא ערבי אם זה לא היה נובע מגזענות היו כותבים גוי אין הבדל בין אוכל של ערבי לאוכל של רוסי אתיופי תאילנדי או כל אדם לא יהודי אחר,0
2678,NOT,,,,@ICARUSWALLS1 @ElizaStanlen 🇵🇸 זה דגל פלסטין,זה דגל פלסטין,0
2679,NOT,,,,RT @amitay_dror: @adibergman2 זה כמו לומר ״יהודון״. זה לא באמת בנאדם שזכאי לחיים. זה כולה נער גבעות. סוג של מכרסם. או חיית שדה כזאת. מה זה…,זה כמו לומר ״יהודון״ זה לא באמת בנאדם שזכאי לחיים זה כולה נער גבעות סוג של מכרסם או חיית שדה כזאת מה זה,0
2680,NOT,,,,"@The_plush_ @GuyGold3 *פלג קיצוני חרדי. אם היה אירוע של חמאס לא היית אומרת ""אירוע של ערבים"", נכון?",פלג קיצוני חרדי אם היה אירוע של חמאס לא היית אומרת אירוע של ערבים נכון,0
2681,NOT,,,,"אימו של אהוביה סנדק הטיחה בשר אוחנה: ""ממשלה מטומטמת, יהודי לא רוצח יהודי"" https://t.co/CGE58ZCt8q @elishabenkimon @HGoldich https://t.co/Qk6S04vIkt",אימו של אהוביה סנדק הטיחה בשר אוחנה ממשלה מטומטמת יהודי לא רוצח יהודי,0
2682,NOT,,,,אני משחררת את פלסטין ביי https://t.co/tB7CfsxmZ8,אני משחררת את פלסטין ביי,0
2683,NOT,,,,"לאפה מעשה ידיי גבינת עיזים ,סלט ערבי בכאילו טעיםםםם https://t.co/x9900KdMBG",לאפה מעשה ידיי גבינת עיזים סלט ערבי בכאילו טעיםםםם,0
2684,NOT,,,,@idanlandau @saritm0 @attilus ערבי מחמד? הערבי הזה תורם למדינה הרבה יותר מחלאה שמאלנית כמוך. חתיכת זבל מהלך.,ערבי מחמד הערבי הזה תורם למדינה הרבה יותר מחלאה שמאלנית כמוך חתיכת זבל מהלך,0
2685,NOT,Arab,,ערבי מרוסס,"@nitayp @hadarinke רגע, ערבי מרוסס הוא יותר ערבי או פחות אורגני? זה נחשב נגוע?",רגע ערבי מרוסס הוא יותר ערבי או פחות אורגני זה נחשב נגוע,0
2686,NOT,,,,@mossi_raz לעולם עוכר ישראל כמוך לא יקבל ממני לייק אבל.. הפעם יצא לך מצחיק,לעולם עוכר ישראל כמוך לא יקבל ממני לייק אבל הפעם יצא לך מצחיק,0
2687,hate,Arab,murder,ערבי,"אבל ערבי כן, יהודי רוצח ערבי זה דווקא סבבה https://t.co/VJf7mRsxOj",אבל ערבי כן יהודי רוצח ערבי זה דווקא סבבה,1
2688,NOT,,,,"פתאום הארה: ""חרדים"" מלשון חרדים ממכות רצח של שוטרים",פתאום הארה חרדים מלשון חרדים ממכות רצח של שוטרים,0
2689,violence,Arab,hate,ערבי,@ChangedBio מה ערבי זה בן אדם ?,מה ערבי זה בן אדם,1
2690,NOT,,,,"@giladby @jonklinger @barzik או מתנחל ימני סטייל נוער גבעות, (וסליחה ממי שזה מעורר אצלו בחילה..) זה בכלל לא משנה לאיזה צד במפה הפוליטית אתה משתייך ידידי.. ‼️",או מתנחל ימני סטייל נוער גבעות וסליחה ממי שזה מעורר אצלו בחילה זה בכלל לא משנה לאיזה צד במפה הפוליטית אתה משתייך ידידי,0
2691,NOT,,,,@hoPmQKcikRNWx02 @gidonsaar @AyalaHasson ביבי מקדש את האידיאולוגיה של השמאל מכשיר תומכי טרור. ואתה עוד עושה פלפולים למה לא להצביע לסער. פשוט הזוי,ביבי מקדש את האידיאולוגיה של השמאל מכשיר תומכי טרור ואתה עוד עושה פלפולים למה לא להצביע לסער פשוט הזוי,0
2692,NOT,,,,"@netanelgla רוצח ילדים שתכנן מעשי זוועה זוכה לחיבוק ואהבה יותר מאשר אח שכול, קצין בסיירת מטכל ועל הדרך גם ראש ממשלת ישראל. לאן הגענו?",רוצח ילדים שתכנן מעשי זוועה זוכה לחיבוק ואהבה יותר מאשר אח שכול קצין בסיירת מטכל ועל הדרך גם ראש ממשלת ישראל לאן הגענו,0
2693,NOT,,,,"@iloveisraell @sagitag7 @limor_moyal העובדה שיש לך בפרופיל שם ותמונה, לא שוללת את האפשרות שאתה מופעל על ידי בוא נאמר...הליכוד, במטרה לגרום לשמאל - מרכז לשרוף זמן ולפגוע בסיכויים שלו לנצח בבחירות. זה כמובן בהנחה שהתמונה הזאת אמיתית, וזה באמת שמך. אתה הרי יודע שלא מעט יוזרים בטוויטר מזייפים את הפרופיל שלהם, נכון?",העובדה שיש לך בפרופיל שם ותמונה לא שוללת את האפשרות שאתה מופעל על ידי בוא נאמרהליכוד במטרה לגרום לשמאל מרכז לשרוף זמן ולפגוע בסיכויים שלו לנצח בבחירות זה כמובן בהנחה שהתמונה הזאת אמיתית וזה באמת שמך אתה הרי יודע שלא מעט יוזרים בטוויטר מזייפים את הפרופיל שלהם נכון,0
2694,NOT,,,,מחצית שניה שלא נראיתה מקרית לגמרי (ראשונה מבישה) ספורי נראה טוב זוסואה מככב וכמעט רוצח שחקן יריב. שפיות?,מחצית שניה שלא נראיתה מקרית לגמרי ראשונה מבישה ספורי נראה טוב זוסואה מככב וכמעט רוצח שחקן יריב שפיות,0
2695,NOT,,,,"RT @ynetalerts: אימו של אהוביה סנדק הטיחה בשר אוחנה: ""ממשלה מטומטמת, יהודי לא רוצח יהודי"" https://t.co/CGE58ZCt8q @elishabenkimon @HGoldich…",אימו של אהוביה סנדק הטיחה בשר אוחנה ממשלה מטומטמת יהודי לא רוצח יהודי,0
2696,NOT,,,,"@jy9N4IaLwMMSm7G @gidonsaar @AyalaHasson אין שום דרך להקים ממשלת ימין בכנסת בלי שסער , בנט ונתניהו ישבו ביחד. מי שלא מוכן לשבת ביחד עוזר לשמאל.שסער יתבגר. אף אחד לא מכשיר תומכי טרור. עשו עכשיו ארבעה הסכמי שלום בלי ויתור על שטחים ועקפו את הפלשתינאים והפכו אותם לבלתי רלבנטים ואתה מדבר על אידיאולוגית שמאל",אין שום דרך להקים ממשלת ימין בכנסת בלי שסער בנט ונתניהו ישבו ביחד מי שלא מוכן לשבת ביחד עוזר לשמאלשסער יתבגר אף אחד לא מכשיר תומכי טרור עשו עכשיו ארבעה הסכמי שלום בלי ויתור על שטחים ועקפו את הפלשתינאים והפכו אותם לבלתי רלבנטים ואתה מדבר על אידיאולוגית שמאל,0
2697,hate,Arab,racism ,גידול ערבי,@orr_by @AsafRonel סביר להניח שחלק גדול מהתותים באים מהגידולים הערביים והם נגועים בחרקים כי לא מרססים אותם או בגלל תנאים אחרים בגידול. ולכן הזכירו גידול ערבי.,סביר להניח שחלק גדול מהתותים באים מהגידולים הערביים והם נגועים בחרקים כי לא מרססים אותם או בגלל תנאים אחרים בגידול ולכן הזכירו גידול ערבי,1
2698,NOT,,,,@netanyahu פלסטין חינם,פלסטין חינם,0
2699,NOT,,,,@hagarsi טוב אז אני ערבי רע. איך מתגיירים?,טוב אז אני ערבי רע איך מתגיירים,0
2700,NOT,,,,"@AsafRonel אגב, מעריך את המתינות שלך לשאול טרם לצאת להתקפה בניגוד לשאר החברים שלך, שתקפו על אוטומאט בלי להבין כלל מה זה ״נגוע״ ומה קשור גידול ״ערבי״.",אגב מעריך את המתינות שלך לשאול טרם לצאת להתקפה בניגוד לשאר החברים שלך שתקפו על אוטומאט בלי להבין כלל מה זה ״נגוע״ ומה קשור גידול ״ערבי״,0
2701,NOT,,,,"לקראת הסילבסטר שהולך ומתקרב, אני רוצה להזכיר לכם שגם סגר היה אנטישמי. #נוביגוד #סילבסטר #סגר",לקראת הסילבסטר שהולך ומתקרב אני רוצה להזכיר לכם שגם סגר היה אנטישמי,0
2702,hate,journalist,journalsim,עיתונאית,@Onetruth011 ימח שמה וזכרה של אילנה דיין. העיתונאית הכי מנוולת ושקרנית שאני מכיר. ממש מרשעת.,ימח שמה וזכרה של אילנה דיין העיתונאית הכי מנוולת ושקרנית שאני מכיר ממש מרשעת,1
2703,NOT,,,,"@Kachollavan19 1/2 תזכירו לי מי אתם?? ברצינות, לא התפרקתם עוד?...והצטרפתם לגלגולים קודמים שלכם שנתניהו זרק לפח (איך שלא קראו להם - מחנה הציוני, מפלגת העבודה, קדימה וכו')? יאללה, האסטרטגים במגדלים הנוצצים של תל אביב וממומנים ע""י כסף אנטישמי אירופאי צריכים להזיז את התח* שלהם ולמתג אתכם מחדש",תזכירו לי מי אתם ברצינות לא התפרקתם עודוהצטרפתם לגלגולים קודמים שלכם שנתניהו זרק לפח איך שלא קראו להם מחנה הציוני מפלגת העבודה קדימה וכו יאללה האסטרטגים במגדלים הנוצצים של תל אביב וממומנים עי כסף אנטישמי אירופאי צריכים להזיז את התח שלהם ולמתג אתכם מחדש,0
2704,NOT,,,,@Tzoharkashrut יש מצב שיש מושג חקלאי כלשהו שנקרא גידול ערבי או שאתם פשוט נאצים? שואל ברצינות,יש מצב שיש מושג חקלאי כלשהו שנקרא גידול ערבי או שאתם פשוט נאצים שואל ברצינות,0
2705,NOT,,,,@liatbaks @netanelgla תנו לי עכשיו 300 מיליון שקל אני תוך כמה ימים אוכיח לכם קבל עם ועדה עם צילומים והקלטות שנתניהו רצח את ארלוזורוב. הם ב 300 מיליון לא מצליחים אפילו להגדיר שם לעבירה.,תנו לי עכשיו מיליון שקל אני תוך כמה ימים אוכיח לכם קבל עם ועדה עם צילומים והקלטות שנתניהו רצח את ארלוזורוב הם ב מיליון לא מצליחים אפילו להגדיר שם לעבירה,0
2706,NOT,,,,@bad_miri מי שבוחר ליכוד הוא עוכר ישראל - ברור ופשוט!,מי שבוחר ליכוד הוא עוכר ישראל ברור ופשוט,0
2707,NOT,,,,"@vQpoGO6FsNNjuhT @BarashiKinneret @Shlomziona עוד כמה קונספירציות שהתרחשו 'בגלל הטלפון של גנץ' ושאותם 'חייבים לחקור': אלוויס מעולם לא מת, העולם שטוח, ישראל הפילה את בניני התאומים, פרס רצח את רבין, האדם מעולם לא נחת על הירח, זה פייק של אולפני קולנוע, ביל גייטס פיתח את ה'קורונה' ואנטנות g5 מפיצות אותה, יש מושבת חייזרים בעפולה.",עוד כמה קונספירציות שהתרחשו בגלל הטלפון של גנץ ושאותם חייבים לחקור אלוויס מעולם לא מת העולם שטוח ישראל הפילה את בניני התאומים פרס רצח את רבין האדם מעולם לא נחת על הירח זה פייק של אולפני קולנוע ביל גייטס פיתח את הקורונה ואנטנות מפיצות אותה יש מושבת חייזרים בעפולה,0
2708,NOT,,,,"@Dr_Melody_Pond_ אני רוצה לדעת אם זה הגיוני. הרי זה לא שיש 100% סיכוי שהם מחוסנים, ואף אחד לא ימות אם נחכה לקיץ אבל זה עדיין חיסון ואני מתגעגעת 😢",אני רוצה לדעת אם זה הגיוני הרי זה לא שיש סיכוי שהם מחוסנים ואף אחד לא ימות אם נחכה לקיץ אבל זה עדיין חיסון ואני מתגעגעת,0
2709,NOT,,,,"הבריונים של משטרת ישראל מכים באכזריות יהודים צדיקים שבאו לגשר המיתרים בירושלים על מנת למחות על רצח אהוביה סנדק הי""ד בידי בלשי/רוצחי משטרת ישראל https://t.co/7IbMIcwrFV",הבריונים של משטרת ישראל מכים באכזריות יהודים צדיקים שבאו לגשר המיתרים בירושלים על מנת למחות על רצח אהוביה סנדק היד בידי בלשירוצחי משטרת ישראל,0
2710,NOT,,,,"@meravhgag הטעות מתחילה שמצדיקים את הפעילות נגד ""תג מחיר"" שלפי מיטב זכורני אף פעם לא הוכחה ולא נתפסו אשמים, קרי, המצאה של התקשורת, או יציאה מפרופורציות בעקבות גרפיטי על הקיר שהיה מי שאמר שזה טרור לכל דבר. שאצלנו גינו כבר הותר הרסן.",הטעות מתחילה שמצדיקים את הפעילות נגד תג מחיר שלפי מיטב זכורני אף פעם לא הוכחה ולא נתפסו אשמים קרי המצאה של התקשורת או יציאה מפרופורציות בעקבות גרפיטי על הקיר שהיה מי שאמר שזה טרור לכל דבר שאצלנו גינו כבר הותר הרסן,0
2711,NOT,,,,@YinonMagal תנו לי עכשיו 300 מיליון שקל אני תוך כמה ימים אוכיח לכם קבל עם ועדה עם צילומים והקלטות שנתניהו רצח את ארלוזורוב. הם ב 300 מיליון לא מצליחים אפילו להגדיר שם לעבירה.,תנו לי עכשיו מיליון שקל אני תוך כמה ימים אוכיח לכם קבל עם ועדה עם צילומים והקלטות שנתניהו רצח את ארלוזורוב הם ב מיליון לא מצליחים אפילו להגדיר שם לעבירה,0
2712,NOT,,,,@YosephHaddad @idanlandau אתה תגלה מהר מאוד כי הנרטיב היהודי מזמן לא קים אצל אלה שלא סובלים ערבי/דרוזי ציוני. זה מבחינתם בגידה בערכים . שנאת ישראל היא נר לרגליהם תמשיך הלאה ושימותו הקנאים,אתה תגלה מהר מאוד כי הנרטיב היהודי מזמן לא קים אצל אלה שלא סובלים ערבידרוזי ציוני זה מבחינתם בגידה בערכים שנאת ישראל היא נר לרגליהם תמשיך הלאה ושימותו הקנאים,0
2713,NOT,,,,"@Fnnobou @AsafRonel יש תקנים של משרד החקלאות לגידול ומכירת תות שדה. יש כשרות למי שרוצה, שכל מהותה היא הדברת מזיקים. אין שום צורך בהגדרה נפרדת לתות ""ערבי"" כאילו יש הבדל בין תות בלי כשרות בגידול יהודי לערבי.",יש תקנים של משרד החקלאות לגידול ומכירת תות שדה יש כשרות למי שרוצה שכל מהותה היא הדברת מזיקים אין שום צורך בהגדרה נפרדת לתות ערבי כאילו יש הבדל בין תות בלי כשרות בגידול יהודי לערבי,0
2714,NOT,,,,"האירוע בבלומפילד? ""פיגוע"". האיגוד? ""אני תקועה להם כמו עצם בגרון"". ה־VAR? ""לא מבינה למה עומדים 8 דקות מול המסך"". השופטים? ""שיפסיקו לרכל ולהתקשקש, אני אחנך אותם"". יו""ר איגוד השופטים רונית תירוש לא מחכה להילוך חוזר ויורה לכל הכיוונים: https://t.co/JcVXDKTYpa @NZenziper https://t.co/kfZ27aa4V3",האירוע בבלומפילד פיגוע האיגוד אני תקועה להם כמו עצם בגרון ה־ לא מבינה למה עומדים דקות מול המסך השופטים שיפסיקו לרכל ולהתקשקש אני אחנך אותם יור איגוד השופטים רונית תירוש לא מחכה להילוך חוזר ויורה לכל הכיוונים,0
2715,NOT,,,,@Likud_Party ימין שימכור נשק לערבים ויקים ממשלה בתמיכת תומכי טרור. עאלק ימין על מלא. מרצ יותר ימין ממכם.,ימין שימכור נשק לערבים ויקים ממשלה בתמיכת תומכי טרור עאלק ימין על מלא מרצ יותר ימין ממכם,0
2716,,,,,"@orr_by @Fnnobou הסבר שקיבלתי במדיה אחרת הוא ש""ערבי"" אמור לסמן תותים מהגדה🤷‍♂️",הסבר שקיבלתי במדיה אחרת הוא שערבי אמור לסמן תותים מהגדה,0
2717,hate,not clear,not clear,יימח שמם,@AsherRabia @DaphnaLiel אתה יודע מה ההורים שלה עושים?? יימח שמם וזכרם תקרא קצת בגוגל,אתה יודע מה ההורים שלה עושים יימח שמם וזכרם תקרא קצת בגוגל,1
2718,NOT,,,,"רוצח על הכביש: בין הר הצופים לגבעה הצרפתית, נהג רכב ערבי נכנס מהנתיב לפניה שמאלה, רגע לפני שנהיה ירוק בנתיב הישר וכמעט גרם לתאונה קטלנית. אחרי שהנהג העיר לו ברמזור הבא, הוא יצא ואיים על הנהג. https://t.co/ToliEGVXtl",רוצח על הכביש בין הר הצופים לגבעה הצרפתית נהג רכב ערבי נכנס מהנתיב לפניה שמאלה רגע לפני שנהיה ירוק בנתיב הישר וכמעט גרם לתאונה קטלנית אחרי שהנהג העיר לו ברמזור הבא הוא יצא ואיים על הנהג,0
2719,NOT,,,,מעניין אם היה מדובר בנער ערבי גם השוטרים היו מוגדרים כמאוימים. תנו לי לנחש שלא... בושה. #דם_יהודי_הופקר https://t.co/a6uckRE71A,מעניין אם היה מדובר בנער ערבי גם השוטרים היו מוגדרים כמאוימים תנו לי לנחש שלא בושה,0
2720,NOT,,,,"@Ronnieislonely שטויות ממש ... גם כל תקיפה שעושים היא תמיד על נקודות טרור (משגרים, מנהרות, מפעלי טילים וכו)",שטויות ממש גם כל תקיפה שעושים היא תמיד על נקודות טרור משגרים מנהרות מפעלי טילים וכו,0
2721,NOT,,,,@Eitheladar @galitedut @einatfishbain @ha_makom @IL_police לא. בשביל זה הוא יהיה ערבי מידי.,לא בשביל זה הוא יהיה ערבי מידי,0
2722,NOT,,,,@retetistzior לא איזה קר לי רצח אני בדרך לבית אבל זה כיף לדבר כזה סוגשל למרות שאני איכס אבל כן,לא איזה קר לי רצח אני בדרך לבית אבל זה כיף לדבר כזה סוגשל למרות שאני איכס אבל כן,0
2723,NOT,,,,"@TheTomThanks @MichaelTedTed @CatcHa_Pixel @Ayelet__Shaked כן תספור בבקשה, אני עדיין מתערב שהכמות של מקרים שתאסוף מחמש שנים אחורה לא תשתווה לכמות של אירועי טרור נגד יהודים שיש בשומרון בשבוע",כן תספור בבקשה אני עדיין מתערב שהכמות של מקרים שתאסוף מחמש שנים אחורה לא תשתווה לכמות של אירועי טרור נגד יהודים שיש בשומרון בשבוע,0
2724,Violence,Not clear,Demonstration ,לשרוף,"@barakshalev @nir_ @perry_ohad @AviAflalo4 @zahnya1000 @SelaReport @AdamArnautoff @yair72289588 @edru25448108 @tamarmital @MichaelRozolio @RoiLeshem @BonehElad @RanIsraeli @esnet120 @guyzo @MrHillel @captain_zod @prof_shahar @daridor @DrEliDavid @GiladSugarman @MatanHolzer @FakeYoel @Blitz20191 @Eitan_Marchand @LironZohar @InbarRotem @rotemlapidot @YaffaRaz @UdiKugler @hadaskale @shirlior @shellyappelberg @nitzanil1 @guymeroz @Juvenile1897 @MrPitt11 @burbor90 @SternShahar @DrShahar @meresh1974 @nikanor1983 @Nahalati @JohnnieFreedom1 @Boazim @therealhmo @vaknin_yogev @Avivsgv @UdiQimron לא בהבנתם - לא מרד בקטע של לשרוף צמיגים. פשוט חוץ מההורים שלא אמרו כלום ויאכלו אותה, השאר ימשיכו כרגיל",לא בהבנתם לא מרד בקטע של לשרוף צמיגים פשוט חוץ מההורים שלא אמרו כלום ויאכלו אותה השאר ימשיכו כרגיל,1
2725,NOT,,,,"""ב-1 בדצמבר השנה מתה אמו, בת ה-89, בביתה בעיירה בני־סוהיילה בדרום רצועת עזה, מרחק של כ-85 ק""מ מביתו. הוא לא ראה אותה כ-13 שנה. ""מעט לפני שאמי הלכה לעולמה, כתבתי פוסט על החיבוק של אמא שאני כה מתגעגע אליו"", סיפר ברכה"" https://t.co/HT9FQLgDIC",ב בדצמבר השנה מתה אמו בת ה בביתה בעיירה בני־סוהיילה בדרום רצועת עזה מרחק של כ קמ מביתו הוא לא ראה אותה כ שנה מעט לפני שאמי הלכה לעולמה כתבתי פוסט על החיבוק של אמא שאני כה מתגעגע אליו סיפר ברכה,0
2726,NOT,,,,@Sam1Suaed @Tzoharkashrut לא קשור זה קששור אם יש בו נגיעות או לא ותותים ערבי זה יותר אסלי ופחות מרוסס וסביר להניח שיהיה בו יותר תולעים כמו תאנים,לא קשור זה קששור אם יש בו נגיעות או לא ותותים ערבי זה יותר אסלי ופחות מרוסס וסביר להניח שיהיה בו יותר תולעים כמו תאנים,0
2727,NOT,,,,@DSociologist @JustAvishai פסדר זוט הנסיכה אני מאשרת לה גם לשרוף את העולם אם בא לה,פסדר זוט הנסיכה אני מאשרת לה גם לשרוף את העולם אם בא לה,0
2728,hate,Israeli's community,politics,רוצח,"RT @gildi1214: @netanelgla רוצח ילדים שתכנן מעשי זוועה זוכה לחיבוק ואהבה יותר מאשר אח שכול, קצין בסיירת מטכל ועל הדרך גם ראש ממשלת ישראל.…",רוצח ילדים שתכנן מעשי זוועה זוכה לחיבוק ואהבה יותר מאשר אח שכול קצין בסיירת מטכל ועל הדרך גם ראש ממשלת ישראל,1
2729,NOT,,,,@bezalelsm לא יאמן איך מנסים להפוך טרוריסט לקדוש!!,לא יאמן איך מנסים להפוך טרוריסט לקדוש,0
2730,NOT,,,,@byt1948 @igal_malka @IL_police מתנחבל שמיידה אבנים הוא מחבל לא פחות,מתנחבל שמיידה אבנים הוא מחבל לא פחות,0
2731,NOT,,,,@aIBNMWpMuNh9x22 @ofer_stoler @Tzoharkashrut ואם החקלאי ערבי אז מה? אז התותים לא טובים?,ואם החקלאי ערבי אז מה אז התותים לא טובים,0
2732,NOT,,,,"@Fnnobou @orr_by אם ב""ערבי"" הכוונה ""מהשטחים"" אז זה בעיקר ניסוח צורם לעין. אם יש הנחה שגם בשטח שבפיקוח משרד החקלאות יש הבדל בין מגדלים יהודים לערבים, אז זה כבר בעייתי",אם בערבי הכוונה מהשטחים אז זה בעיקר ניסוח צורם לעין אם יש הנחה שגם בשטח שבפיקוח משרד החקלאות יש הבדל בין מגדלים יהודים לערבים אז זה כבר בעייתי,0
2733,NOT,,,,@TalSeeGhosts @AsafDavidzon פיודיפאי לא אנטישמי הוא כולה עשה בדיחה על נאצים וכולם לקחו את זה קשה,פיודיפאי לא אנטישמי הוא כולה עשה בדיחה על נאצים וכולם לקחו את זה קשה,0
2734,NOT,,,,"@danielp_VIII @YosephHaddad @rabea_bader אם נזקק את הציונות, היא חילונית. והאדם הדתי לא יכול להיות ציוני. ציונות ודת זה שמן ומים.",אם נזקק את הציונות היא חילונית והאדם הדתי לא יכול להיות ציוני ציונות ודת זה שמן ומים,0
2735,NOT,,,,המבצר לא נפל הוא נכבש על ידו כיבוש שקט ואיטי https://t.co/XUd36Q6USg,המבצר לא נפל הוא נכבש על ידו כיבוש שקט ואיטי,0
2736,hate,,Pandemic,ימח שמכם,@edu_il ימח שמכם סגר עאלק,ימח שמכם סגר עאלק,1
2737,NOT,,,,"RT @ItamarC36002781: רוצח על הכביש: בין הר הצופים לגבעה הצרפתית, נהג רכב ערבי נכנס מהנתיב לפניה שמאלה, רגע לפני שנהיה ירוק בנתיב הישר וכמע…",רוצח על הכביש בין הר הצופים לגבעה הצרפתית נהג רכב ערבי נכנס מהנתיב לפניה שמאלה רגע לפני שנהיה ירוק בנתיב הישר וכמע,0
2738,NOT,,,,"RT @o9ffKpt7IzakPof: הבריונים של משטרת ישראל מכים באכזריות יהודים צדיקים שבאו לגשר המיתרים בירושלים על מנת למחות על רצח אהוביה סנדק הי""ד בי…",הבריונים של משטרת ישראל מכים באכזריות יהודים צדיקים שבאו לגשר המיתרים בירושלים על מנת למחות על רצח אהוביה סנדק היד בי,0
2739,Hate,palestinians,Racisim,אין דבר כזה ״פלסטיני,@carmeldangor אין דבר כזה ״פלסטיני״.,אין דבר כזה ״פלסטיני״,1
2740,hate,Not clear,,גיי,@Elkannush דעה לא פופלארית: זה גיי רצח,דעה לא פופלארית זה גיי רצח,1
2741,NOT,,,,"ארגון דאעש וארגון אל קאעידה הם ארגונים סונים. ובכל זאת הביטוי הרווח הוא "" מתאבד שיעי""",ארגון דאעש וארגון אל קאעידה הם ארגונים סונים ובכל זאת הביטוי הרווח הוא מתאבד שיעי,0
2742,hate,Leftists,politics,מדינות אויב,"@gidonsaar @AyalaHasson איך מנוגד איךךך קיבינימט עם אנשים כמוך. הבן אדם מביא שלום עם 4 מדינות אויב תוך 4 חודשים, אז איך זה מנוגד לטובת המדינה???? אם כבר מי שמנוגד לטובת המדינה אלו אנשים כמותכם. יאלללללללהההה גזגז ברוך שפטרנו",איך מנוגד איךךך קיבינימט עם אנשים כמוך הבן אדם מביא שלום עם מדינות אויב תוך חודשים אז איך זה מנוגד לטובת המדינה אם כבר מי שמנוגד לטובת המדינה אלו אנשים כמותכם יאלללללללהההה גזגז ברוך שפטרנו,1
2743,hate,political right,politics,ימין,"@lewinthal מקבל בערבון מוגבל. יש היום ימין או שמאל ? הנה דוגמא : 1.מי נתן את חברון לפלשתינים. 2. מי שיחרר מחבלים רוצחים. 3.מי לא מפנה את חאן אל אחמר ? 4. מי לא החיל "" ריבונות ביום ראשון "" ? 5.מי חלש ( ומשלם כסף ) מול חמאס ? 6.מי הסכים למדינה פלשתינית ? האחראי לכל לאלה ,יכול להיות ימין ?",מקבל בערבון מוגבל יש היום ימין או שמאל הנה דוגמא מי נתן את חברון לפלשתינים מי שיחרר מחבלים רוצחים מי לא מפנה את חאן אל אחמר מי לא החיל ריבונות ביום ראשון מי חלש ומשלם כסף מול חמאס מי הסכים למדינה פלשתינית האחראי לכל לאלה יכול להיות ימין,1
2744,NOT,,,,"@MisterSuricata @IsraelGaley @YotYotam @noam_fathi @hananamiur והנה ענית למה הבאתי גם את דוגמת סלומון טקה, להראות שהאמירה האחרונה שלך לא מחזיקה מים, כי הזדעזעתם ברמות, או ווה איך הזדעזעתם. הייתם עושים רעש של שטיח על איאד מתנחל מהגבעות, וכך גם על סלומון טקה חרדי.כמה רעש עשיתם כשפיצחו גולגולות לנערים, וכמה רעש על הפגנות בלפור. על מי אתה עובד?",והנה ענית למה הבאתי גם את דוגמת סלומון טקה להראות שהאמירה האחרונה שלך לא מחזיקה מים כי הזדעזעתם ברמות או ווה איך הזדעזעתם הייתם עושים רעש של שטיח על איאד מתנחל מהגבעות וכך גם על סלומון טקה חרדיכמה רעש עשיתם כשפיצחו גולגולות לנערים וכמה רעש על הפגנות בלפור על מי אתה עובד,0
2745,NOT,,,,"@AviviEitan @yarivop אז, אתה גזען :/ טרוריסט הוא מי שמוגדר בחוק הישראלי כאחד. אם לא מסכן חיים, צריך להיעצר ולא לירות בו. לא משנה הגזע שלו. טרוריסט מנוער הגבעות הוא לא אח, הוא טרוריסט שמחבל בריבונות של מדינת ישראל. גם יגאל אמיר זה אח? ומה עם בוגד שמסגיר סודות לאויב? אח?",אז אתה גזען טרוריסט הוא מי שמוגדר בחוק הישראלי כאחד אם לא מסכן חיים צריך להיעצר ולא לירות בו לא משנה הגזע שלו טרוריסט מנוער הגבעות הוא לא אח הוא טרוריסט שמחבל בריבונות של מדינת ישראל גם יגאל אמיר זה אח ומה עם בוגד שמסגיר סודות לאויב אח,0
2746,violence,Not clear,Violence,פיגוע,@Guyshit2 @Oren767 בא לעשות לכם פיגוע!,בא לעשות לכם פיגוע,1
2747,NOT,,,,"@matan_huberman @nirohana1 @David_Amar1 אחי מה אתה טורח. אתה צריך להבין שהתודעה של הביביסטים מהונדסת כדי לשרת פולחן אישיות. https://t.co/wBnppL0qgR זה לא משנה להם אם ביבי שמאל או ימין,רוצח או אנס הם ימשיכו לקרוא לו מלך. תפקיד אזרחי ישראל השפוים זה להסביר להם את זה ומספיק אם תראה להם שבליכוד עצמו התעוררו ומתפרקים בגללו.",אחי מה אתה טורח אתה צריך להבין שהתודעה של הביביסטים מהונדסת כדי לשרת פולחן אישיות זה לא משנה להם אם ביבי שמאל או ימיןרוצח או אנס הם ימשיכו לקרוא לו מלך תפקיד אזרחי ישראל השפוים זה להסביר להם את זה ומספיק אם תראה להם שבליכוד עצמו התעוררו ומתפרקים בגללו,0
2748,NOT,,,,"@EyalPeleg1 @nfsgalibh @gidonsaar @AyalaHasson אם אתה עיוור המשך להיות ככה רק אל תפיל את זה אחרים. כל מי שמעביר ביקורת הכי לגיטימית על ביבי אתם ישר מכנים אותו עוכר ישראל , פאשיסט וכו' וכו'. זה בדיוק פאשיזם שכל מי שמתנגד למהלך הכי קטן אפילו נחשב כאויב המדינה. תתעורר איש , אתה חי בהזיה.",אם אתה עיוור המשך להיות ככה רק אל תפיל את זה אחרים כל מי שמעביר ביקורת הכי לגיטימית על ביבי אתם ישר מכנים אותו עוכר ישראל פאשיסט וכו וכו זה בדיוק פאשיזם שכל מי שמתנגד למהלך הכי קטן אפילו נחשב כאויב המדינה תתעורר איש אתה חי בהזיה,0
2749,NOT,,,,"לאחרונה נחשף שהתוכנית של הרמטכ""ל למלחמה הבאה מול רצועת עזה מתבססת על הפעלת אש כבדה, תוך גביית מחירים כבדים מארגוני הטרור. עמר דנק סבור שמדובר בחזרה על אותה אסטרטגיה שצה""ל נקט בה בסבבים קודמים, ושספק אם אסטרטגיה זו תשיג הישגים שונים מאלו שהשיגה בעבר https://t.co/BYigUnUPzd",לאחרונה נחשף שהתוכנית של הרמטכל למלחמה הבאה מול רצועת עזה מתבססת על הפעלת אש כבדה תוך גביית מחירים כבדים מארגוני הטרור עמר דנק סבור שמדובר בחזרה על אותה אסטרטגיה שצהל נקט בה בסבבים קודמים ושספק אם אסטרטגיה זו תשיג הישגים שונים מאלו שהשיגה בעבר,0
2750,hate,Not clear,occupation,פיגוע,"כלומר בעצם ישנו פלג ימני דתי, שחלקו משיחי, שבעצם החליט שמדינת ישראל תהיה יהודית ולא דמוקרטית או שתהיה דמוקרטית ולא יהודית בסופו של דבר? אתם באמת חושבים שאפשר לשלוט על כ 2.5 מיליון פלסטינים ביו'ש? לא לתת זכויות שוות. להמשיך לגור בתחת שלהם ולהתפלא על כל פיגוע רצח מזעזע? מה המטרה?",כלומר בעצם ישנו פלג ימני דתי שחלקו משיחי שבעצם החליט שמדינת ישראל תהיה יהודית ולא דמוקרטית או שתהיה דמוקרטית ולא יהודית בסופו של דבר אתם באמת חושבים שאפשר לשלוט על כ מיליון פלסטינים ביוש לא לתת זכויות שוות להמשיך לגור בתחת שלהם ולהתפלא על כל פיגוע רצח מזעזע מה המטרה,1
2751,hate,Haredim,Violence,נפצעו,@Soloph0ne הנה מה אומרים 1. הנער ברח מהשוטרים כשאלו קראו לו לעצור. 2. במקום לעצור הוא נהג בלי רשיון 3. הוא ברח מהשוטרים אחרי שהוא יידה אבנים. איילת שקד קוראת למי שעושה את זה מחבל. 4. בבלפור מפגינים חצי שנה ונפצעו 0 שוטרים. אתמול בהפגנת מתנחלים נפצעו 11 שוטרים.,הנה מה אומרים הנער ברח מהשוטרים כשאלו קראו לו לעצור במקום לעצור הוא נהג בלי רשיון הוא ברח מהשוטרים אחרי שהוא יידה אבנים איילת שקד קוראת למי שעושה את זה מחבל בבלפור מפגינים חצי שנה ונפצעו שוטרים אתמול בהפגנת מתנחלים נפצעו שוטרים,1
2752,,,,,"אני עוברת לטוויטר פלסטין🇯🇴🇯🇴🇯🇴ן,,, תהיו אנואר חדיד בשביל לשמור על המוט",אני עוברת לטוויטר פלסטיןן תהיו אנואר חדיד בשביל לשמור על המוט,0
2753,NOT,,,,"@AviviEitan @yarivop ברגע שתבין שהחוק לא מפריד בין טרוריסט יהודי למוסלמי, תחשוב על הסיבה ותבין שאי אפשר לחוקק אתזה בצורה שלא תהיה מבוססת גזע. ותבין שאם אתה רוצה שטרוריסט יהודי לא יקבל כדור, החיילים בשטח צריכים להבין שיורים בסכנת חיים. ושיש משמעות לרוח צהל.",ברגע שתבין שהחוק לא מפריד בין טרוריסט יהודי למוסלמי תחשוב על הסיבה ותבין שאי אפשר לחוקק אתזה בצורה שלא תהיה מבוססת גזע ותבין שאם אתה רוצה שטרוריסט יהודי לא יקבל כדור החיילים בשטח צריכים להבין שיורים בסכנת חיים ושיש משמעות לרוח צהל,0
2754,NOT,,,,@GrMeir @EllyMcbeal1 @netanyahu תתפלא. יש תיקי רצח מדרגה ראשונה שזוכו בגלל פרוצדורה. מציע לא להגיב על אוטומט,תתפלא יש תיקי רצח מדרגה ראשונה שזוכו בגלל פרוצדורה מציע לא להגיב על אוטומט,0
2755,NOT,,,,כי ברור שתפקיד של בלשי משטרה זה ליצר תאונת דרכים קטלנית במידה שמדובר בפלסטינים. במיוחד לאור הנתונים לפיהם ימ''ר שי נדרשת בדיוק למקרה 1 בשנה של טרור עממי פלשתיני.. https://t.co/1KkpQRq6M4,כי ברור שתפקיד של בלשי משטרה זה ליצר תאונת דרכים קטלנית במידה שמדובר בפלסטינים במיוחד לאור הנתונים לפיהם ימר שי נדרשת בדיוק למקרה בשנה של טרור עממי פלשתיני,0
2756,NOT,,,,@amichai_g לא רואה את הזבל הגזעני הזה. זה פיגוע תודעתי למזרחים.,לא רואה את הזבל הגזעני הזה זה פיגוע תודעתי למזרחים,0
2757,hate,Ahmad tibi,politics,מצבייעך,"@Ahmad_tibi ""נאלצים לנדוד לערים יהודיות"" אומללים הם מצבייעך, טיפשים אלו שלא הבינו שאתה ממשיך את דרכו היחידה של עראפת ימח שימו וזה רצון להתבודד מהסביבה לגזור קופונים כשהחברה אותה אתה מייצג קורסת תחת הנטל.",נאלצים לנדוד לערים יהודיות אומללים הם מצבייעך טיפשים אלו שלא הבינו שאתה ממשיך את דרכו היחידה של עראפת ימח שימו וזה רצון להתבודד מהסביבה לגזור קופונים כשהחברה אותה אתה מייצג קורסת תחת הנטל,1
2758,NOT,,,,"@drmichaelbenari ארנון, רצח רצח רצח ולא הרג!!! נמאס לנו מהזניית השפה ע״י מהנדסי התודעה",ארנון רצח רצח רצח ולא הרג נמאס לנו מהזניית השפה ע״י מהנדסי התודעה,0
2759,,,,,"@Tzach10 @nir_ @perry_ohad @SelaReport @barakshalev @AdamArnautoff @yair72289588 @edru25448108 @tamarmital @MichaelRozolio @RoiLeshem @BonehElad @RanIsraeli @esnet120 @guyzo @MrHillel @captain_zod @prof_shahar @daridor @DrEliDavid @zahnya1000 @GiladSugarman @MatanHolzer @FakeYoel @Blitz20191 @Eitan_Marchand @LironZohar @InbarRotem @rotemlapidot @YaffaRaz @UdiKugler @hadaskale @shirlior @shellyappelberg @nitzanil1 @guymeroz @Juvenile1897 @MrPitt11 @burbor90 @SternShahar @DrShahar @meresh1974 @nikanor1983 @Nahalati @JohnnieFreedom1 @Boazim @therealhmo @vaknin_yogev @Avivsgv @UdiQimron הסיכויים היו לטובתה?? איפה אתה חי. המערכת השלטונית כולה התגייסה יחד עם תקשורת מגויסת וציבור שעבר שטיפת מוח סיסטמטית, נאשם בפלילים שריסק את שומרי הסף והאיזונים והבלמים שכבר לא קיימים. זה היה כיבוש קל יותר מכיבוש הולנד במלחמת העולם השנייה. ללא כדור. לא היה סיכוי לצד השני.",הסיכויים היו לטובתה איפה אתה חי המערכת השלטונית כולה התגייסה יחד עם תקשורת מגויסת וציבור שעבר שטיפת מוח סיסטמטית נאשם בפלילים שריסק את שומרי הסף והאיזונים והבלמים שכבר לא קיימים זה היה כיבוש קל יותר מכיבוש הולנד במלחמת העולם השנייה ללא כדור לא היה סיכוי לצד השני,0
2760,NOT,,,,@arnonsegal1 אז לדברי השוטרים לרצוח ערבים זה סבבא?,אז לדברי השוטרים לרצוח ערבים זה סבבא,0
2761,NOT,,,,@hknr_law @freyisrael1 החשיפה של שטרנבוך חזקה. אבל פריי נותן לזה מסגור של שחיתות חרדית. זה כמעט נשמע אנטישמי,החשיפה של שטרנבוך חזקה אבל פריי נותן לזה מסגור של שחיתות חרדית זה כמעט נשמע אנטישמי,0
2762,NOT,,,,"פרופסור גליה רהב - לא פופוליסטית חוקרי האוניברסיטה העברית - לא פופוליסטים קבינט המומחים של הממשלה שאתה לא מקשיב להם - לא פופוליסטים אם אתה רוצה לרצוח דור שלם של צעירים, תגיד את זה. חרדים וערבים הרי ילמדו כרגיל, ואתה בעד חיסול תלמידים חילונים? אתה לא מבין איזה נזק נגרם להם? https://t.co/KCOdntegDa",פרופסור גליה רהב לא פופוליסטית חוקרי האוניברסיטה העברית לא פופוליסטים קבינט המומחים של הממשלה שאתה לא מקשיב להם לא פופוליסטים אם אתה רוצה לרצוח דור שלם של צעירים תגיד את זה חרדים וערבים הרי ילמדו כרגיל ואתה בעד חיסול תלמידים חילונים אתה לא מבין איזה נזק נגרם להם,0
2763,NOT,,,,"New post in הפרלמנט הביטחוני: מעריב אונליין (Twitter) נסראללה ב""ראיון סיכום השנה"" בערוץ ""אל-מיאדין"" הלבנוני: ""יורש העצר הסעודי מוחמד בן סלמאן הציע שארצות הברית תתנקש בחיים שלי, במהלך ביקורו בוושינגטון. האמריקאים הסכימו להצעה הסעודית - כאשר ישראל תבצע את… https://t.co/KCEtSvl8VN",הפרלמנט הביטחוני מעריב אונליין נסראללה בראיון סיכום השנה בערוץ אלמיאדין הלבנוני יורש העצר הסעודי מוחמד בן סלמאן הציע שארצות הברית תתנקש בחיים שלי במהלך ביקורו בוושינגטון האמריקאים הסכימו להצעה הסעודית כאשר ישראל תבצע את,0
2764,hate,Leftists,politics,שמאלני,@XDjvfQBLysYDN4J לך.. שמאלני לך.. תנורי הגיהינום מוסקים כבר עבורך וממתינים לבואך. אם אתה יהודי ולא גוי מוסלמי אז.. פרשת השבוע היא פרשת ויחי. פרשה אחרונה בספר בראשית. לא נראה שאתה בכלל יודע מה זה. אבל תברר בגוגל ותקרא את הפרשה. יהיה תקון לא רע לנשמתך. מתוך שלא לשמה תגיע בעתיד לשמה.,לך שמאלני לך תנורי הגיהינום מוסקים כבר עבורך וממתינים לבואך אם אתה יהודי ולא גוי מוסלמי אז פרשת השבוע היא פרשת ויחי פרשה אחרונה בספר בראשית לא נראה שאתה בכלל יודע מה זה אבל תברר בגוגל ותקרא את הפרשה יהיה תקון לא רע לנשמתך מתוך שלא לשמה תגיע בעתיד לשמה,1
2765,NOT,,,,היא מסתירה את פלסטין מאחורי העלים https://t.co/X37iNQgyF7,היא מסתירה את פלסטין מאחורי העלים,0
2766,NOT,,,,@NaturalZimprint זה כיף כי אני יודעת שהוא בכל מקרה לא יפתח בחיים ואם כן זה יהיה קורע כי היה אחד ששרתי דמי פלסטיני x חד גדיה,זה כיף כי אני יודעת שהוא בכל מקרה לא יפתח בחיים ואם כן זה יהיה קורע כי היה אחד ששרתי דמי פלסטיני חד גדיה,0
2767,hate,zionists party,occupation,טרור,"@SargonoffAkkad הימין אינו עשוי מקשה אחת. הלך המחשבה הוא קודם כל למנוע מדינת טרור/קאסמים וכו׳ במרכז הארץ. (ימין ביטחוני/פרגמטי בוגר טרור אוסלו והרקטות מעזה) עבור הציונות הדתית, ארץ ישראל כולה שייכת לעם ישראל ואסור למסור ממנה חלקים. וישנן גם עמדות נוספות.",הימין אינו עשוי מקשה אחת הלך המחשבה הוא קודם כל למנוע מדינת טרורקאסמים וכו׳ במרכז הארץ ימין ביטחוניפרגמטי בוגר טרור אוסלו והרקטות מעזה עבור הציונות הדתית ארץ ישראל כולה שייכת לעם ישראל ואסור למסור ממנה חלקים וישנן גם עמדות נוספות,1
2768,NOT,,,,@arnonsegal1 @drmichaelbenari עכשיו זה כבר רצח בכוונה תחילה,עכשיו זה כבר רצח בכוונה תחילה,0
2769,NOT,,,,@NaturalZimprint באיזה שהוא שלב כששרתי חד גדיה אז עברתי לדמי פלסטיני,באיזה שהוא שלב כששרתי חד גדיה אז עברתי לדמי פלסטיני,0
2770,NOT,,,,"@roee_r @eliezerb אני חושב שאתה עושה עבודה קלה מדי לממח של צוהר, ושהוא היה יכול לכתוב את זה בדרך שהייתה מדוייקת הלכתית ועדיין נתפסת כהרבה פיו. גזענית (למשל במקום נגוע (ערבי) לכתוב נגוע בחרקים (נוכרי)",אני חושב שאתה עושה עבודה קלה מדי לממח של צוהר ושהוא היה יכול לכתוב את זה בדרך שהייתה מדוייקת הלכתית ועדיין נתפסת כהרבה פיו גזענית למשל במקום נגוע ערבי לכתוב נגוע בחרקים נוכרי,0
2771,NOT,,,,"RT @kaisos1987: נסראללה נשאל בראיון על היחס שלהם לערביי ישראל (שאלה לא שגרתית חייב לומר): ""אנחנו לא מבקשים מערביי ישראל כלום. הם מעריכים את…",נסראללה נשאל בראיון על היחס שלהם לערביי ישראל שאלה לא שגרתית חייב לומר אנחנו לא מבקשים מערביי ישראל כלום הם מעריכים את,0
2772,NOT,,,,RT @kaisos1987: אמרתי שאנחנו מוכנים לשלם את הפיצוי והתגובה הייתה מצוינת. היו אמרו שנפגיז אפילו שזה ייפול על הבתים אבל אל תפסיק. אני מתאר לע…,אמרתי שאנחנו מוכנים לשלם את הפיצוי והתגובה הייתה מצוינת היו אמרו שנפגיז אפילו שזה ייפול על הבתים אבל אל תפסיק אני מתאר לע,0
2773,NOT,,,,"רק לפני כמה ימים המשטרה זרקה קשיש חרדי לרחוב אחרי ששלפה אותו בטעות מהמיטה. חודשיים לפני זה זרקו פלסטיני במחסום ואמרו לו שיסתדר איכשהו לחזור הביתה. שניהם גמרו בבית חולים. כולם הזעזעו, אפס הפקת לקחים.",רק לפני כמה ימים המשטרה זרקה קשיש חרדי לרחוב אחרי ששלפה אותו בטעות מהמיטה חודשיים לפני זה זרקו פלסטיני במחסום ואמרו לו שיסתדר איכשהו לחזור הביתה שניהם גמרו בבית חולים כולם הזעזעו אפס הפקת לקחים,0
2774,NOT,,,,@Urieldenn תודה על התשובה. לא קונה את החלק הראשון. מפעל ההתנחלויות החל הרבה לפני האינתיפאדות. אף אחד לא הולך לגור שם בשביל למנוע טרור. 'דפנה את שומעת אולי נעבור לגור מעלה מחמש ליד קרית ארבע כדי למנוע טרור לתל אביב'.. נו באמת אוריאל.,תודה על התשובה לא קונה את החלק הראשון מפעל ההתנחלויות החל הרבה לפני האינתיפאדות אף אחד לא הולך לגור שם בשביל למנוע טרור דפנה את שומעת אולי נעבור לגור מעלה מחמש ליד קרית ארבע כדי למנוע טרור לתל אביב נו באמת אוריאל,0
2775,NOT,UNT,,לאנוס,אני מבין שדאלאס החליטו לאנוס את הקליפרס היום,אני מבין שדאלאס החליטו לאנוס את הקליפרס היום,0
2776,NOT,,,,@Elkannush עשינו זאת בנים כיבוש IS NO MORE,עשינו זאת בנים כיבוש,0
2777,hate,Palestinians supporters,occupation,פלסטין,אני מאחל לכל מי שרוצה לחיות תחת פלסטין להיות אזרח מלא עם דרכון פלסטיני בעזה ולהינות מהזהות הלאומית שלו במלואה ❤ https://t.co/TmedDZghOY,אני מאחל לכל מי שרוצה לחיות תחת פלסטין להיות אזרח מלא עם דרכון פלסטיני בעזה ולהינות מהזהות הלאומית שלו במלואה,1
2778,NOT,,,,"@Elkannush היגיון של טיקטוק בקונפליקט הישראלי פלסטיני פלסטיני ""אתה לא קיים"" ישראלי:""לא אתה לא קיים""",היגיון של טיקטוק בקונפליקט הישראלי פלסטיני פלסטיני אתה לא קיים ישראלילא אתה לא קיים,0
2779,NOT,,,,גם אני לא חוגג סגר הפעם... הוא היה אנטישמי!!!,גם אני לא חוגג סגר הפעם הוא היה אנטישמי,0
2780,NOT,,,,"@angel_amnon @bezalelsm סלח לי אבל החרדים שומרים חוק 'קצת' יותר מהחילונים, 95% מבתי הכלא על שוד, אלימות, רצח ואונס זה לא החרדים, הם מקבלים חינוך טוב. אתה קיבלת חינוך לשנוא, עובדה- אתה שונא חרדים בזמן שהם לא שונאים אותך תחשוב על זה",סלח לי אבל החרדים שומרים חוק קצת יותר מהחילונים מבתי הכלא על שוד אלימות רצח ואונס זה לא החרדים הם מקבלים חינוך טוב אתה קיבלת חינוך לשנוא עובדה אתה שונא חרדים בזמן שהם לא שונאים אותך תחשוב על זה,0
2781,NOT,,,,@GuyEshet_ אייקוני רצח,אייקוני רצח,0
2782,NOT,,,,@ShmuelDimov @netanyahu תיקי רצח מדרגה ראשונה זוכו מסיבות פרוצדורליות. סור ללמוד משפטים,תיקי רצח מדרגה ראשונה זוכו מסיבות פרוצדורליות סור ללמוד משפטים,0
2783,NOT,,,,"הערפל הזה שנח מעל עמק תרצה בשומרון הוא סמלי: יותר מדי ישראלים לא רואים מבעד לערפל הדיעות הקדומות שלהם כשהם שומעים את המילה ""מתנחל"". אתמול חודשה מסורת של שתי משפחות: בשנות השבעים לקח אליקים העצני את הוריי לסיור בשומרון, סיור שבעקבותיו כתבה אמא שלי את ""איש מוזר"" - https://t.co/IeWt1zC1Y2",הערפל הזה שנח מעל עמק תרצה בשומרון הוא סמלי יותר מדי ישראלים לא רואים מבעד לערפל הדיעות הקדומות שלהם כשהם שומעים את המילה מתנחל אתמול חודשה מסורת של שתי משפחות בשנות השבעים לקח אליקים העצני את הוריי לסיור בשומרון סיור שבעקבותיו כתבה אמא שלי את איש מוזר,0
2784,NOT,,,,"לחץ על הידית חשב שזו ידית מפלט, אך אויב התעורר מהחלון להבין שכדי להתנדף הוא צריך פשוט לקום וללכת. בוקר טוב גדעון, ישנת טוב מאמי? 🤣🤣 https://t.co/BYfcU3JLxf",לחץ על הידית חשב שזו ידית מפלט אך אויב התעורר מהחלון להבין שכדי להתנדף הוא צריך פשוט לקום וללכת בוקר טוב גדעון ישנת טוב מאמי,0
2785,hate,not clear,Terroresim,המחבל,"@ErelSegal אילנה חושבת שנער מתנחל שנרצח אינו הילד של כולנו. מתייפחת מבושה מול מכחיש השואה מחמוד עבאס על הרג המחבל על ידי אזריה (בני עמי בחרו בטרור), העלילה על קצין צה״ל שרצח בדם קר נערה פלסטינאית. אנחנו מתביישים באישה המבישה הזו.",אילנה חושבת שנער מתנחל שנרצח אינו הילד של כולנו מתייפחת מבושה מול מכחיש השואה מחמוד עבאס על הרג המחבל על ידי אזריה בני עמי בחרו בטרור העלילה על קצין צה״ל שרצח בדם קר נערה פלסטינאית אנחנו מתביישים באישה המבישה הזו,1
2786,NOT,,,,"@nsypx @yarivop החוק לא מפריד בין טרוריסטים- אבל הוא בהחלט מפריד בין בני העם היהודי במדינתם לבין אזרחים שמזוהים כאויב. ונער גבעות, פורע חוק ככל שיהיה, חייב להיענש ולהירקב בכלא אם סיכן חיי אדם כלשהם. הוא עדיין לא אויב. אם חלילה גרם לפגיעה בחיי אדם (לא משנה מאיזה עם) דינו ככל רוצח.",החוק לא מפריד בין טרוריסטים אבל הוא בהחלט מפריד בין בני העם היהודי במדינתם לבין אזרחים שמזוהים כאויב ונער גבעות פורע חוק ככל שיהיה חייב להיענש ולהירקב בכלא אם סיכן חיי אדם כלשהם הוא עדיין לא אויב אם חלילה גרם לפגיעה בחיי אדם לא משנה מאיזה עם דינו ככל רוצח,0
2787,NOT,,demonstration,מפגינים,"…הפשטה, הטרדה מינית ופגיעה במפגינים, בגופם וברכושם, וגם למכות רצח לחרדים ולנערי גבעות מפגינים. על כול אורגיית האלימות הזאת מנצח בנימין נתניהו.",הפשטה הטרדה מינית ופגיעה במפגינים בגופם וברכושם וגם למכות רצח לחרדים ולנערי גבעות מפגינים על כול אורגיית האלימות הזאת מנצח בנימין נתניהו,0
2788,hate,not clear,Murder,פלסטיני,@drmichaelbenari @ParisTelaviv75 בגרסה הבאה הם יטענו שהבחור שנהרג הוא בכלל פלסטיני,בגרסה הבאה הם יטענו שהבחור שנהרג הוא בכלל פלסטיני,1
2789,hate,not clear,Murder,חמאס,"@DovMorell @NaamaAriella יש גם את הרש''פ ואת חמאס שהורגים לא פחות מהם, אז מה? ימ''ר ש''י אפילו לא *עצרו* פלסטיני בשנים האחרונות...",יש גם את הרשפ ואת חמאס שהורגים לא פחות מהם אז מה ימר שי אפילו לא עצרו פלסטיני בשנים האחרונות,1
2790,NOT,,Racism,ערבי,"@NewLikudnik @AdiliR123 אחדים מחבריו הטובים של נאשמיהו הם ערבים. פעם ביבי ראה ערבי נאור ערבי לפעמים הוא בן אנוש יש ערבים גם בליכוד ערבי טוב הוא ערבי ללא חוב אחמד הוא אח, ומוחמד תותח אין כמו ערבים",אחדים מחבריו הטובים של נאשמיהו הם ערבים פעם ביבי ראה ערבי נאור ערבי לפעמים הוא בן אנוש יש ערבים גם בליכוד ערבי טוב הוא ערבי ללא חוב אחמד הוא אח ומוחמד תותח אין כמו ערבים,0
2791,NOT,,,,"@zahavabitton אני יודע. לטעמי, יותר נכון להעמידו למשפט שדה על הריסת החברה, הערכים והמדינה.",אני יודע לטעמי יותר נכון להעמידו למשפט שדה על הריסת החברה הערכים והמדינה,0
2792,NOT,,Democracy,נסראללה,"@kaisos1987 כמה שנים השמיים כחולים בהירים מעל ראשו של נסראללה? אבל שמת לב, חסן נסראללה סוציאליסט מרקסיסט ערבי-לאומני אנטי-שריעה פרו-הדמוקרטיה הגרמנית הכי מוגן על הפלנטה. חסן נסראללה את מי אתה משרת?",כמה שנים השמיים כחולים בהירים מעל ראשו של נסראללה אבל שמת לב חסן נסראללה סוציאליסט מרקסיסט ערבילאומני אנטישריעה פרוהדמוקרטיה הגרמנית הכי מוגן על הפלנטה חסן נסראללה את מי אתה משרת,0
2793,NOT,,,,"ימות המשיח בפתח מכיוון שהאשראי שלי עוד לא הגיע, אמא שלי שעד היום מתכחשת לעובדה שאני מעשנת, הציעה להלוות לי כסף בשביל לקנות *טבק* כןכן. טבק. אמא. טבק. סיגריות. אמא.",ימות המשיח בפתח מכיוון שהאשראי שלי עוד לא הגיע אמא שלי שעד היום מתכחשת לעובדה שאני מעשנת הציעה להלוות לי כסף בשביל לקנות טבק כןכן טבק אמא טבק סיגריות אמא,0
2794,NOT,,,,"RT @flika_limilki: @kaisos1987 כמה שנים השמיים כחולים בהירים מעל ראשו של נסראללה? אבל שמת לב, חסן נסראללה סוציאליסט מרקסיסט ערבי-לאומני אנט…",כמה שנים השמיים כחולים בהירים מעל ראשו של נסראללה אבל שמת לב חסן נסראללה סוציאליסט מרקסיסט ערבילאומני אנט,0
2795,hate,not clear,occupation,ההתנתקות,@SargonoffAkkad מה גם שצעד כזה עלול להגביר טרור ולהיתפס כחולשה. ראה ״ההתנתקות״.,מה גם שצעד כזה עלול להגביר טרור ולהיתפס כחולשה ראה ״ההתנתקות״,1
2796,NOT,,,,"@NadavPerez @lgimel @oferron אז זה לב העניין. הגענו למצב שאנחנו לא מאמינים להחלטות משרד הבריאות, ואנחנו כבר לא יכולים להסכים על העובדות בגלל זה. האם באמת ימות מישהו אם בית ספר בשכונה ירוקה יפתח? אני חושב שלא.",אז זה לב העניין הגענו למצב שאנחנו לא מאמינים להחלטות משרד הבריאות ואנחנו כבר לא יכולים להסכים על העובדות בגלל זה האם באמת ימות מישהו אם בית ספר בשכונה ירוקה יפתח אני חושב שלא,0
2797,NOT,,,,"@leeat55 @froike2 @eldadbeck כ""כ הרבה הבטחות היו במהלך התקופה מאז הבחירות, וכלום. זה כמובן כולל את בית המשפך העליון שהיה אמור להיות היעד הסופי, ואפילו הוא התגלה כמעוז מבוצר של מדינת העומק. בעצם אין לטראמפ שום זרוע ממשלתית שתומכת בו (אולי הצבא, אך ממש לא בטוח). כמו שעד היום לא יודעים מי באמת רצח את קנדי.",ככ הרבה הבטחות היו במהלך התקופה מאז הבחירות וכלום זה כמובן כולל את בית המשפך העליון שהיה אמור להיות היעד הסופי ואפילו הוא התגלה כמעוז מבוצר של מדינת העומק בעצם אין לטראמפ שום זרוע ממשלתית שתומכת בו אולי הצבא אך ממש לא בטוח כמו שעד היום לא יודעים מי באמת רצח את קנדי,0
2798,NOT,,,,"חבר העלה בסטטוס את הסרטון של המפגינים רוקדים כשהמכת""זית צולפת בהם עם השיר ""קוביות"" ברקע וזה מצחיק רצח, אבל לא אביא את זה פה א. כי זה שיר מזעזע ב. מפאת כבודכם",חבר העלה בסטטוס את הסרטון של המפגינים רוקדים כשהמכתזית צולפת בהם עם השיר קוביות ברקע וזה מצחיק רצח אבל לא אביא את זה פה א כי זה שיר מזעזע ב מפאת כבודכם,0
2799,NOT,,,,@arnonsegal1 @drmichaelbenari מתי פעם אחרונה נהרג ערבי במרדף משטרתי?,מתי פעם אחרונה נהרג ערבי במרדף משטרתי,0
2800,NOT,,,,כיבוש מוגן https://t.co/ky42VJ1cxw,כיבוש מוגן,0
2801,NOT,,,,@adorah1 @Tzoharkashrut הניסוח בעייתי. ברור למה באורגני יש יותר חרקים אבל גידול ערבי?,הניסוח בעייתי ברור למה באורגני יש יותר חרקים אבל גידול ערבי,0
2802,NOT,,,,@abcdabcdeb הוא יהודי אז זה רצח כמובן,הוא יהודי אז זה רצח כמובן,0
2803,NOT,,,,"@12med865 למה לרצוח לימון תמים?! היה לו נפש, היה לו חיים..",למה לרצוח לימון תמים היה לו נפש היה לו חיים,0
2804,NOT,,,,"@AsafRonel איך ""לפעמים"" אחרי עלילות הדם על טרור ההצתות והזיופים בחברה הערבית? לא תחקירן מהולל ולא נעליים, גבלס לעניים",איך לפעמים אחרי עלילות הדם על טרור ההצתות והזיופים בחברה הערבית לא תחקירן מהולל ולא נעליים גבלס לעניים,0
2805,NOT,,,,@ChangedBio ברור... אבל מי רצח אותו שוטר?,ברור אבל מי רצח אותו שוטר,0
2806,NOT,,,,"@AdiVaknin6 @GuyCamelmacher @ErelSegal @amit_segal @haggai_segal גם עיתונאי וגם מחבל, שתי ציפורים במכה אחת! (סתם, סתם, הוא ניסה להרוג ערבים, זה לא נחשב מחבל)",גם עיתונאי וגם מחבל שתי ציפורים במכה אחת סתם סתם הוא ניסה להרוג ערבים זה לא נחשב מחבל,0
2807,NOT,,,,בזכות הקורס בספרות אני קורא עכשיו שוב את התפסן ונזכר בעצמי בן ה-15 (?) שקרא אותו לראשונה ואני לא יודע להסביר ממה בדיוק אבל אני מתרגש רצח ובא לי להגיד לכולכם שאני אוהב אתכם,בזכות הקורס בספרות אני קורא עכשיו שוב את התפסן ונזכר בעצמי בן ה שקרא אותו לראשונה ואני לא יודע להסביר ממה בדיוק אבל אני מתרגש רצח ובא לי להגיד לכולכם שאני אוהב אתכם,0
2808,Violence,Maccabi Tel-aviv supporters,violence ,ימות,כמו פרפר לאור אלייך בא הקבוצה שלי האהובה כמו השור שרץ אל האדום שכל אוהד מכבי ימות היום (אמן) הפועל עולה עולה עולה...,כמו פרפר לאור אלייך בא הקבוצה שלי האהובה כמו השור שרץ אל האדום שכל אוהד מכבי ימות היום אמן הפועל עולה עולה עולה,1
2809,hate,Avigdor Lieberman,Murder,רוצח,"@ChangedBio יהודי לא רוצח יהודי אלא אם הוא ערבי וערבי לא רוצח ערבי אלא אם חליל ג'ובראן שמו והוא ערבי טוב, ערבי עםעט. יהודי לא רוצח יהודי אלא אם היהודי הוא יונה ואמיל שמו של היהודי המת אלא אם יא חביבי אמיל גם ערבי הטוב עםעט.אגב,לגבי ליברמן , לא ברור מה איווט לערבים.",יהודי לא רוצח יהודי אלא אם הוא ערבי וערבי לא רוצח ערבי אלא אם חליל גובראן שמו והוא ערבי טוב ערבי עםעט יהודי לא רוצח יהודי אלא אם היהודי הוא יונה ואמיל שמו של היהודי המת אלא אם יא חביבי אמיל גם ערבי הטוב עםעטאגבלגבי ליברמן לא ברור מה איווט לערבים,1
2810,NOT,,,,@aplichuk @orb66261932 זה אולי לא רצח השוטר לא בא במטרה לרצוח אבל הוא התכוון לפגוע בצורה לא חוקית בוודאות ולכן זו הריגה וודאית,זה אולי לא רצח השוטר לא בא במטרה לרצוח אבל הוא התכוון לפגוע בצורה לא חוקית בוודאות ולכן זו הריגה וודאית,0
2811,NOT,,,,"@Tzach10 @AviAflalo4 @nir_ @perry_ohad @SelaReport @barakshalev @AdamArnautoff @yair72289588 @edru25448108 @tamarmital @MichaelRozolio @RoiLeshem @BonehElad @esnet120 @guyzo @MrHillel @captain_zod @prof_shahar @daridor @DrEliDavid @zahnya1000 @GiladSugarman @MatanHolzer @FakeYoel @Blitz20191 @Eitan_Marchand @LironZohar @InbarRotem @rotemlapidot @YaffaRaz @UdiKugler @hadaskale @shirlior @shellyappelberg @nitzanil1 @guymeroz @Juvenile1897 @MrPitt11 @burbor90 @SternShahar @DrShahar @meresh1974 @nikanor1983 @Nahalati @JohnnieFreedom1 @Boazim @therealhmo @vaknin_yogev @Avivsgv @UdiQimron לא נכון בכלל. אין שום קשר לצורת המחאה הקטנה שלנו- הסיבה שזה לא הלך בישראל ממש לא קשורה לכיוון המחאה ולביקורת נגד המסכות. אשמה התקשורת המשוחדת והחרדתית + האופי הישראלי: - צייתנות עיוורת (צה""ל חובה, משמעת). - פחדים וטראומה (מלחמות, עזה, לבנון, שואה...) מדינה הלומת קרב. קרב אבוד.",לא נכון בכלל אין שום קשר לצורת המחאה הקטנה שלנו הסיבה שזה לא הלך בישראל ממש לא קשורה לכיוון המחאה ולביקורת נגד המסכות אשמה התקשורת המשוחדת והחרדתית האופי הישראלי צייתנות עיוורת צהל חובה משמעת פחדים וטראומה מלחמות עזה לבנון שואה מדינה הלומת קרב קרב אבוד,0
2812,NOT,,,,@YossiRosner חחחחח זה באמת מצחיק רצח,חחחחח זה באמת מצחיק רצח,0
2813,NOT,,,,@pnina_tamano_sh @branotnewsdesk @almazmangisto למה אין ערבי ישראלי בתמונה הזאת?,למה אין ערבי ישראלי בתמונה הזאת,0
2814,hate,Leftists,politics,עוכר,@RZlNifwwEW4jARu זה מה שמפריע לך? עוכר ישראל. בגלל חוסר האחריות המזוויע שלכם אנשים מתים ועסקים פושטים רגל.,זה מה שמפריע לך עוכר ישראל בגלל חוסר האחריות המזוויע שלכם אנשים מתים ועסקים פושטים רגל,1
2815,NOT,,,,"@yy34102878 @arnonsegal1 לא כתבתי שהוא תמים. האמת היא, שאין לי מושג.. היה טוב, אם המשטרה היתה פחות מתעסקת בשחרור גירסא חדשה כל יומיים ויותר בחקר האמת. כבר היה מקרה שהאשימו אדם במעשה טרור נגד שוטר ולקח זמן עד שהאמת יצאה לאור. לאיש קראו אל-קיעאן. המשטרה צריכה להיות זהירה ולחקור ולא לנסות לטייח כל חשד לכשל.",לא כתבתי שהוא תמים האמת היא שאין לי מושג היה טוב אם המשטרה היתה פחות מתעסקת בשחרור גירסא חדשה כל יומיים ויותר בחקר האמת כבר היה מקרה שהאשימו אדם במעשה טרור נגד שוטר ולקח זמן עד שהאמת יצאה לאור לאיש קראו אלקיעאן המשטרה צריכה להיות זהירה ולחקור ולא לנסות לטייח כל חשד לכשל,0
2816,NOT,,,,@Tzach10 @perry_ohad @nir_ @SelaReport @barakshalev @AdamArnautoff @yair72289588 @edru25448108 @tamarmital @MichaelRozolio @RoiLeshem @RanIsraeli @esnet120 @guyzo @MrHillel @captain_zod @prof_shahar @daridor @DrEliDavid @zahnya1000 @GiladSugarman @MatanHolzer @FakeYoel @Blitz20191 @Eitan_Marchand @LironZohar @InbarRotem @rotemlapidot @YaffaRaz @UdiKugler @hadaskale @shirlior @shellyappelberg @nitzanil1 @guymeroz @Juvenile1897 @MrPitt11 @burbor90 @SternShahar @DrShahar @meresh1974 @nikanor1983 @AviAflalo4 @Nahalati @JohnnieFreedom1 @Boazim @therealhmo @vaknin_yogev @Avivsgv @UdiQimron זה שתשתמש במילים לא יהפוך את זה לנכון. אין שום דבר בולשביסטי ולא פשיסטי בלהצביע על עובדות מדויקות. הלאה ביביסט.. תתקדם. נשבר לך הלב שהבנת שהמנהיג שלך מוכן לשרוף בכבשן מיליוני ישראלים שהוא לא רואה ממטר? מנסה ליישב את ההבנה שסגרים זה בולשביזם ופשיזם עם תמיכה בראש משפחת פשע? בהצלחה.,זה שתשתמש במילים לא יהפוך את זה לנכון אין שום דבר בולשביסטי ולא פשיסטי בלהצביע על עובדות מדויקות הלאה ביביסט תתקדם נשבר לך הלב שהבנת שהמנהיג שלך מוכן לשרוף בכבשן מיליוני ישראלים שהוא לא רואה ממטר מנסה ליישב את ההבנה שסגרים זה בולשביזם ופשיזם עם תמיכה בראש משפחת פשע בהצלחה,0
2817,NOT,,,,@sport5il הערוץ שלכם נכבה לי באמצע משחק nba,הערוץ שלכם נכבה לי באמצע משחק,0
2818,hate,Arab,politics,הפלסטינים,"@JbareenYanal @rabea_bader מי שהתנער מערבי ישראל ,אלו דווקא מי שבחרתם בהם והיו אמורים לדאוג לאינטרסים שלהם ובמקום זה, הם היו עסוקים להתחרות מי יהיה יותר לאומני ולוחמני למען הפלסטינים ...",מי שהתנער מערבי ישראל אלו דווקא מי שבחרתם בהם והיו אמורים לדאוג לאינטרסים שלהם ובמקום זה הם היו עסוקים להתחרות מי יהיה יותר לאומני ולוחמני למען הפלסטינים,1
2819,NOT,UNT,,השרמוטות הפוליטיות,@sari_azoulay לא חששתי לשניה אני מבסוט רצח שנחש משקפיים והשרמוטות הפוליטיות שלו יצאו לליכוד ממחזור הדם הבעיה היא שמתפקדי מרץ בליכוד עדיין אתנו וידחפו שרמוטות ונחשים חדשים פנימה ולמעלה מקווה שאני טועה,לא חששתי לשניה אני מבסוט רצח שנחש משקפיים והשרמוטות הפוליטיות שלו יצאו לליכוד ממחזור הדם הבעיה היא שמתפקדי מרץ בליכוד עדיין אתנו וידחפו שרמוטות ונחשים חדשים פנימה ולמעלה מקווה שאני טועה,0
2820,hate,Attorney's office,politics,אויב,אין כלום כי לא היה כלום. אויב הציבור מס 1 פרקליטות https://t.co/NUOXq0r1kQ,אין כלום כי לא היה כלום אויב הציבור מס פרקליטות,1
2821,Hate,Arab,Racism,רוצח,"@mazkirhakibutz @WafiHamed1 @SamerBarhamS אדוני המזכיר, אני מנסה להסביר להם שכדי לפתור את בעיית האלימות בחברה הערבית הם חייבים ללמד את הדור הבא שלהם שאלימות זה רע, אי אפשר לחנך ילד לאלימות ואז כשהוא גדל הוא רוצח את השכן שלו.",אדוני המזכיר אני מנסה להסביר להם שכדי לפתור את בעיית האלימות בחברה הערבית הם חייבים ללמד את הדור הבא שלהם שאלימות זה רע אי אפשר לחנך ילד לאלימות ואז כשהוא גדל הוא רוצח את השכן שלו,1
2822,hate,Ayman Odeh,Hate,איימן עודה,"נאסראללה פונה לערביי ישראל ואומר שהוא יודע כמה הם מיחלים לשחרור פלסטין כולה. נצפה מחר לתגובת חה״כ איימן עודה שבעבר דחה את ההחלטה האמריקנית להכריז על חיזבאללה ארגון טרור, כי לדידו הם לוחמי חופש.",נאסראללה פונה לערביי ישראל ואומר שהוא יודע כמה הם מיחלים לשחרור פלסטין כולה נצפה מחר לתגובת חה״כ איימן עודה שבעבר דחה את ההחלטה האמריקנית להכריז על חיזבאללה ארגון טרור כי לדידו הם לוחמי חופש,1
2823,NOT,UNT,,החלאות,ברור אלה מי רק החלאות בני העוולה נבלות חזיר עם כיפות סרוחות וזקן ימח שמם וזכר זכרם אוכלי חינם עוכרי ישראל אחד נבלה פושע גנב מורשע והשני טרפה חשוד בבצוע פשעי שחיתות ובהגנה על פדופילית חולת מין https://t.co/hcvGsAASlV,ברור אלה מי רק החלאות בני העוולה נבלות חזיר עם כיפות סרוחות וזקן ימח שמם וזכר זכרם אוכלי חינם עוכרי ישראל אחד נבלה פושע גנב מורשע והשני טרפה חשוד בבצוע פשעי שחיתות ובהגנה על פדופילית חולת מין,0
2824,NOT,,,,"שתי התבטאויות בכל זאת: נסראללה מחבק את ערביי ישראל ואומר כי הם ""מצפים להשבת פלסטין מהים לנהר"", ועל הסכמי אברהם אומר כך (אפשר להלחין את זה): ""שוק השקרים תם. שוק הצביעות מיצה עצמו. מסיכות ההונאה צנחו והצבועים יצאו מחוריהם. ראינו הודאה באמת שהוסתרה עשרות שנים. תודה לאל, זה נגמר"". https://t.co/x0RZmVnEOV",שתי התבטאויות בכל זאת נסראללה מחבק את ערביי ישראל ואומר כי הם מצפים להשבת פלסטין מהים לנהר ועל הסכמי אברהם אומר כך אפשר להלחין את זה שוק השקרים תם שוק הצביעות מיצה עצמו מסיכות ההונאה צנחו והצבועים יצאו מחוריהם ראינו הודאה באמת שהוסתרה עשרות שנים תודה לאל זה נגמר,0
2825,NOT,,,,"בעלי העסקים עדיין נושמים כשיפסיקו, יתעוררו לשרוף את הרחובות. ♨️♨️♨️♨️♨️♨️ 🔥🔥🔥🔥🔥🔥🔥🔥🔥 נראה אם יתעוררו בזמן . בעלי העסקים: ""פגעו בנו פגיעה אנושה"" https://t.co/9sStmRu8il",בעלי העסקים עדיין נושמים כשיפסיקו יתעוררו לשרוף את הרחובות נראה אם יתעוררו בזמן בעלי העסקים פגעו בנו פגיעה אנושה,0
2826,NOT,,,,@Rainberryliya זה לא ימח שמכם,זה לא ימח שמכם,0
2827,NOT,,,,@Calzabruh69 טרור שעדיין אסטרים... https://t.co/Gxos1TcBwg,טרור שעדיין אסטרים,0
2828,NOT,,,,"@ThePickleMaker @9PVk6cD9YiwzmKb @FakeYoel מה זה מוכיח? חולה נוטה למות שנהרג בתאונת דרכים, נספר כהרוג בתאונת דרכים, חולה נוטה למות שנהרג בפיגוע, נספר כנהרג בפיגוע, חולה נוטה למות שנרצח, נספר כקורבן רצח, וחולה נוטה למות שחלה במחלה שקטלה אותו נספר כקורבן המחלה שקטלה אותו. אני מבין שיש לכם סרגל שקובע איזו תוחלת חיים נחשבת.",מה זה מוכיח חולה נוטה למות שנהרג בתאונת דרכים נספר כהרוג בתאונת דרכים חולה נוטה למות שנהרג בפיגוע נספר כנהרג בפיגוע חולה נוטה למות שנרצח נספר כקורבן רצח וחולה נוטה למות שחלה במחלה שקטלה אותו נספר כקורבן המחלה שקטלה אותו אני מבין שיש לכם סרגל שקובע איזו תוחלת חיים נחשבת,0
2829,NOT,,,,@netnetf אוף זה קשה רצח אני לא אעלה על זה בחיים✊🏼😩,אוף זה קשה רצח אני לא אעלה על זה בחיים,0
2830,NOT,,,,"@yotameyal באמת. רק אחרי שאני ""מפסיק להגיב"" אחד מהם צועק משהו בסגנון ""די, הוא לא ערבי, פוצצנו אותו מספיק"" (אמירה בעייתית בפני עצמה..). קוראים לחובש ולרופא, אני עדיין משחק אותה כאילו לא מגיב. מעלים אותי על אמבולנס כאילו לא בגללם העצור במצב הזה. שולחים לבית החולים כאילו הם לא קשורים לאירוע&gt;&gt;",באמת רק אחרי שאני מפסיק להגיב אחד מהם צועק משהו בסגנון די הוא לא ערבי פוצצנו אותו מספיק אמירה בעייתית בפני עצמה קוראים לחובש ולרופא אני עדיין משחק אותה כאילו לא מגיב מעלים אותי על אמבולנס כאילו לא בגללם העצור במצב הזה שולחים לבית החולים כאילו הם לא קשורים לאירוע,0
2831,hate,Ministry of Health,Pandemic,ערבי,"@Tom_Tom_sg @kiril_spok @Nadav_Eyal משרד הבריאות לא ירדוף אחרי אף אחד כדי שיתחסן, לא יהודי ולא ערבי. לכן, היה ראוי שתהיה יוזמה מצד פעילים במגזר.",משרד הבריאות לא ירדוף אחרי אף אחד כדי שיתחסן לא יהודי ולא ערבי לכן היה ראוי שתהיה יוזמה מצד פעילים במגזר,1
2832,NOT,,,,אסור לוותר אסור לתת למשטרה החולה המושחתת ולמנדלבליט העבריין לטייח רצח של ילד בן 16 !!! חייבים צדק לאהוביה ! אלוהים ישמור אותנו מהיהודים הבזויים שרוצחים ילד יהודי ! אסור שזה יעבור בשתיקה!,אסור לוותר אסור לתת למשטרה החולה המושחתת ולמנדלבליט העבריין לטייח רצח של ילד בן חייבים צדק לאהוביה אלוהים ישמור אותנו מהיהודים הבזויים שרוצחים ילד יהודי אסור שזה יעבור בשתיקה,0
2833,NOT,,,,"ימות המשיח? ממש לא! זה אנחנו, אנחנו עם אחד, כולנו אחים! לא נותנים לסטריאוטיפים ולדעות להרחיק אותנו אחד מהשני! @ronitlev12 @ramivered https://t.co/gONXaGUfrT",ימות המשיח ממש לא זה אנחנו אנחנו עם אחד כולנו אחים לא נותנים לסטריאוטיפים ולדעות להרחיק אותנו אחד מהשני,0
2834,NOT,,,,בידי הארגון פי שניים טילים מדוייקים מלפני שנה. כל פלסטין בטווח פגיעה מדוייקת. ישראל משקרת לציבור כשאומרת ששיבשה את הפרויקט. נסראללה רמז על התקדמות משמעותית בתחום ההגנה האווירית של חזבאללה שתפתיע את ישראל בעימות הבא. זה בגדול. לילה טוב,בידי הארגון פי שניים טילים מדוייקים מלפני שנה כל פלסטין בטווח פגיעה מדוייקת ישראל משקרת לציבור כשאומרת ששיבשה את הפרויקט נסראללה רמז על התקדמות משמעותית בתחום ההגנה האווירית של חזבאללה שתפתיע את ישראל בעימות הבא זה בגדול לילה טוב,0
2835,hate,NOT clear,Racism,גזען,"@Yotam__ @EliyahuLawrence דביל, אנטישמי וגזען תקרא למי שהשריץ אותך ולמי ששכח לחנך אותך, פרחח.",דביל אנטישמי וגזען תקרא למי שהשריץ אותך ולמי ששכח לחנך אותך פרחח,1
2836,violence,Not clear,violence,לריב,@shaharf1 בגלל זה אני די רוצה כי יהיה כיף רצח לריב איתם,בגלל זה אני די רוצה כי יהיה כיף רצח לריב איתם,1
2837,NOT,,,,RT @AttorneyNitsana: ארה״ב הסירה את סודאן מרשימת המדינות תומכות טרור בתמורה להסכם עם ישראל. זה אומר שמעתה והלאה סודאן תהא חסינה מפני תביעות…,ארה״ב הסירה את סודאן מרשימת המדינות תומכות טרור בתמורה להסכם עם ישראל זה אומר שמעתה והלאה סודאן תהא חסינה מפני תביעות,0
2838,NOT,,,,@RackMada @hadaskale @yaron2018 @LevineHagai @KnessetT המילים האלו אינן קדושות הקונטקסט עושה אותן גזעניות או רלוונטיות אין שום בעיה להגדיר בטבלה ״חרדי״ ״רוסי״ ״דרוזי״ ״ערבי״ כל עוד יש תוכן ענייני זה נכון לכל מילה גם ״פרה״ אם הקונטקסט רעיל.,המילים האלו אינן קדושות הקונטקסט עושה אותן גזעניות או רלוונטיות אין שום בעיה להגדיר בטבלה ״חרדי״ ״רוסי״ ״דרוזי״ ״ערבי״ כל עוד יש תוכן ענייני זה נכון לכל מילה גם ״פרה״ אם הקונטקסט רעיל,0
2839,NOT,,,,"@HCKQ2S4F3o2FO3a בעולם מתוקן, לחסל סוכנות שפורשת כנפיים שנים כדי לאפשר פעילויות טרור מתוך מבנים שבחזקתה, היה אמור להיות אינטרס של כל מדינה שנפגעה אי פעם מטרור. העיתון הצרפתי לה מונד... צרפת- אישה מוכה שעדיין לא הבינה מי נותן את המכות ומי מקבל",בעולם מתוקן לחסל סוכנות שפורשת כנפיים שנים כדי לאפשר פעילויות טרור מתוך מבנים שבחזקתה היה אמור להיות אינטרס של כל מדינה שנפגעה אי פעם מטרור העיתון הצרפתי לה מונד צרפת אישה מוכה שעדיין לא הבינה מי נותן את המכות ומי מקבל,0
2840,NOT,,,,"RT @SunnyShlomi: כל העולם כולו גשר צר מאוד. ישנם מגוון טענות רווחות בשטח. בחוות השרתים האלה היו גם דאטביסים מפלילים של זיופי דומניון, ויש ה…",כל העולם כולו גשר צר מאוד ישנם מגוון טענות רווחות בשטח בחוות השרתים האלה היו גם דאטביסים מפלילים של זיופי דומניון ויש ה,0
2841,hate,Israeli government,politics,פושעים,מדינת משטרה !!! פרקליטות מושחתת !!! בית משפט מושחת !!!! פרקליט מדינה מניאק מוחזק בגרון פושע עבריין !!! מנדלבליט רוצח המונים שנותן למפגינים להפיץ וירוסים ומחלות !!! משטרת ישראל רוצחת ילדים חפים מפשע בחסות מנדלבליט ובתי המשפט די נמאסתם פושעים לכו !!!!!!!!!!!!!!!!!!!!!!!!!!!!!!,מדינת משטרה פרקליטות מושחתת בית משפט מושחת פרקליט מדינה מניאק מוחזק בגרון פושע עבריין מנדלבליט רוצח המונים שנותן למפגינים להפיץ וירוסים ומחלות משטרת ישראל רוצחת ילדים חפים מפשע בחסות מנדלבליט ובתי המשפט די נמאסתם פושעים לכו,1
2842,NOT,,, ,"@Ayelet__Shaked ללמוד מה? איך לגדל מחבל? איך לגדל ילד שבורח מהמשטרה, שנוסע בפראות? לא מבין את ההבדל ביניכם לבין אלה שרואים במחבלים גיבורים.",ללמוד מה איך לגדל מחבל איך לגדל ילד שבורח מהמשטרה שנוסע בפראות לא מבין את ההבדל ביניכם לבין אלה שרואים במחבלים גיבורים,0
2843,NOT,,,,@NaturalZimprint הוא פיריוד רצח,הוא פיריוד רצח,0
2844,NOT,,,,@roi_zaga @Didashake אתה אויב שלי ב24 שעות הקרובות אבל סך הכל אותך אני אוהב שתדע,אתה אויב שלי ב שעות הקרובות אבל סך הכל אותך אני אוהב שתדע,0
2845,hate,Florentin residents,Hate,אנטישמי,אם פלורנטין הייתה יהודים הייתי אנטישמי,אם פלורנטין הייתה יהודים הייתי אנטישמי,1
2846,NOT,,,,ברור שהרי כל פלסטיני שזורק אבנים נעצר ..אלעק https://t.co/gcpepzELn7,ברור שהרי כל פלסטיני שזורק אבנים נעצר אלעק,0
2847,NOT,,,,@lo_greisas @Orengerman @GivatayimRocks אוקיי מצאתי את זה ביוטיוב הולי שיט זה פשוט מושלם יצא רצח על השחקנים שלו ועל הקהל של הקבוצה ולמי שלא מכיר. שווה צפיה https://t.co/zZQdUtoszu,אוקיי מצאתי את זה ביוטיוב הולי שיט זה פשוט מושלם יצא רצח על השחקנים שלו ועל הקהל של הקבוצה ולמי שלא מכיר שווה צפיה,0
2848,NOT,,,,"@igal_malka @Shutup100000 לא, אתה בהחלט מאשים. רכב של עבריינים התהפך בזמן מרדף משטרתי ואתה שואל מי רצח.",לא אתה בהחלט מאשים רכב של עבריינים התהפך בזמן מרדף משטרתי ואתה שואל מי רצח,0
2849,NOT,,,,"@AdiVaknin6 אבל בדומים פלסטינים צריך לירות, נכון? עזבי, ראיתי שאת ממש רוצה לשבת לקפה עם מחבל יהודי. את אשכרה לא מצליחה לראות את הבעייתיות בהגדרות שלך?",אבל בדומים פלסטינים צריך לירות נכון עזבי ראיתי שאת ממש רוצה לשבת לקפה עם מחבל יהודי את אשכרה לא מצליחה לראות את הבעייתיות בהגדרות שלך,0
2850,NOT,,,,"בני באמת אתה רוצה להשוות ערבי לחרדי ? הערבי שהביא לנו , חומוס, קפה שחור מלכת יופי עובד בבתי חולים ובתי מרקחת ואפילו מייצג את המדינה , לעומת חרדי , שחרד מעצמו חרד על חיו משנורר פושט יד ורגל עושה מהומות והפגנות סודר כבישים ולובד שחורים , נו באמת בני https://t.co/uROtLumDT2",בני באמת אתה רוצה להשוות ערבי לחרדי הערבי שהביא לנו חומוס קפה שחור מלכת יופי עובד בבתי חולים ובתי מרקחת ואפילו מייצג את המדינה לעומת חרדי שחרד מעצמו חרד על חיו משנורר פושט יד ורגל עושה מהומות והפגנות סודר כבישים ולובד שחורים נו באמת בני,0
2851,NOT,,,,@donquixotit @yairlapid יהודי שנהרג במהלך מרדף משטרתי ( מדוע בכלל הוא ברח ? ) = רצח. ערבי שלא הרגו אותו בעת מרדף ( רק פצעו או רק גרוע מכל תפסו אותו ללא פגע ) = פשלה של הרודפים.,יהודי שנהרג במהלך מרדף משטרתי מדוע בכלל הוא ברח רצח ערבי שלא הרגו אותו בעת מרדף רק פצעו או רק גרוע מכל תפסו אותו ללא פגע פשלה של הרודפים,0
2852,NOT,,,,"@9GlsNDbK2oCBjDV @avribloch @YinonMagal עם כל הצער, נהרג. רצח זה בכוונת מכוון. לא יעלה על הדעת ששוטרים רצחו אותו. יש כאן רשלנות איומה מאין כמוה, צריכים לשלם את המחיר, אבל לא רצח.",עם כל הצער נהרג רצח זה בכוונת מכוון לא יעלה על הדעת ששוטרים רצחו אותו יש כאן רשלנות איומה מאין כמוה צריכים לשלם את המחיר אבל לא רצח,0
2853,hate,Leftists,politics,הימין,RT @galidalal: איך תמיד הימין רואה את האמת מול העיניים מזהיר את הציבור ובסוף תמיד יוצא צודק. אוסלו עזה גנץ,איך תמיד הימין רואה את האמת מול העיניים מזהיר את הציבור ובסוף תמיד יוצא צודק אוסלו עזה גנץ,1
2855,NOT,,,,"RT @arnonsegal1: לסיכום השבוע הזה: לא יורים במחבל ערבי שהשליך בקבוק תבערה, אבל מסתערים בנחישות שלא יודעת פשרה על רכבו של נער גבעות (שטרם בר…",לסיכום השבוע הזה לא יורים במחבל ערבי שהשליך בקבוק תבערה אבל מסתערים בנחישות שלא יודעת פשרה על רכבו של נער גבעות שטרם בר,0
2856,NOT,,,,"@YEHUDAYEL1113 @shiraaedri אם תחקור היטב תמצא שדעותיהם של אנשי רעמ לא שונות בהרבה , אם בכלל, מדעות שאר אנשי הרשימה המשותפת. עכשו , אם הממשלה של נתניהו יכלה להשקיע במגזר גם ככה, מדוע צריך להיות שר ערבי בממשלה בשביל זה? הממשלה אמורה לדאוג לכל האזרחים, לא לכל קבוצה יש ייצוג בממשלה.",אם תחקור היטב תמצא שדעותיהם של אנשי רעמ לא שונות בהרבה אם בכלל מדעות שאר אנשי הרשימה המשותפת עכשו אם הממשלה של נתניהו יכלה להשקיע במגזר גם ככה מדוע צריך להיות שר ערבי בממשלה בשביל זה הממשלה אמורה לדאוג לכל האזרחים לא לכל קבוצה יש ייצוג בממשלה,0
2857,NOT,,,,@yairlapid יאיר אנטישמי מזוהם מפגינים שלך בבלפור סטייל מחבלים מעזה. https://t.co/w5fucYivvU,יאיר אנטישמי מזוהם מפגינים שלך בבלפור סטייל מחבלים מעזה,0
2858,NOT,,,,"@AndrzejTurczyn Tak mówi Pan: Strzeż swego głosu od płaczu, a oczu od łez, bo twoja praca jest nagrodzona - wyrocznia Pana; כה אמר יהוה מנעי קולך מבכי ועיניך מדמעה כי יש שכר לפעלתך נאם יהוה ושבו מארץ אויב",כה אמר יהוה מנעי קולך מבכי ועיניך מדמעה כי יש שכר לפעלתך נאם יהוה ושבו מארץ אויב,0
2859,NOT,,,,"RT @JackyHugi: שתי התבטאויות בכל זאת: נסראללה מחבק את ערביי ישראל ואומר כי הם ""מצפים להשבת פלסטין מהים לנהר"", ועל הסכמי אברהם אומר כך (אפשר…",שתי התבטאויות בכל זאת נסראללה מחבק את ערביי ישראל ואומר כי הם מצפים להשבת פלסטין מהים לנהר ועל הסכמי אברהם אומר כך אפשר,0
2860,NOT,,,,@netanyahu @kerenassulin נו ימות המשיח.. הוא מרטווט אותה. היא בשיא שלה אין ספק,נו ימות המשיח הוא מרטווט אותה היא בשיא שלה אין ספק,0
2861,NOT,,,,@carmeldangor זו לא גבעה - אלא התנחלות לא חוקית על אדמה פלסטינית גנובה. כתבת צבע עם מוסיקה מרגשת לא תלבין את הפשעים הללו.,זו לא גבעה אלא התנחלות לא חוקית על אדמה פלסטינית גנובה כתבת צבע עם מוסיקה מרגשת לא תלבין את הפשעים הללו,0
2862,NOT,,,,"@ron_nili @shiraaedri לכן כתבתי: תלוי ברעם באשר לשר ערבי ודאגה למגזר זה נכון שמשלה -או כל גוף - אמור לדאוג לכולם אך כולנו בני אדם , ואם לא מביאים בעיה לפתחנו איננו מודעים לה שר מהמגזר מכיר את בעיות המגזר ויכול להציפן בצורה טובהה יותר עוד תופעה אנושית היא להיות קרובים לדומים לנו [דעות /עמדות וכד",לכן כתבתי תלוי ברעם באשר לשר ערבי ודאגה למגזר זה נכון שמשלה או כל גוף אמור לדאוג לכולם אך כולנו בני אדם ואם לא מביאים בעיה לפתחנו איננו מודעים לה שר מהמגזר מכיר את בעיות המגזר ויכול להציפן בצורה טובהה יותר עוד תופעה אנושית היא להיות קרובים לדומים לנו דעות עמדות וכד,0
2863,NOT,,,,"@semaJamesema @matan_huberman @nirohana1 @David_Amar1 זה הבעיה של כת ""רק לא ביבי"", אתם בטוחים שהוא רוצח או אנס בזמן שהתיק הכי כבד הוא סיקור אוהד (שהולך ומתפורר לכם מול העיניים). מרוב השנאה שלכם אתם מפספסים את כל ההישגים והטוב שקורה פה במדינה (זה הזמן להכניס את המצב הכלכלי בגלל מגפה עולמית- שכנראה ביבי אשם גם בה)",זה הבעיה של כת רק לא ביבי אתם בטוחים שהוא רוצח או אנס בזמן שהתיק הכי כבד הוא סיקור אוהד שהולך ומתפורר לכם מול העיניים מרוב השנאה שלכם אתם מפספסים את כל ההישגים והטוב שקורה פה במדינה זה הזמן להכניס את המצב הכלכלי בגלל מגפה עולמית שכנראה ביבי אשם גם בה,0
2864,NOT,,,,@yishaym @L_Volf @liran__tamari @ParisTelaviv75 קשקוש מחאה הפגנה מטרתם להביע להמחיש תמיכה או התנגדות לרעיון מה שאתה הגדרת הוא טרור ואלימות במינון נמוך אתה עברת רדיקליזה מדמוקרטיה לחוליגניזם,קשקוש מחאה הפגנה מטרתם להביע להמחיש תמיכה או התנגדות לרעיון מה שאתה הגדרת הוא טרור ואלימות במינון נמוך אתה עברת רדיקליזה מדמוקרטיה לחוליגניזם,0
2865,NOT,,,,"@omeraricha @netanyahu קהלים חדשים! שם המפתח להגדלה. ערבי ישראלי שמאמין בדרך נתניהו זה טוב. איזשהו גורם השפעה בעולמות הצעירים. כל המעורבים בפוליטיקה בדרך כזו או אחרת, כמה קולות הם כבר ימשכו? מישהו יצביע לליכוד פתאום כי דנון שם? הירש? ובלי להוריד מהוריד הוא תותח אבל צריך מיגנוט קהלים",קהלים חדשים שם המפתח להגדלה ערבי ישראלי שמאמין בדרך נתניהו זה טוב איזשהו גורם השפעה בעולמות הצעירים כל המעורבים בפוליטיקה בדרך כזו או אחרת כמה קולות הם כבר ימשכו מישהו יצביע לליכוד פתאום כי דנון שם הירש ובלי להוריד מהוריד הוא תותח אבל צריך מיגנוט קהלים,0
2866,hate,Leftists,occupation,כיבוש,"@ZigdonL @YosephHaddad @idanlandau אני כל פעם נדהם מחדש כמה השמאלנים הישראלים חולי נפש ואכולי שנאה עצמית שבלי שום בושה מאמצים את הטרמינולוגיה הפלשתינית על ""כיבוש"" עלק ושלילת זכויות אדם כשכל טיפש בגרוש יודע שבשטח A הפולשים הפלשתינים שולטים באופן מלא ורק זכות התנועה לתוך ישראל נמנעת מהם בשל החשש המוצדק מפיגועים",אני כל פעם נדהם מחדש כמה השמאלנים הישראלים חולי נפש ואכולי שנאה עצמית שבלי שום בושה מאמצים את הטרמינולוגיה הפלשתינית על כיבוש עלק ושלילת זכויות אדם כשכל טיפש בגרוש יודע שבשטח הפולשים הפלשתינים שולטים באופן מלא ורק זכות התנועה לתוך ישראל נמנעת מהם בשל החשש המוצדק מפיגועים,1
2867,Violence,muslims,religion,הורגים,"שליח האלוהים, יהי רצון שתפילתו ושלוםו של אלוהים עליו אמר: ""יהודי מעולם לא עזב מוסלמי אלא שהם הורגים אותו."" #CanYaman אורלי לוי",שליח האלוהים יהי רצון שתפילתו ושלוםו של אלוהים עליו אמר יהודי מעולם לא עזב מוסלמי אלא שהם הורגים אותו אורלי לוי,1
2868,NOT,,,,"@YosephHaddad @idanlandau מצער שעידן התייחס אליך ככה, חשוב לשמור על שיח מכבד גם עם מי שאין אנו מסכימים עם דרכו. אני חושב שיש משהו עוכר שלווה בסובלימטיות שלך להתנהלות הכוחנית של מוסדות השלטון הישראלים ועם זאת אני מעריך את העמדה הפרו-ישראלית שלך שנובעת ממקום מאוד אישי וממחיר כבד ששילמת. אני דווקא שמח איתך.",מצער שעידן התייחס אליך ככה חשוב לשמור על שיח מכבד גם עם מי שאין אנו מסכימים עם דרכו אני חושב שיש משהו עוכר שלווה בסובלימטיות שלך להתנהלות הכוחנית של מוסדות השלטון הישראלים ועם זאת אני מעריך את העמדה הפרוישראלית שלך שנובעת ממקום מאוד אישי וממחיר כבד ששילמת אני דווקא שמח איתך,0
2869,NOT,UNT,,האנטישמי,@isratwit @bezalelsm אבלאתה האנטישמי פה . 😅 אתה לא מבין שאתה בוגד שמאלני ואוטו אנטישמי ואתה מעז לקרוא לאחרים גזענים יא יהודנאצי,אבלאתה האנטישמי פה אתה לא מבין שאתה בוגד שמאלני ואוטו אנטישמי ואתה מעז לקרוא לאחרים גזענים יא יהודנאצי,0
2870,NOT,,,,"@TheTomThanks @Arielidan20 @bnyiroz בוא אני אסביר לך כי כנראה אתה מתקשה- אם אתה תגיע להפגנה מאושרת על ידי המשטרה, שם ישפריצו עליך מהמכתזית בקור הירושלמי, וכשתנסה ללכת משם ידחפו אותך שוטרים, אם תצלם אותם הם יעיפו לך את המצלמה כי ""זה מסנוור"" למרות שאין פלאש. ירביצו לך מכות רצח בלי לעצור אותך אפילו &gt;&gt;",בוא אני אסביר לך כי כנראה אתה מתקשה אם אתה תגיע להפגנה מאושרת על ידי המשטרה שם ישפריצו עליך מהמכתזית בקור הירושלמי וכשתנסה ללכת משם ידחפו אותך שוטרים אם תצלם אותם הם יעיפו לך את המצלמה כי זה מסנוור למרות שאין פלאש ירביצו לך מכות רצח בלי לעצור אותך אפילו,0
2871,NOT,,,,"כאשר הנביא מוחמד, השלום והברכה עליו, עלה למדינה, נקראו אנשי מדינה ""אנסאר"" (שעומדים עם אנשים חלשים ועניים ""מכיוון שקיבלו את השליח, משפחתו וחבריו, ושיתפו את בתיהם ואת כסף איתם. מדוע לא עקבו אחר כך הפלסטינים והערבים המוסלמים כאשר היהודים עלו לארץ ישראל?",כאשר הנביא מוחמד השלום והברכה עליו עלה למדינה נקראו אנשי מדינה אנסאר שעומדים עם אנשים חלשים ועניים מכיוון שקיבלו את השליח משפחתו וחבריו ושיתפו את בתיהם ואת כסף איתם מדוע לא עקבו אחר כך הפלסטינים והערבים המוסלמים כאשר היהודים עלו לארץ ישראל,0
2872,NOT,,,,"@newsisrael13 @Yossi_eli בלפור הגיעו עם לפידים והציתו שרפות אבל בטח שאתם תציגו אותם כמלאכים ואת הימין כמסית בהפגנה שהמוטו שלה ליטרלי ""יהודי לא הורג יהודי"". ושככתם לציין שמי שפגע בשוטר היה פלסטיני ולא מפגין ימין",בלפור הגיעו עם לפידים והציתו שרפות אבל בטח שאתם תציגו אותם כמלאכים ואת הימין כמסית בהפגנה שהמוטו שלה ליטרלי יהודי לא הורג יהודי ושככתם לציין שמי שפגע בשוטר היה פלסטיני ולא מפגין ימין,0
2873,hate,Israeli journalist (Segal Haggi),Terroresim,טרור,"@haggai_segal תחזור לפעולות טרור יהודי, יותר מתאים לך",תחזור לפעולות טרור יהודי יותר מתאים לך,1
2874,hate,Israeli police officer,Not clear,שוטר,RT @yedidya_yemin: לא תאמינו!!!! שוטר במדינת היהודים אומר שצריך לשחוט אותנו. בושה!!!!!!!!!!!!! @AmirOhana https://t.co/q8y9eO2Kws,לא תאמינו שוטר במדינת היהודים אומר שצריך לשחוט אותנו בושה,1
2875,NOT,,,,"@attilus אתה רוצה דעה של ערבי, אז הנה, תומך פייגלין ופעיל ב""אם תרצו"" לא מייצג אותי ואת הרוב המוחץ של החברה הערבית. תקרא את הפוסטים ומאמרי הדעה שלו ותגידי לי אתה האם נראה לך הגיוני שאיש כמוהו ידע לייצג את קול החברה הערבית בצורה אותנטית",אתה רוצה דעה של ערבי אז הנה תומך פייגלין ופעיל באם תרצו לא מייצג אותי ואת הרוב המוחץ של החברה הערבית תקרא את הפוסטים ומאמרי הדעה שלו ותגידי לי אתה האם נראה לך הגיוני שאיש כמוהו ידע לייצג את קול החברה הערבית בצורה אותנטית,0
2876,NOT,,,,@ShmuelDimov @asafnevo4 @bar_peleg @AvishayBenHaim ״פרזיטים״ זה דימוי אנטישמי קלאסי,״פרזיטים״ זה דימוי אנטישמי קלאסי,0
2877,NOT,,,,אם הבן שלי היה רוצח הייתי שולח אותו לפנימייה,אם הבן שלי היה רוצח הייתי שולח אותו לפנימייה,0
2878,NOT,,,,@carmeldangor חוקר משטרה ערבי? מה זה רכב פלסטיני?,חוקר משטרה ערבי מה זה רכב פלסטיני,0
2879,NOT,,,,דיווח ערבי: כוחות צה''ל הורסים את בית המחבל בכפר טורה שרצח את אסתר הורגן הי''ד - עימותים במקום https://t.co/MSnG9j3BwE,דיווח ערבי כוחות צהל הורסים את בית המחבל בכפר טורה שרצח את אסתר הורגן היד עימותים במקום,0
2880,NOT,,,,RT @RotterNet: דיווח ערבי: כוחות צה''ל הורסים את בית המחבל בכפר טורה שרצח את אסתר הורגן הי''ד - עימותים במקום https://t.co/MSnG9j3BwE,דיווח ערבי כוחות צהל הורסים את בית המחבל בכפר טורה שרצח את אסתר הורגן היד עימותים במקום,0
2881,NOT,,,,"@TheRighTr0LL @AdiVaknin6 אמל""ק - כשיהודי יורה בפלסטיני *בורח*, הוא לא משלם על כך, לא פלילית ולא מקצועית. אה, שכחתי, ""פלסטיני בורח"" זאת סכנת חיים",אמלק כשיהודי יורה בפלסטיני בורח הוא לא משלם על כך לא פלילית ולא מקצועית אה שכחתי פלסטיני בורח זאת סכנת חיים,0
2882,NOT,,,,"RT @ilanshpr: …הפשטה, הטרדה מינית ופגיעה במפגינים, בגופם וברכושם, וגם למכות רצח לחרדים ולנערי גבעות מפגינים. על כול אורגיית האלימות הזאת מ…",הפשטה הטרדה מינית ופגיעה במפגינים בגופם וברכושם וגם למכות רצח לחרדים ולנערי גבעות מפגינים על כול אורגיית האלימות הזאת מ,0
2883,NOT,,,,RT @yedidya_yemin: בסרטון הזה תיראו איך התאום שלי שואל את השוטר מדוע הוא לא עוצר את הערבי שהולך בלי מסיכה? תשובתו כן לא תאמינו מדינת ישראל…,בסרטון הזה תיראו איך התאום שלי שואל את השוטר מדוע הוא לא עוצר את הערבי שהולך בלי מסיכה תשובתו כן לא תאמינו מדינת ישראל,0
2884,NOT,,,,@arnoldc18 @AdiVaknin6 אני לא מכיר את הסיפור ולא מכיר את הנהלים. אם קבעו שיש רמות סיכון יותר גבוהות אצלם אז אולי. יכול להיות. לא יודע. אני אזרח פשוט. בלי קשר יש לי הרבה פחות אמפתיה לאנשים שרוצים להשמיד אותי.,אני לא מכיר את הסיפור ולא מכיר את הנהלים אם קבעו שיש רמות סיכון יותר גבוהות אצלם אז אולי יכול להיות לא יודע אני אזרח פשוט בלי קשר יש לי הרבה פחות אמפתיה לאנשים שרוצים להשמיד אותי,0
2885,NOT,,,,"@Yossi_eli אמרת נכון : ""בבלפור - שירה"" זה ההבדל. אנחנו ל-א אלימים, אנחנו לא זורקים אבנים על השוטרים, לא משתמשים בתינוקות כמגן, לא מכנים אותם בשמות גנאי, ולא דופקים מכות רצח ופוצעים שוטרים ואתה יודע - כי היית שם וראית במו עיניך!! וזה בכלל לא בר השוואה. מה נהיה ממך אלי??!! אתה עיתונאי, אתה",אמרת נכון בבלפור שירה זה ההבדל אנחנו לא אלימים אנחנו לא זורקים אבנים על השוטרים לא משתמשים בתינוקות כמגן לא מכנים אותם בשמות גנאי ולא דופקים מכות רצח ופוצעים שוטרים ואתה יודע כי היית שם וראית במו עיניך וזה בכלל לא בר השוואה מה נהיה ממך אלי אתה עיתונאי אתה,0
2886,hate,Hammas,War,חמאס,ארגון הטרור חמאס מציין היום 12 שנה למבצע עופרת יצוקה שהחל בדצמבר 2008. לכתבה המלאה לחצו כאן 👇 https://t.co/gXuxnCX0YR,ארגון הטרור חמאס מציין היום שנה למבצע עופרת יצוקה שהחל בדצמבר לכתבה המלאה לחצו כאן,1
2887,NOT,,,,@Tzoharkashrut אורגני או ערבי זה גידול נגוע? ומה ההסבר לדיבור הנגוע הזה?,אורגני או ערבי זה גידול נגוע ומה ההסבר לדיבור הנגוע הזה,0
2888,NOT,,,,"@Onetruth011 די נו מה ההשוואה בין פיגוע, דבר לצערנו נפוץ, לבין ארוע חטיפת חייל כל חייל חטוף נהיה הילד של כולנו. נקודה.",די נו מה ההשוואה בין פיגוע דבר לצערנו נפוץ לבין ארוע חטיפת חייל כל חייל חטוף נהיה הילד של כולנו נקודה,0
2889,NOT,,,,@arnonsegal1 אז פתאום גם מותר לרצוח ערבים סתם ץ?,אז פתאום גם מותר לרצוח ערבים סתם ץ,0
2890,hate,Leftists,politics,וביבי,@mosheifargan כולם עושים יחד נגד המלך ביבי. כל העולם ואחותו הדיפ סטייט ו shallow state. וטראמפ יהיה הנשיא לעוד 4 שנים וביבי ימות בבלפור עוד 50 שנה. מה אתה יותר חמוץ או מתוסכל? https://t.co/PbFHbSd1Nx,כולם עושים יחד נגד המלך ביבי כל העולם ואחותו הדיפ סטייט ו וטראמפ יהיה הנשיא לעוד שנים וביבי ימות בבלפור עוד שנה מה אתה יותר חמוץ או מתוסכל,1
2891,"Hate, Abusive",Gideon Sa'ar,Racism,חרא כמוך,@gidonsaar @AyalaHasson גדעון הבהמה🐷יש לך ילדה שהתחתנה עם ערבי👹🐍🦀🐀ונכדה ערבייה☠️👽👿👿😉וחרא כמוך לא יכול להיות יהודי👹👹👹,גדעון הבהמהיש לך ילדה שהתחתנה עם ערביונכדה ערבייהוחרא כמוך לא יכול להיות יהודי,1
2892,NOT,,,,@Ahmad_tibi שוב דופקים את הערבים? אני ראיתי ראיון עם יהודי שהלך להתחסן במקום ערבי כי לא היה שם תור ...,שוב דופקים את הערבים אני ראיתי ראיון עם יהודי שהלך להתחסן במקום ערבי כי לא היה שם תור,0
2893,NOT,,,,@nirohana1 נתניהו: שיחרר מחבלים שחזרו לרצוח יהודים מאפשר לחמאס לירות עלינו טילים מאפשר לבדואים לגבות פרוטקשן מבעלי עסקים בנגב ובגליל מגן על הדיקטטורה השיפוטית של בגץ בכל כוחו לא הפריט את התאגיד וגלצ לידי קבוצת תקשורת ימנית מאפשר להסתדרות לשדוד את תקציב המדינה באמצעות הפנסיות התקציביות,נתניהו שיחרר מחבלים שחזרו לרצוח יהודים מאפשר לחמאס לירות עלינו טילים מאפשר לבדואים לגבות פרוטקשן מבעלי עסקים בנגב ובגליל מגן על הדיקטטורה השיפוטית של בגץ בכל כוחו לא הפריט את התאגיד וגלצ לידי קבוצת תקשורת ימנית מאפשר להסתדרות לשדוד את תקציב המדינה באמצעות הפנסיות התקציביות,0
2894,NOT,,,,אם גזען כמוך בקשרים עם ערבי הערבי חייב לקבל את טבלת הגזע שכתובה לך בגמרא (איינם קרויים אדם) וזה ההגדרה במילון לערבי מחמד https://t.co/rRycZlcE9A,אם גזען כמוך בקשרים עם ערבי הערבי חייב לקבל את טבלת הגזע שכתובה לך בגמרא איינם קרויים אדם וזה ההגדרה במילון לערבי מחמד,0
2895,Abusive,Palestinian Israeli citizen,Racism,גזען,"@antoineeliaroni @Mordech57564198 @SiaJass @DorelMasasa אנטואן, אתה סתם בן זונה אנטישמי וגזען. תמיד היית המיץ של החרא של הזבל רק שלא אמרו לך את זה בפנים. אז הגיע הזמן. ואגב, אתה חסום אז תחסוך את התגובה המסריחה שלך!",אנטואן אתה סתם בן זונה אנטישמי וגזען תמיד היית המיץ של החרא של הזבל רק שלא אמרו לך את זה בפנים אז הגיע הזמן ואגב אתה חסום אז תחסוך את התגובה המסריחה שלך,1
2896,NOT,,,,זה שימושי רצח https://t.co/zqw9scSamK,זה שימושי רצח,0
2897,NOT,,,,עשיתי שנצ ארוך רצח מאיזה שלוש ארבע עד תשע רק בשביל שארדפ שוב ואקום בארבע ...,עשיתי שנצ ארוך רצח מאיזה שלוש ארבע עד תשע רק בשביל שארדפ שוב ואקום בארבע,0
2898,NOT,,,,@harush_shlomi @da_sides @DaphnaLiel לו רק היה לך במה להתעסק הרי ימכרו אתכם לערבים תגידו כבוד ואם שמאל היה עושה תקראו לו עוכר ישראל ..ככה זה כשאין שכל הדאגות נעלמות,לו רק היה לך במה להתעסק הרי ימכרו אתכם לערבים תגידו כבוד ואם שמאל היה עושה תקראו לו עוכר ישראל ככה זה כשאין שכל הדאגות נעלמות,0
2899,NOT,,,,@BarashiKinneret כמו תמיד ברוכי מדבר נכון לא נכון העיקר בביטחון . אילנה דיין בעיקר עשתה פיגוע התאבדות בקבוצת עיתונאים,כמו תמיד ברוכי מדבר נכון לא נכון העיקר בביטחון אילנה דיין בעיקר עשתה פיגוע התאבדות בקבוצת עיתונאים,0
2900,NOT,,,,RT @benlevavi: @carmeldangor זו לא גבעה - אלא התנחלות לא חוקית על אדמה פלסטינית גנובה. כתבת צבע עם מוסיקה מרגשת לא תלבין את הפשעים הללו.,זו לא גבעה אלא התנחלות לא חוקית על אדמה פלסטינית גנובה כתבת צבע עם מוסיקה מרגשת לא תלבין את הפשעים הללו,0
2901,,,,,הנה גדעון סער החלאה שגידל ילדה חלאה שהתחתנה עם ערבי😱👹פלסתינאי ולגדעון יש נכדה ערבייה החלאה של בהמות🐷🐷והחלאה רוצה להיות ראש ממשלה כדי לגדל עוד ילדים שיתחתנו עם ערבים והמדינה תהפוך לעזה ושכם ☠️☠️ראו את הסכנת ההתבוללות בעבור בולבול ערבי גדעון עושה הכול🦀🐍☠️☠️☠️☠️ https://t.co/A4bf3GZw54,הנה גדעון סער החלאה שגידל ילדה חלאה שהתחתנה עם ערביפלסתינאי ולגדעון יש נכדה ערבייה החלאה של בהמותוהחלאה רוצה להיות ראש ממשלה כדי לגדל עוד ילדים שיתחתנו עם ערבים והמדינה תהפוך לעזה ושכם ראו את הסכנת ההתבוללות בעבור בולבול ערבי גדעון עושה הכול,0
2902,NOT,,,,"@Tzoharkashrut נגיד אורגני,.זה מונח שיווקי שיוצג בגאווה, אבל איך אני אמור לזהות גידול ערבי?",נגיד אורגניזה מונח שיווקי שיוצג בגאווה אבל איך אני אמור לזהות גידול ערבי,0
2903,NOT,,,,"יורש העצר הסעודי מוחמד בן סלמאן הסתבך בתביעה משפטית נוספת בארה""ב שאותה הגישה שדרנית ערוץ ""אל-ג'זירה"" ע'אדה עוויס, נגדו ונגד השיח' מוחמד בן זאיד, יורש העצר של אבו דאבי. היא מייחסת להם חדירה למכשיר הטלפון הנייד שלה, שימוש בתמונות שהיו בו כדי להכפישה ואיומים על חייה. https://t.co/3fhTAjIE6l",יורש העצר הסעודי מוחמד בן סלמאן הסתבך בתביעה משפטית נוספת בארהב שאותה הגישה שדרנית ערוץ אלגזירה עאדה עוויס נגדו ונגד השיח מוחמד בן זאיד יורש העצר של אבו דאבי היא מייחסת להם חדירה למכשיר הטלפון הנייד שלה שימוש בתמונות שהיו בו כדי להכפישה ואיומים על חייה,0
2904,NOT,,,,"RT @yonibmen: יורש העצר הסעודי מוחמד בן סלמאן הסתבך בתביעה משפטית נוספת בארה""ב שאותה הגישה שדרנית ערוץ ""אל-ג'זירה"" ע'אדה עוויס, נגדו ונגד ה…",יורש העצר הסעודי מוחמד בן סלמאן הסתבך בתביעה משפטית נוספת בארהב שאותה הגישה שדרנית ערוץ אלגזירה עאדה עוויס נגדו ונגד ה,0
2905,NOT,,,,"בארה""ב הוגשו תביעות משפטיות נגד יורש העצר הסעודי מוחמד בן סלמאן וסעודיה הגישה בקשה לארה""ב להעניק לו חסינות. ממשל טראמפ בודק את בקשת החסינות אך יתכן שהיא תעבור לטיפול ממשל ביידן שיש לו ביקורת קשה על סעודיה, אי קבלת החסינות עלולה לפגוע במאמציו של בן סלמאן להיבחר למלך הבא של סעודיה https://t.co/g18LmWl57C",בארהב הוגשו תביעות משפטיות נגד יורש העצר הסעודי מוחמד בן סלמאן וסעודיה הגישה בקשה לארהב להעניק לו חסינות ממשל טראמפ בודק את בקשת החסינות אך יתכן שהיא תעבור לטיפול ממשל ביידן שיש לו ביקורת קשה על סעודיה אי קבלת החסינות עלולה לפגוע במאמציו של בן סלמאן להיבחר למלך הבא של סעודיה,0
2906,NOT,,,,המאופיינת ברחפנים ככלי תעבורה (בין היתר) ורובוטים אנושיים כנותני שירותים. שיא הטכנולוגיה. אין פלא שמדינת ישראל נבחרה לשמש כאוצר בלום להגשמת חלומותיהם של האמירתים להיות מס 1 בעולם בכל תחום. השליט מוחמד רשיד בן מכתום מטביע את חותמו בחוכמה רבה משולבת בהשקעות עתק של פטרו דולרים&gt;&gt;,המאופיינת ברחפנים ככלי תעבורה בין היתר ורובוטים אנושיים כנותני שירותים שיא הטכנולוגיה אין פלא שמדינת ישראל נבחרה לשמש כאוצר בלום להגשמת חלומותיהם של האמירתים להיות מס בעולם בכל תחום השליט מוחמד רשיד בן מכתום מטביע את חותמו בחוכמה רבה משולבת בהשקעות עתק של פטרו דולרים,0
2907,NOT,,,,"אילו היה הנער היהודי,אהוביה סנדק ז""ל,ערבי שנהרג במרדף ע''י שוטרים אטומי-לב? הראשון שהיה רץ לנחם היה רובי ריבלין! שקוף שצמרת המשטרה של מנדלבליט מתעמרת בשר אוחנה במסגרת ההפיכה השלטונית, לעדותו של יו''ר מפלג החקירות בדימוס בועז גוטמן: ""הפרקליטות והמשטרה רוצות להפיל את שלטון הימין""",אילו היה הנער היהודיאהוביה סנדק זלערבי שנהרג במרדף עי שוטרים אטומילב הראשון שהיה רץ לנחם היה רובי ריבלין שקוף שצמרת המשטרה של מנדלבליט מתעמרת בשר אוחנה במסגרת ההפיכה השלטונית לעדותו של יור מפלג החקירות בדימוס בועז גוטמן הפרקליטות והמשטרה רוצות להפיל את שלטון הימין,0
2908,NOT,,,,"תנועת חמאס התחילה בפרוייקט שיקום מחנות הפליטים בלבנון בתחום התשתיות: מים חשמל וסלילת כבישים. לאן נעלם אש""פ? https://t.co/HhzomYJh84",תנועת חמאס התחילה בפרוייקט שיקום מחנות הפליטים בלבנון בתחום התשתיות מים חשמל וסלילת כבישים לאן נעלם אשפ,0
2909,NOT,,,,"RT @navak50: אילו היה הנער היהודי,אהוביה סנדק ז""ל,ערבי שנהרג במרדף ע''י שוטרים אטומי-לב? הראשון שהיה רץ לנחם היה רובי ריבלין! שקוף שצמרת המ…",אילו היה הנער היהודיאהוביה סנדק זלערבי שנהרג במרדף עי שוטרים אטומילב הראשון שהיה רץ לנחם היה רובי ריבלין שקוף שצמרת המ,0
2910,NOT,,,,"חסן נצראללה: קאסם סולימאני הוא זה שעמד מאחורי אספקת טילי נ""ט מתקדמים מסוג ""קורנט"" לארגוני חמאס והג'יהאד האסלאמי ברצועת עזה. https://t.co/Fheaw456tN",חסן נצראללה קאסם סולימאני הוא זה שעמד מאחורי אספקת טילי נט מתקדמים מסוג קורנט לארגוני חמאס והגיהאד האסלאמי ברצועת עזה,0
2911,NOT,,,,"@sadibenshitrit ספר את זה לעבס מנסור.... לתדהמתי, תמיד קם המטומטם התורן (יהוגי או ערבי), שסבור שהוא, הוא יצליח להשיג מהמנוול/מושחת את מה שכל האחרים לפניו נכשלו בו.. @mnsorabbas",ספר את זה לעבס מנסור לתדהמתי תמיד קם המטומטם התורן יהוגי או ערבי שסבור שהוא הוא יצליח להשיג מהמנוולמושחת את מה שכל האחרים לפניו נכשלו בו,0
2912,NOT,,,,"@batelkol שיטור יתר זה נגד אתיופים, שיטור יתר קורה כאשר בחור מוגבל ערבי נורה למוות. נשאלת השאלה האם ההורים של בחורי הגבעות מחנכים אותם לא לפשוע נגד ערבים לא לעקור ולשרוף עצים ומטעים שלהם ולא לזרוק אבנים על כוחות הבטחון.",שיטור יתר זה נגד אתיופים שיטור יתר קורה כאשר בחור מוגבל ערבי נורה למוות נשאלת השאלה האם ההורים של בחורי הגבעות מחנכים אותם לא לפשוע נגד ערבים לא לעקור ולשרוף עצים ומטעים שלהם ולא לזרוק אבנים על כוחות הבטחון,0
2913,NOT,,,,"חסן נצראללה: יורש העצר הסעודי מוחמד בן סלמאן ביקש מארה""ב במהלך ביקורו בוושינגטון לחסל אותי. סעודיה רוצה מזה זמן רב לחסל אותי ובמיוחד לאחר פרוץ המלחמה בתימן. https://t.co/4hZLeiN3L1",חסן נצראללה יורש העצר הסעודי מוחמד בן סלמאן ביקש מארהב במהלך ביקורו בוושינגטון לחסל אותי סעודיה רוצה מזה זמן רב לחסל אותי ובמיוחד לאחר פרוץ המלחמה בתימן,0
2914,NOT,,,,@Yaronben1 @naftalibennett בכלכלה לפעמים צריך להתערב כדי שהיד הנעלמת/תיקון שוק תסיים את הירידה בצורה מהירה. אפשר להמשיך עם היד הנעלמת אבל אז צריך לעצור את ההסגרים ולתת לקורנה לשרוף את דרכה בין האנשים. הבעיה שרוצים לראות כמה שפחות תמותה ולכן חלק מעדיפים סגר.,בכלכלה לפעמים צריך להתערב כדי שהיד הנעלמתתיקון שוק תסיים את הירידה בצורה מהירה אפשר להמשיך עם היד הנעלמת אבל אז צריך לעצור את ההסגרים ולתת לקורנה לשרוף את דרכה בין האנשים הבעיה שרוצים לראות כמה שפחות תמותה ולכן חלק מעדיפים סגר,0
2915,NOT,,,,@GLZRadio @ZionSG1 למה פיצוץ ולא פיגוע?,למה פיצוץ ולא פיגוע,0
2916,NOT,,,,@JoshBreiner גידלו ילד מחבל פאשיסט די עם החרטוטים שלהם,גידלו ילד מחבל פאשיסט די עם החרטוטים שלהם,0
2917,hate,Israeli police,politics,שוטר,"על פי חוק השב""כ! כל שוטר ופרקליט שפתחו בחקירה נגד ראש הממשלה בניגוד לחוק - צריכים להיחקר מיידית. *שמונה ימים *במרתפים הטחובים *עם פשפשים *עם המאהבות והסטיות שלהם על מסכי ענק *בהרעבה מתמדת *עם מדובבים (כמו שעשו לאלי קמיר, כן?) עד שנבין מי הרשה לעצמו לרצוח לנו את הדמוקרטיה. https://t.co/faUDHr7ouh",על פי חוק השבכ כל שוטר ופרקליט שפתחו בחקירה נגד ראש הממשלה בניגוד לחוק צריכים להיחקר מיידית שמונה ימים במרתפים הטחובים עם פשפשים עם המאהבות והסטיות שלהם על מסכי ענק בהרעבה מתמדת עם מדובבים כמו שעשו לאלי קמיר כן עד שנבין מי הרשה לעצמו לרצוח לנו את הדמוקרטיה,1
2918,NOT,,,,"@Navit_M @AvishayBenHaim בתור אחד שלא חוסך ביקורת וקצת בדיחות (בגבול הטעם הטוב) על בנט אני כן יכול להבין שהוא כועס, ייתכן מקנא בהערצה שמקבל נתניהו מהציבור וצמא גם הוא להכרה על הרעיונות שלו. אני לא חושב שבנט כבנאדם, כיהודי, מסוגל להכיל שנאה כה עזה למישהו בתוכו עמו שמביע זאת סער. כאילו נתניהו אויב ישראל.",בתור אחד שלא חוסך ביקורת וקצת בדיחות בגבול הטעם הטוב על בנט אני כן יכול להבין שהוא כועס ייתכן מקנא בהערצה שמקבל נתניהו מהציבור וצמא גם הוא להכרה על הרעיונות שלו אני לא חושב שבנט כבנאדם כיהודי מסוגל להכיל שנאה כה עזה למישהו בתוכו עמו שמביע זאת סער כאילו נתניהו אויב ישראל,0
2919,hate,Israeli police,politics,שוטר,"RT @HaBohanim: על פי חוק השב""כ! כל שוטר ופרקליט שפתחו בחקירה נגד ראש הממשלה בניגוד לחוק - צריכים להיחקר מיידית. *שמונה ימים *במרתפים הטחו…",על פי חוק השבכ כל שוטר ופרקליט שפתחו בחקירה נגד ראש הממשלה בניגוד לחוק צריכים להיחקר מיידית שמונה ימים במרתפים הטחו,1
2920,NOT,,,,"אז חיימוביץ' וזמיר כבר לא, וכ""ל זו עוד מפלגת ימין על הרצף הפאשיסטו-לאומני-משיחי-מכשיר מאחזים? בהצלחה להם להתברג בין המספח מרעננה, דרך המושחת-נאשם ועד רודף הזרים מתל-אביב.",אז חיימוביץ וזמיר כבר לא וכל זו עוד מפלגת ימין על הרצף הפאשיסטולאומנימשיחימכשיר מאחזים בהצלחה להם להתברג בין המספח מרעננה דרך המושחתנאשם ועד רודף הזרים מתלאביב,0
2921,NOT,,,,@AsafG08470488 @VladimirBeliak היה הרבה יותר קל אם הממשלה היתה מראה יותר שקיפות.... אבל אז זה היה מחבל בהאדרת שמו של המנהיג העליון.......,היה הרבה יותר קל אם הממשלה היתה מראה יותר שקיפות אבל אז זה היה מחבל בהאדרת שמו של המנהיג העליון,0
2922,hate,Leftists,politics,ליכודניקית,@yosha_yoni @Beelzeb83184296 @OsnathilaMark ברורר אני ליכודניקית מגיל 17 ולא כמוך עוכר מדינת ישראל ועם הנרכיסטים שממומנים הדגלים השחורים מלפיד ואהוד ברק ונוני מוזס וליברמן ומנדבליט עבריינים הפרעה,ברורר אני ליכודניקית מגיל ולא כמוך עוכר מדינת ישראל ועם הנרכיסטים שממומנים הדגלים השחורים מלפיד ואהוד ברק ונוני מוזס וליברמן ומנדבליט עבריינים הפרעה,1
2923,hate,Syrian refugees,Terroresim,פליטים,לבנון#פיגוע הצתה בעשרות משפחות פליטים סוריות בלבנון. סכסוך בין משפחה לבנונית לפליטים סורים מסתיימת בשריפת מחנה שלם ושריפת רכושם של 370 איש. https://t.co/ge6C6qXx1t,לבנון הצתה בעשרות משפחות פליטים סוריות בלבנון סכסוך בין משפחה לבנונית לפליטים סורים מסתיימת בשריפת מחנה שלם ושריפת רכושם של איש,1
2924,hate,Leftists,politics,אנטישמי,@Beelzeb83184296 @BENDOR_IRIS @OsnathilaMark לך תלמד לכתוב יחולה נפש דוחה ברמות דחוף אישפוז אברבנל מחכה לך עבריין ומושחת אנטישמי זרע עמלק עוכר מדינת ישראל בושה וחרפה לך בוז בוז בוז לך 💩💩💩🗣🗣🗣🗣🗣🗣🤮🤮🤮🤮🐷🐷🐷🐷🐷🐷🐷,לך תלמד לכתוב יחולה נפש דוחה ברמות דחוף אישפוז אברבנל מחכה לך עבריין ומושחת אנטישמי זרע עמלק עוכר מדינת ישראל בושה וחרפה לך בוז בוז בוז לך,1
2925,NOT,,,,"@gerifogi גוי עשה אותך. דווקא מוסלמי זה נפלא. לא? מנסור עבאס החבר הכי טוב בעולם של ביביהו. כל החברים שלך בעדר הערסים של מושחת סגול טסים למוסלמים בדובאי ( יהודים עלאק,מלך תקרא מה עושים שם לנשים כחלק מה'בילוי'). לך תקרא 10 הדיברות, ספר לנו על כמה מושחתיהו עובר לאורך שנים",גוי עשה אותך דווקא מוסלמי זה נפלא לא מנסור עבאס החבר הכי טוב בעולם של ביביהו כל החברים שלך בעדר הערסים של מושחת סגול טסים למוסלמים בדובאי יהודים עלאקמלך תקרא מה עושים שם לנשים כחלק מהבילוי לך תקרא הדיברות ספר לנו על כמה מושחתיהו עובר לאורך שנים,0
2926,NOT,,,,"יפעת שאשא ביטון היא ליקוי מאורות כללי..ציבורי ,ציוני,תרבותי , חברתי אישה מכלום עם מטען של כלום וכריזמה של כלום מגיעה מכורח ההסתברות להיות יושבת ראש ועדה של הנושא החשוב ביותר במאה 21.. מתפקדת באופן מחפיר.. עבריני ממש.. והופכת להיות פוטנציל לאדם מספר 2 בהנהגת המדינה המסובכת בעולם.",יפעת שאשא ביטון היא ליקוי מאורות כלליציבורי ציוניתרבותי חברתי אישה מכלום עם מטען של כלום וכריזמה של כלום מגיעה מכורח ההסתברות להיות יושבת ראש ועדה של הנושא החשוב ביותר במאה מתפקדת באופן מחפיר עבריני ממש והופכת להיות פוטנציל לאדם מספר בהנהגת המדינה המסובכת בעולם,0
2927,NOT,,,,"@yakovahimeir פשוט וקל נתניהו שמאל קיצון ,ראה תוכנית מאה אחוז מדינת טרור בלב ארץ ישראל השלמה והיפה.",פשוט וקל נתניהו שמאל קיצון ראה תוכנית מאה אחוז מדינת טרור בלב ארץ ישראל השלמה והיפה,0
2928,NOT,,,,@MosheYifrah החיים הם כמו גדעון פעם את למעלה ופעם השמאל מחבל לך בכסא ואז... אתה למטה https://t.co/oboqbMP0M6,החיים הם כמו גדעון פעם את למעלה ופעם השמאל מחבל לך בכסא ואז אתה למטה,0
2929,NOT,,,,"RT @FlkiVilgerarso1: יפעת שאשא ביטון היא ליקוי מאורות כללי..ציבורי ,ציוני,תרבותי , חברתי אישה מכלום עם מטען של כלום וכריזמה של כלום מגיעה מ…",יפעת שאשא ביטון היא ליקוי מאורות כלליציבורי ציוניתרבותי חברתי אישה מכלום עם מטען של כלום וכריזמה של כלום מגיעה מ,0
2930,NOT,,,,"@itamarbengvir ידע כל מתנחל מרביץ ואלים כי יש דין ויד דיין, ואלוהים רואה את הפוגרומים העצים הכרותים ואת עני עמו. א+",ידע כל מתנחל מרביץ ואלים כי יש דין ויד דיין ואלוהים רואה את הפוגרומים העצים הכרותים ואת עני עמו א,0
2931,NOT,,,,@ErelSegal אתה סכסכן!!! כשהרביצו מכות רצח למפגינים בבלפור לא שמעתי אותך מזדעק!! ואני מקשיבה לך ברדיו..,אתה סכסכן כשהרביצו מכות רצח למפגינים בבלפור לא שמעתי אותך מזדעק ואני מקשיבה לך ברדיו,0
2932,NOT,,,,"@gidonsaar @AyalaHasson ״מהרסייך ומחריבייך ממך יצאו״ ביצעת פיגוע בתוך הימין! האמנתי שאתה האיש לאחר לכתו של נתניהו בתוך הליכוד! אך משהוצאת את עצמך מהמחנה, אינך מהווה אלטרנטיבה לדבר יותר. אתה ״מפלגת אווירה״ או יותר נכון ״מפלגת אוויר-רע״ כמו כחלון אתה תעלם בבחירות החמישיות.",״מהרסייך ומחריבייך ממך יצאו״ ביצעת פיגוע בתוך הימין האמנתי שאתה האיש לאחר לכתו של נתניהו בתוך הליכוד אך משהוצאת את עצמך מהמחנה אינך מהווה אלטרנטיבה לדבר יותר אתה ״מפלגת אווירה״ או יותר נכון ״מפלגת אוויררע״ כמו כחלון אתה תעלם בבחירות החמישיות,0
2933,NOT,,,,"""גם כיבוש בלית ברירה הוא משחית. גם כיבוש נאור והומני וליברלי הוא כיבוש"". עמוס עוז, גדול סופרי ישראל, נפטר היום לפני שנתיים.",גם כיבוש בלית ברירה הוא משחית גם כיבוש נאור והומני וליברלי הוא כיבוש עמוס עוז גדול סופרי ישראל נפטר היום לפני שנתיים,0
2934,NOT,,,,"@dvir_gopshtein @drmichaelbenari ""רוצח ילדים"" זה תיאור מדויק. השוטר שניגח ראוי לכלוב משלו עד 120 ויאללה סלמאת",רוצח ילדים זה תיאור מדויק השוטר שניגח ראוי לכלוב משלו עד ויאללה סלמאת,0
2935,Hate,Arab,Racism,ערבי,@a51LetvgkZzmWCw שיריונים מעולים!!! חסר לי ערבי ברשימה,שיריונים מעולים חסר לי ערבי ברשימה,1
2936,NOT,,,,שוב רצח.... אין סוף לאלימות והפשיעה גבר (55) ממשפחת זבארקה נורה למוות בתוך רכבו....,שוב רצח אין סוף לאלימות והפשיעה גבר ממשפחת זבארקה נורה למוות בתוך רכבו,0
2937,NOT,,,,דיבור רותח על אסטרטגיית צ׳יפים בפיד פנטזי השבוע. כל אלו שחמים לשרוף את כל הצ׳יפים בחודש הקרוב: https://t.co/pK5LPjv6d3,דיבור רותח על אסטרטגיית צ׳יפים בפיד פנטזי השבוע כל אלו שחמים לשרוף את כל הצ׳יפים בחודש הקרוב,0
2938,Hate,Arab,Racisim,ערבי,"אם השטחים מלאים בקורונה,למה מכניסים אותם לעבוד בישראל,""הם ממלאים את האוטובוסים ,מורידים מסכות ומשתעלים בלי סוף ""כך שאל אותי נהג אוטובוס ערבי.ואני שואלת למה עסקים ובעלי חנויות שהכי מקפידים צריכים לסגור?",אם השטחים מלאים בקורונהלמה מכניסים אותם לעבוד בישראלהם ממלאים את האוטובוסים מורידים מסכות ומשתעלים בלי סוף כך שאל אותי נהג אוטובוס ערביואני שואלת למה עסקים ובעלי חנויות שהכי מקפידים צריכים לסגור,1
2939,NOT,,,,@SimonSalisbury6 @BarakRavid ראיתי איך התמודדנו עם חמאס. עדיף שנשלם כסף לכל האויבים שלנו וזהו .,ראיתי איך התמודדנו עם חמאס עדיף שנשלם כסף לכל האויבים שלנו וזהו,0
2940,NOT,,,,@AviNoga3 מה זה? מחסל של דאעש מחובר לאק״ג 😱🤣🤣🤣🤣,מה זה מחסל של דאעש מחובר לאק״ג,0
2941,hate,Not clear,Not clear,רוצח,@arieldanino @Baron28Baron286 איש רוצח חלאה,איש רוצח חלאה,1
2942,NOT,,,,נראה כאילו ארגוני הפשיעה בחברה הערבית ממש מאמינים שתכף המשטרה תעשה משהו ולכן הם מזדרזים עם כל מעשי הרצח. או שחשוב להם לקבוע שיא לפני סוף 2020. או שהם פשוט ממשיכים כרגיל - כי אין חוק אצלם וסבבה להם. רצח הלילה בלוד.,נראה כאילו ארגוני הפשיעה בחברה הערבית ממש מאמינים שתכף המשטרה תעשה משהו ולכן הם מזדרזים עם כל מעשי הרצח או שחשוב להם לקבוע שיא לפני סוף או שהם פשוט ממשיכים כרגיל כי אין חוק אצלם וסבבה להם רצח הלילה בלוד,0
2943,NOT,,,,RT @Sharon_Luzon: נראה כאילו ארגוני הפשיעה בחברה הערבית ממש מאמינים שתכף המשטרה תעשה משהו ולכן הם מזדרזים עם כל מעשי הרצח. או שחשוב להם לקב…,נראה כאילו ארגוני הפשיעה בחברה הערבית ממש מאמינים שתכף המשטרה תעשה משהו ולכן הם מזדרזים עם כל מעשי הרצח או שחשוב להם לקב,0
2944,NOT,,,,@Asimmatrix לא מספיק אנטישמי,לא מספיק אנטישמי,0
2945,NOT,,,,"@Ayelet__Shaked ההורים של איאד אלחלק מחכים לביקור שלך, אהה רגע לא הוא ערבוש בהם מותר לירות",ההורים של איאד אלחלק מחכים לביקור שלך אהה רגע לא הוא ערבוש בהם מותר לירות,0
2946,hate,avi bitton,politics,בשמאלני,"@judash0 פרצופו האמיתי של אבי ביטון נחשף לעיני כל. מדובר בשמאלני, אנטי ציוני, עוכר ישראל, בוגד שממומן ע״י הקרן החדשה להפיל את שלטון הימין ולהעלות את המפלגות הערביות לשלטון כדי להוביל למדינת כל אזרחיה",פרצופו האמיתי של אבי ביטון נחשף לעיני כל מדובר בשמאלני אנטי ציוני עוכר ישראל בוגד שממומן ע״י הקרן החדשה להפיל את שלטון הימין ולהעלות את המפלגות הערביות לשלטון כדי להוביל למדינת כל אזרחיה,1
2947,NOT,,,,"@iloveisraell כמובן שאלו סקרים מוזמנים כי אין מצב שמישהו יצביע לגנץ, חוץ מהוד בצר... זה כמו הסקרים שנתנו לפייגלין 7 מנדטים כדי לשרוף קולות של סטלנים חילונים. בפועל פייגלין קיבל 2 מנדטים...",כמובן שאלו סקרים מוזמנים כי אין מצב שמישהו יצביע לגנץ חוץ מהוד בצר זה כמו הסקרים שנתנו לפייגלין מנדטים כדי לשרוף קולות של סטלנים חילונים בפועל פייגלין קיבל מנדטים,0
2948,hate,Not clear,Politics,אנטישמי,@amitay_dror @Asimmatrix צריך שילוב של אנטישמי אנטי ישראלי אנטי ביבי וגזען. הכל ביחד וכל אחד לחוד במידה הרושפת לשעתה.,צריך שילוב של אנטישמי אנטי ישראלי אנטי ביבי וגזען הכל ביחד וכל אחד לחוד במידה הרושפת לשעתה,1
2949,NOT,,,,זדורוב רצח את תאיר ראדה https://t.co/wGT0Cl7RDR,זדורוב רצח את תאיר ראדה,0
2950,NOT,,,,@newsisrael13 @TzurMaor מתאים ששמו תמונה של @IL_police בכתבה על רצח,מתאים ששמו תמונה של בכתבה על רצח,0
2951,Abusive,Arab,Racism,מגעיל,"@rabea_bader הוא לא רלוונטי אם אתה דרוזי, סורי, אנטי ציוני ומגעיל שכמוך.",הוא לא רלוונטי אם אתה דרוזי סורי אנטי ציוני ומגעיל שכמוך,1
2952,NOT,,,,"@YosephHaddad @Motty53 @idanlandau אין דבר כזה ''ערבי מחמד'' - יש ערבים בוחרי שלום! ויש את הגרועים מכווולם את האידיוטים השימושיים: ""אויבי שקר יקרצו עין. כי לא שלום ידברו ועל רגעי-ארץ דברי מרמות חישבון וירחיבו עלי פיהם.."" הכל מכתוב וכתוב בתהילים - עלה והצלח יוסף חדאד רוב העם היהודי מעריך אותך ואת פועלך👍🙏",אין דבר כזה ערבי מחמד יש ערבים בוחרי שלום ויש את הגרועים מכווולם את האידיוטים השימושיים אויבי שקר יקרצו עין כי לא שלום ידברו ועל רגעיארץ דברי מרמות חישבון וירחיבו עלי פיהם הכל מכתוב וכתוב בתהילים עלה והצלח יוסף חדאד רוב העם היהודי מעריך אותך ואת פועלך,0
2953,NOT,,,,"RT @tomaly23: אני רוצה להגיד לכם משהו, אני הימני הכי שמאלני שתכירו. הכי ליברל. הכי פרוגרסיבי. חוסר ההסכמה שלי עם השמאל הסתכם בעבר למשנה כלכ…",אני רוצה להגיד לכם משהו אני הימני הכי שמאלני שתכירו הכי ליברל הכי פרוגרסיבי חוסר ההסכמה שלי עם השמאל הסתכם בעבר למשנה כלכ,0
2954,NOT,,,,"@a51LetvgkZzmWCw @qX3kwODg51XCAsp שואל אותך שאלה. את הצבעת לי בבחירות. בגלל שהצבעת לי, חטפת מכות רצח כמה פעמים. פנית אלי בבכיות, ולא עשיתי עם זה כלום. מישהו יכול להכריח אותך לבחור בי שוב? את תבעטי לו בראש.",שואל אותך שאלה את הצבעת לי בבחירות בגלל שהצבעת לי חטפת מכות רצח כמה פעמים פנית אלי בבכיות ולא עשיתי עם זה כלום מישהו יכול להכריח אותך לבחור בי שוב את תבעטי לו בראש,0
2955,NOT,,,,ההסתבכות של יורש העצר הסעודי מוחמד בן סלמאן https://t.co/kmoDUbEQN2 דרך @YouTube,ההסתבכות של יורש העצר הסעודי מוחמד בן סלמאן דרך,0
2956,NOT,Settlers,violence,ערבי,"@batelkol מה יותר נכון, ערכי ומוצדק מאשר: ״ תמונות של שוטרים פצועים, אבנים על מכתזיות, תקיפת נהג ערבי של אגד שנכנס לבת עין.... משאירים את נוער הגבעות ותומכיהם כקומץ סהרורי, שאף אדם נורמלי לא ירצה להזדהות איתו ולתמוך בו.״ למה חבל שהקומץ הסהרורי הזה מוקע ואינו זוכה להזדהות או אמפטיה?",מה יותר נכון ערכי ומוצדק מאשר ״ תמונות של שוטרים פצועים אבנים על מכתזיות תקיפת נהג ערבי של אגד שנכנס לבת עין משאירים את נוער הגבעות ותומכיהם כקומץ סהרורי שאף אדם נורמלי לא ירצה להזדהות איתו ולתמוך בו״ למה חבל שהקומץ הסהרורי הזה מוקע ואינו זוכה להזדהות או אמפטיה,0
2957,NOT,Ayelet Shaked,Racism,לגזענות,"@Ayelet__Shaked אין ספק שהאירוע מזעזע וצריך להיחקר. ילד לא צריך למות ככה ולא משנה מה הנסיבות. נשק שיורה בילד פלסטיני ואין קול זעקה, במערכה הראשונה, יירה בילד יהודי במערכה השלישית‼ צדק לשני העמים גברת שקד‼...זה כל הסיפור. לגזענות שלך ושל חברייך יש מחיר כבד.",אין ספק שהאירוע מזעזע וצריך להיחקר ילד לא צריך למות ככה ולא משנה מה הנסיבות נשק שיורה בילד פלסטיני ואין קול זעקה במערכה הראשונה יירה בילד יהודי במערכה השלישית צדק לשני העמים גברת שקדזה כל הסיפור לגזענות שלך ושל חברייך יש מחיר כבד,0
2958,NOT,israeli government,Pandemic,התחלואה,"@bmoshe @yo_shela כעיקרון הם נגד והיו נגד לפני כמה שבועות בגלל זה הציעו שורת מגבלות כדי לא להגיע לסגר, אבל הממשלה המשיכה לא לעשות כלום והינה אנחנו (שוב) במקום שאין ברירה וזה גם מה שרובם אומרים. מזכיר לך שהתחלואה הגבוהה עכשיו היא במגזר הכללי ולא בחרדי/ערבי. עדיף לתת סגר כמו שצריך ולסיים עם זה כבר.",כעיקרון הם נגד והיו נגד לפני כמה שבועות בגלל זה הציעו שורת מגבלות כדי לא להגיע לסגר אבל הממשלה המשיכה לא לעשות כלום והינה אנחנו שוב במקום שאין ברירה וזה גם מה שרובם אומרים מזכיר לך שהתחלואה הגבוהה עכשיו היא במגזר הכללי ולא בחרדיערבי עדיף לתת סגר כמו שצריך ולסיים עם זה כבר,0
2959,NOT,,,,אתמול ילד מהכיתה שלי רצה לרצוח אותי,אתמול ילד מהכיתה שלי רצה לרצוח אותי,0
2960,NOT,,,,משה אליישיב. חיים רצח את בת שבע וחנה. תבדוק,משה אליישיב חיים רצח את בת שבע וחנה תבדוק,0
2961,NOT,,,,"@hadarse בהחלטותיו ביבי יותר שמאל ממרץ, ויתר על סיפוח הסכחם ל2 מדינות, מתחבר למפלגות הערביות, תומכי טרור לדבריו, הסכים למסירת נשק קטלני דובר שוויון למדינות ערב, את זה גם מרץ לא היו עושים. רוצים שמאל קיצוני הצביעו ביבי",בהחלטותיו ביבי יותר שמאל ממרץ ויתר על סיפוח הסכחם ל מדינות מתחבר למפלגות הערביות תומכי טרור לדבריו הסכים למסירת נשק קטלני דובר שוויון למדינות ערב את זה גם מרץ לא היו עושים רוצים שמאל קיצוני הצביעו ביבי,0
2962,NOT,,,,"רשמנו לפנינו ציטוט של רם שפע: ""מגיל 0-19 אין שום השפעב על התחלואה"" אנחנו עוד נחזור לרם שפע וכמה חולים ומבוגרים הוא אולי רצח. 🚮 https://t.co/BHBMl7JcXx",רשמנו לפנינו ציטוט של רם שפע מגיל אין שום השפעב על התחלואה אנחנו עוד נחזור לרם שפע וכמה חולים ומבוגרים הוא אולי רצח,0
2963,NOT,,,,"ישראל מובילה את העולם בחיסונים לקורונה ואתמול התחסנו כמעט מאה אלף איש וצריך להגיד מילה טובה לכל האחים והאחיות שבחזית מבצע החיסונים. ותכירו את מוחמד דבאח, תושב דיר אל אסד ואח בקופת חולים כללית, שהוא שיאן המחסנים בישראל וכבר חיסן 835 איש! 🇮🇱💉 @YediotAhronot https://t.co/SA3zvxTpCw",ישראל מובילה את העולם בחיסונים לקורונה ואתמול התחסנו כמעט מאה אלף איש וצריך להגיד מילה טובה לכל האחים והאחיות שבחזית מבצע החיסונים ותכירו את מוחמד דבאח תושב דיר אל אסד ואח בקופת חולים כללית שהוא שיאן המחסנים בישראל וכבר חיסן איש,0
2964,NOT,,,,השאלה הרנדומלית היומית: באילו מקרים רצח נחשב כהגנה עצמית?,השאלה הרנדומלית היומית באילו מקרים רצח נחשב כהגנה עצמית,0
2965,NOT,,,,@FluffyBodySoap רק אם המישהו ההוא עומד לרצוח אותך בעצמו,רק אם המישהו ההוא עומד לרצוח אותך בעצמו,0
2966,NOT,,,,@FluffyBodySoap כשמנסים לרצוח אותך,כשמנסים לרצוח אותך,0
2967,NOT,,,,@Mooshy_Dooshy זה די מפחיד לחשוב על זה שיכניסו אותך לכלא על רצח רק כי התגוננת מפני מישהו שניסה לרצוח אותך כשמישהו מנסה לרצוח אותך הסיטואציה מפחידה בכללי,זה די מפחיד לחשוב על זה שיכניסו אותך לכלא על רצח רק כי התגוננת מפני מישהו שניסה לרצוח אותך כשמישהו מנסה לרצוח אותך הסיטואציה מפחידה בכללי,0
2968,NOT,,,,"@FluffyBodySoap אונס, רצח, כו'",אונס רצח כו,0
2969,NOT,,,,"@idanlandau @saritm0 @attilus אזרח ישראלי,שרת בצבא ונפצע,נלחם בארגוני החרם בכל העולם,נאמן למדינתו הוא לפי תורת הגזע ""ערבי מחמד"". תתבייש,גזען.",אזרח ישראלישרת בצבא ונפצענלחם בארגוני החרם בכל העולםנאמן למדינתו הוא לפי תורת הגזע ערבי מחמד תתביישגזען,0
2970,NOT,,,,"סמא עבד אל האדי, הידועה בכינוי סקאי ווקר, ה DJ מנבי מוסא, שעוררה זעם ברחוב הפלסטיני, נעצרה ע'י משטרת רמאללה, בהוראת התובע הכללי. הרשות הפלסטינית מנסה להדוף את הביקורת הציבורית עליה כמי שאישרה את המסיבה שפגעה ברגשות המוסלמים. אביה סיפר כי מדובר בצילומים לערוצים זרים.",סמא עבד אל האדי הידועה בכינוי סקאי ווקר ה מנבי מוסא שעוררה זעם ברחוב הפלסטיני נעצרה עי משטרת רמאללה בהוראת התובע הכללי הרשות הפלסטינית מנסה להדוף את הביקורת הציבורית עליה כמי שאישרה את המסיבה שפגעה ברגשות המוסלמים אביה סיפר כי מדובר בצילומים לערוצים זרים,0
2971,hate,avi bitton,politics,בוגד,"RT @ISudri: @judash0 פרצופו האמיתי של אבי ביטון נחשף לעיני כל. מדובר בשמאלני, אנטי ציוני, עוכר ישראל, בוגד שממומן ע״י הקרן החדשה להפיל את ש…",פרצופו האמיתי של אבי ביטון נחשף לעיני כל מדובר בשמאלני אנטי ציוני עוכר ישראל בוגד שממומן ע״י הקרן החדשה להפיל את ש,1
2972,NOT,,,,"אלוף החיסונים של ישראל, מוחמד דאבח, אח בקופ""ח כללית בכרמיאל: ""חיסנתי ב-5 ימים 835 איש. אני עובד 12 שעות ביום, מחסן 14 איש בשעה. הגברים פוחדים מהחיסון יותר מהנשים"". משרד הבריאות: אתמול בוצעו 98,916 חיסונים. שר הבריאות אדלשטיין: עד כה התחסנו 379 אלף איש. @golanyochpaz, @AnatDavidov",אלוף החיסונים של ישראל מוחמד דאבח אח בקופח כללית בכרמיאל חיסנתי ב ימים איש אני עובד שעות ביום מחסן איש בשעה הגברים פוחדים מהחיסון יותר מהנשים משרד הבריאות אתמול בוצעו חיסונים שר הבריאות אדלשטיין עד כה התחסנו אלף איש,0
2973,NOT,,,,@FluffyBodySoap בניסיון של אונס או רצח,בניסיון של אונס או רצח,0
2974,NOT,,,,"@noamicoo @benlevavi @carmeldangor לא גם, אלא רק. לרוב מוחלט של אדמות יו""ש אין שום בעלות של ערבי ""פלשתיני"" כלשהו. זה לא מפריע לשמאל בתעמולת השנאה.",לא גם אלא רק לרוב מוחלט של אדמות יוש אין שום בעלות של ערבי פלשתיני כלשהו זה לא מפריע לשמאל בתעמולת השנאה,0
2975,NOT,,,,"#اللد مقتل الحاج سلمان القحص ابو ابراهيم الزبارقة 54 عاما▪︎تم اطلاق النار عليه وهو في سيارته بالطريق الى المسجد لتادية صلاة الفجر. #לוד עוד קורבן רצח סלמאן אלקאחס אבו איברהים אלזברגה, בן 54, נורה בעת שהיה במכוניתו בדרך למסגד לתפילת שחרית. https://t.co/2wWBKZyWaR",עוד קורבן רצח סלמאן אלקאחס אבו איברהים אלזברגה בן נורה בעת שהיה במכוניתו בדרך למסגד לתפילת שחרית,0
2976,NOT,,,,RT @yair_kraus: מה משטרת ישראל במרחב חוף מספרת לנו? שעצרו מפגין בקיסריה שהוביל תהלוכה לא חוקית. מה היא לא תספר לנו? עוד אירוע לאומני בעכו א…,מה משטרת ישראל במרחב חוף מספרת לנו שעצרו מפגין בקיסריה שהוביל תהלוכה לא חוקית מה היא לא תספר לנו עוד אירוע לאומני בעכו א,0
2977,NOT,,,,"@BenCaspit מי שיושן עם כלבים מתעורר עם קרציות, משפט ערבי ידוע",מי שיושן עם כלבים מתעורר עם קרציות משפט ערבי ידוע,0
2978,NOT,,,,@eyalvenoa @uribreitman מעבר לזה רק הבוקר פורסם ששירותי הביטחון של הרשות מנעו פיגוע דקירה של פלסטיניות משכם,מעבר לזה רק הבוקר פורסם ששירותי הביטחון של הרשות מנעו פיגוע דקירה של פלסטיניות משכם,0
2979,NOT,,,,@ChenShopen1 לא מכירה אותך.לא מתעניינת בכדורגל. שיקפצו כל הכועסים והזועמים.הדבר הזה(יש לי כינוי ראוי יותר)שקוראים לו דור מיכה צריך להישאר במחשכים עד שיישכח מחיינו. בקצה השני של המדינה יש שתי נערות שחייהן גיהנום.טרור נפשי יום יומי.גולדהר עשה את מה שלא עשתה המשטרה ו/או בית המשפט.#מאמינה_להן,לא מכירה אותךלא מתעניינת בכדורגל שיקפצו כל הכועסים והזועמיםהדבר הזהיש לי כינוי ראוי יותרשקוראים לו דור מיכה צריך להישאר במחשכים עד שיישכח מחיינו בקצה השני של המדינה יש שתי נערות שחייהן גיהנוםטרור נפשי יום יומיגולדהר עשה את מה שלא עשתה המשטרה ואו בית המשפט,0
2980,NOT,,,,@ChangedBio מדהים שכל העבדים של הנאשם באים כדי להתרפס לפני הפאשיסטית הזו ששכלה בן כשהיה עסוק בפעילות טרור נגד ערבים.,מדהים שכל העבדים של הנאשם באים כדי להתרפס לפני הפאשיסטית הזו ששכלה בן כשהיה עסוק בפעילות טרור נגד ערבים,0
2981,NOT,,,,"RT @radio103fm: אלוף החיסונים של ישראל, מוחמד דאבח, אח בקופ""ח כללית בכרמיאל: ""חיסנתי ב-5 ימים 835 איש. אני עובד 12 שעות ביום, מחסן 14 איש ב…",אלוף החיסונים של ישראל מוחמד דאבח אח בקופח כללית בכרמיאל חיסנתי ב ימים איש אני עובד שעות ביום מחסן איש ב,0
2982,NOT,,,,"@naftalibennett בנט, לא אמרת דבר על רצח אהוביה סנדק ז""ל. האם אתה מגנה את הרוצחים?",בנט לא אמרת דבר על רצח אהוביה סנדק זל האם אתה מגנה את הרוצחים,0
2983,NOT,,,,"כאן גאים הסרט #רצח_בקולנוע_צפון הוכרז כסרט התיעודי הטוב ביותר במסגרת פרסי פורום מבקרי הקולנוע בישראל 2020 🏆🎥 מנימוקי הבחירה: ""הסרט מציג את סיפורו רב התהפוכות באופן מרתק ומותח, תוך שהוא מעניק לצופים הצצה לצד פחות מוכר של ההיסטוריה המקומית"" https://t.co/o4KgrSqdGo #כאן_דוקו",כאן גאים הסרט הוכרז כסרט התיעודי הטוב ביותר במסגרת פרסי פורום מבקרי הקולנוע בישראל מנימוקי הבחירה הסרט מציג את סיפורו רב התהפוכות באופן מרתק ומותח תוך שהוא מעניק לצופים הצצה לצד פחות מוכר של ההיסטוריה המקומית,0
2984,NOT,,,,"ישראל מתחסנת: מוחמד דאבח, אח ישראלי, מחזיק בשיא הישראלי לחיסונים נגד קורונה, כשחיסן עד כה 835 בני אדם. (רדיו 103)",ישראל מתחסנת מוחמד דאבח אח ישראלי מחזיק בשיא הישראלי לחיסונים נגד קורונה כשחיסן עד כה בני אדם רדיו,0
2985,NOT,,,,"כבר יום רביעי שאנחנו תחת מתקפת רוחות מזרחיות קשות. האויר מחושמל קצת ומשבים של עשרות קמ""ש מעיפים חפצים, גורמים נזקים ויוצרים רעש קקופוני כמו אנסמבל מהגיהנום. רק סיפור אחד מנחם אותי בימים כאלו- בימים שרבי נפתלי מרופשיץ שהה אצל רבו, ה'חוזה' מלובלין, אירע פעם אחת שהשתוללה סערה עזה&gt;",כבר יום רביעי שאנחנו תחת מתקפת רוחות מזרחיות קשות האויר מחושמל קצת ומשבים של עשרות קמש מעיפים חפצים גורמים נזקים ויוצרים רעש קקופוני כמו אנסמבל מהגיהנום רק סיפור אחד מנחם אותי בימים כאלו בימים שרבי נפתלי מרופשיץ שהה אצל רבו החוזה מלובלין אירע פעם אחת שהשתוללה סערה עזה,0
2986,NOT,,,,@mossi_raz אין כיבוש נאור.,אין כיבוש נאור,0
2987,NOT,,,,"RT @kann: כאן גאים הסרט #רצח_בקולנוע_צפון הוכרז כסרט התיעודי הטוב ביותר במסגרת פרסי פורום מבקרי הקולנוע בישראל 2020 🏆🎥 מנימוקי הבחירה: ""ה…",כאן גאים הסרט הוכרז כסרט התיעודי הטוב ביותר במסגרת פרסי פורום מבקרי הקולנוע בישראל מנימוקי הבחירה ה,0
2988,NOT,,,,"השר לבטחון פנים ביקר אתמול משפחה של מחבל יהודי שנהרג בתאונה עבודה, יממה לאחר שמחבלים יהודים אחרים התפרעו ותקפו את השוטרים שלו.",השר לבטחון פנים ביקר אתמול משפחה של מחבל יהודי שנהרג בתאונה עבודה יממה לאחר שמחבלים יהודים אחרים התפרעו ותקפו את השוטרים שלו,0
2989,NOT,,,,"RT @ygurvitz: השר לבטחון פנים ביקר אתמול משפחה של מחבל יהודי שנהרג בתאונה עבודה, יממה לאחר שמחבלים יהודים אחרים התפרעו ותקפו את השוטרים שלו.",השר לבטחון פנים ביקר אתמול משפחה של מחבל יהודי שנהרג בתאונה עבודה יממה לאחר שמחבלים יהודים אחרים התפרעו ותקפו את השוטרים שלו,0
2990,NOT,,,,"@FluffyBodySoap כשיש איום על חייך מאדם אחר (לא המשטרה/הצבא) לדוגמא בניסיון רצח, שוד, יש הטוענים גם באונס",כשיש איום על חייך מאדם אחר לא המשטרההצבא לדוגמא בניסיון רצח שוד יש הטוענים גם באונס,0
2991,NOT,,,,"@kirsh_tali כן, אבל הרחיבו את זה. עכשיו כל ערב בכל ערוץ, כל ימות השנה.",כן אבל הרחיבו את זה עכשיו כל ערב בכל ערוץ כל ימות השנה,0
2992,NOT,,,,@shemeshmicha טוב הוא חתיך רצח. לא מבין איך מישהו חשב שהוא יהיה מספיק טוב,טוב הוא חתיך רצח לא מבין איך מישהו חשב שהוא יהיה מספיק טוב,0
2993,NOT,,,,"@NadavPerez דבר איתי כשהוא יגיע לבקר את משפחתו של ילד פלסטיני שיידה אבנים ונורה ע""י שוטרי מג""ב.",דבר איתי כשהוא יגיע לבקר את משפחתו של ילד פלסטיני שיידה אבנים ונורה עי שוטרי מגב,0
2994,NOT,,,,"@Shutup100000 @6hoidGvp7QTnmQs ממש מיותר לרדת מתחת לחגורה תרתי משמע, יש נושאים שעדיף וכדאי לא לדוש בהם ובטח לא להדהד אותם אחרי שנחשפו בטח בצורה שבה הם נחשפו, בנפול אויבך אל תשמח ואל יגל לבך, ובטח שגנץ לא אויב אלא יריב פוליטי, אז לשחרר בבקשה",ממש מיותר לרדת מתחת לחגורה תרתי משמע יש נושאים שעדיף וכדאי לא לדוש בהם ובטח לא להדהד אותם אחרי שנחשפו בטח בצורה שבה הם נחשפו בנפול אויבך אל תשמח ואל יגל לבך ובטח שגנץ לא אויב אלא יריב פוליטי אז לשחרר בבקשה,0
2995,Hate,Ahmed Tibi,Racism,מגינה גזענית,@Ahmad_tibi @sadibenshitrit דיי אחמד מה אתה טוען שזאת מגינה גזענית? נו באמת? מה אתה ערבי?,דיי אחמד מה אתה טוען שזאת מגינה גזענית נו באמת מה אתה ערבי,1
2996,NOT,,,,@ChangedBio אני זוכר שאת רבין רצח יהודי מתנחל....לא יודע,אני זוכר שאת רבין רצח יהודי מתנחללא יודע,0
2997,NOT,,,,@shiraaedri טרוריסט מת בתאונה תשלימי עם זה,טרוריסט מת בתאונה תשלימי עם זה,0
2998,NOT,,,,"בשנים האחרונות יצא שפיתחתי משיכה עזה לאמריקנה משנות ה-70, אני מניח שזה קשור לגיל ולחלק באישיות המתרפק על קלאסיקות שהרדיו נהג לנגן כשהייתי ילד - בכל מקרה, ארגתי פלייליסט 70'יז שמנסה ללכוד את האווירה ההיא של ספסל עץ בחצר בשעת שקיעה והוא הפך להיות פסקול הבוקר המושלם עם הקטנטנה.",בשנים האחרונות יצא שפיתחתי משיכה עזה לאמריקנה משנות ה אני מניח שזה קשור לגיל ולחלק באישיות המתרפק על קלאסיקות שהרדיו נהג לנגן כשהייתי ילד בכל מקרה ארגתי פלייליסט יז שמנסה ללכוד את האווירה ההיא של ספסל עץ בחצר בשעת שקיעה והוא הפך להיות פסקול הבוקר המושלם עם הקטנטנה,0
2999,NOT,,,,RT @miki1650: @N12News המפגינים לא פוגעים בשום עם. זה משרד הבריאות והממשלה שעושים למדינה מגה פיגוע. עברו 6 חודשים ושום תגבור משמעותי לבתי ה…,המפגינים לא פוגעים בשום עם זה משרד הבריאות והממשלה שעושים למדינה מגה פיגוע עברו חודשים ושום תגבור משמעותי לבתי ה,0
3000,NOT,,,,"@ShabtayY @6hoidGvp7QTnmQs לא שמחה והוא לא אויב. מאידך, אם הוא הרשה לעצמו להפקיר את בטחון המדינה ולהסוות את הפריצה של האיראנים לנייד שלו, הוא יעמוד בהלצה זניחה.",לא שמחה והוא לא אויב מאידך אם הוא הרשה לעצמו להפקיר את בטחון המדינה ולהסוות את הפריצה של האיראנים לנייד שלו הוא יעמוד בהלצה זניחה,0
3001,NOT,,,,@OriMalka4 מהירדן ועד הים פלסטין תהיה חינם,מהירדן ועד הים פלסטין תהיה חינם,0
3002,Violence,Arab,Racism,ערבי,@Ahmad_tibi אנחנו יודעים בול מה היה קורה עם יהודי היה מגיע לכפר ערבי,אנחנו יודעים בול מה היה קורה עם יהודי היה מגיע לכפר ערבי,1
3003,NOT,,,,"דיווח: שירותי הביטחון הפלשתיניים סיכלו פיגוע דקירה נגד חיילי צה""ל https://t.co/K1QwJMfyyR",דיווח שירותי הביטחון הפלשתיניים סיכלו פיגוע דקירה נגד חיילי צהל,0
3004,NOT,,,,@YinonMagal דבר ראשון הילד טרוריסט דבר שני יש קורונה אסור לחבק,דבר ראשון הילד טרוריסט דבר שני יש קורונה אסור לחבק,0
3005,NOT,,,,"@hanorgil זה עדיין לא מראה שההפצה נעשית רק ממערכת החינוך. ברוב הגלים, עיקר ההפצה הייתה במגזר החרדי והערבי. ערבי בגלל חתונות וחרדים בגלל מפגשים המוניים כגון: טישים. לחינוך אולי הייתה תרומה אבל בטח לא יחידה. בניו זילנד וטיוואן אחרי הסגר הראשון, בתי הספר גם נשארו פתוחים ולא הייתה הפצה.",זה עדיין לא מראה שההפצה נעשית רק ממערכת החינוך ברוב הגלים עיקר ההפצה הייתה במגזר החרדי והערבי ערבי בגלל חתונות וחרדים בגלל מפגשים המוניים כגון טישים לחינוך אולי הייתה תרומה אבל בטח לא יחידה בניו זילנד וטיוואן אחרי הסגר הראשון בתי הספר גם נשארו פתוחים ולא הייתה הפצה,0
3006,NOT,,,,@rabinowitz_h כי פלסטיני מחוסאן הוא מחוסאן ולא צריך לדאוג לו,כי פלסטיני מחוסאן הוא מחוסאן ולא צריך לדאוג לו,0
3007,NOT,,,,"@LittleMoiz כל הכבוד! רצח עוד כמה עשרות מתושבי עירו, איזה תותח",כל הכבוד רצח עוד כמה עשרות מתושבי עירו איזה תותח,0
3008,Hate,Israeli police,Racisim,נהרג,לא מבין איפה דוברות המשטרה? אין שום קצין שיכול לשפוך אור על המוות של אהוביה סנדק. איפה התקשורת? נהרג פה נער על ידי המשטרה הוא אמנם לא ערבי או אתיופי אבל לא מגיע לנו הציבור לקבל תשובות. צדק לאהוביה סנדק.,לא מבין איפה דוברות המשטרה אין שום קצין שיכול לשפוך אור על המוות של אהוביה סנדק איפה התקשורת נהרג פה נער על ידי המשטרה הוא אמנם לא ערבי או אתיופי אבל לא מגיע לנו הציבור לקבל תשובות צדק לאהוביה סנדק,1
3009,NOT,,,,@dgol2 @Avi06587672 @MoranT555 @DaphnaLiel מנטליות של עבדים מזכירה לי אמירה של הימלר יימח שימו וזכרו. לא פלא שפעם יהודי המזרח חלו בגזזת ועבדו בגטאות. בטח אתה אחד מאלה ששלחו אותם,מנטליות של עבדים מזכירה לי אמירה של הימלר יימח שימו וזכרו לא פלא שפעם יהודי המזרח חלו בגזזת ועבדו בגטאות בטח אתה אחד מאלה ששלחו אותם,0
3010,NOT,,,,"@AviviEitan @yarivop די נמאס לי לחזור על עצמי, אין הבדל בין פושעים בסוגים שונים, אם יש מבחינתך הבדל אתה גזען. לא לקרוא למשטרה על הבן שלי, זה לא כמו לא לקרוא למשטרה על ילד טרוריסט שלך. יאללה צאו",די נמאס לי לחזור על עצמי אין הבדל בין פושעים בסוגים שונים אם יש מבחינתך הבדל אתה גזען לא לקרוא למשטרה על הבן שלי זה לא כמו לא לקרוא למשטרה על ילד טרוריסט שלך יאללה צאו,0
3011,NOT,,,,יום אחד אני בחופש ויש סיפור פלסטיני מוטרף על המאבק הפנימי בתוך החברה הפלסטינית בין ליברליזם למסורת. מזל שיש את גל: https://t.co/T9zzlsotu9,יום אחד אני בחופש ויש סיפור פלסטיני מוטרף על המאבק הפנימי בתוך החברה הפלסטינית בין ליברליזם למסורת מזל שיש את גל,0
3012,NOT,,,,@FluffyBodySoap יש הרבה מאוד מקרים כאלה ממש קשה אני יודע שזה מחוץ לנושא אבל את לא חושבת על לשאול אם זה חוקי לרצוח דרך הגנה עצמית?,יש הרבה מאוד מקרים כאלה ממש קשה אני יודע שזה מחוץ לנושא אבל את לא חושבת על לשאול אם זה חוקי לרצוח דרך הגנה עצמית,0
3013,NOT,,,,"ערבי חוסל, הרקע סכסוך משפחות. https://t.co/K16lqn40KF",ערבי חוסל הרקע סכסוך משפחות,0
3014,NOT,,,,@YoshDo @BarakRavid בסוף מדובר באנשים קטנים שמאיימים איומים גדולים. ושיכולנו להשמיד ברגע אם רצינו.,בסוף מדובר באנשים קטנים שמאיימים איומים גדולים ושיכולנו להשמיד ברגע אם רצינו,0
3015,NOT,,,,"@FluffyBodySoap אני די בטוחה שרצח זה הריגה עם כוונה תחילה. לא נראלי שזה יכול ללכת יד ביד. כאילו, אפשר להרוג כהגנה עצמית, אבל לא נראלי שספציפית רצח יכול להיחשב הגנה עצמית. או שאני טועה?",אני די בטוחה שרצח זה הריגה עם כוונה תחילה לא נראלי שזה יכול ללכת יד ביד כאילו אפשר להרוג כהגנה עצמית אבל לא נראלי שספציפית רצח יכול להיחשב הגנה עצמית או שאני טועה,0
3016,NOT,,,,@YairGolan1 @NitzanHorowitz שמאל ציוני והרשימה המשותפת באותה הרשימה? אתם בוגדים במדינה ובבחירות הקרובים תיעלמו מהמפה הפוליטית!!,שמאל ציוני והרשימה המשותפת באותה הרשימה אתם בוגדים במדינה ובבחירות הקרובים תיעלמו מהמפה הפוליטית,0
3017,NOT,,,,@carmeldangor מאחז זה התנחלות?,מאחז זה התנחלות,0
3018,NOT,,,,"איילון פקוק רצח, תורי ענק בכל בתי הקפה, סגר?! נו באמת!",איילון פקוק רצח תורי ענק בכל בתי הקפה סגר נו באמת,0
3019,NOT,,,,"@mossi_raz ועל כיבוש זכויותנו הבסיסיות בחסות הקורונה ,ועל הסגר שקר -אף מילה.",ועל כיבוש זכויותנו הבסיסיות בחסות הקורונה ועל הסגר שקר אף מילה,0
3020,NOT,,,,"@efroniido @YoazHendel1 גם הרבה ערבי ישראל מצביעים לליכוד, ודרוזים חוזרים אלינו עוד נפתיע בגדול, מחוייבותנו כמצביעי ימין לשלב את ערבי ישראל בחברה",גם הרבה ערבי ישראל מצביעים לליכוד ודרוזים חוזרים אלינו עוד נפתיע בגדול מחוייבותנו כמצביעי ימין לשלב את ערבי ישראל בחברה,0
3021,NOT,,,,RT @YosephHaddad: ישראל מובילה את העולם בחיסונים לקורונה ואתמול התחסנו כמעט מאה אלף איש וצריך להגיד מילה טובה לכל האחים והאחיות שבחזית מבצע…,ישראל מובילה את העולם בחיסונים לקורונה ואתמול התחסנו כמעט מאה אלף איש וצריך להגיד מילה טובה לכל האחים והאחיות שבחזית מבצע,0
3022,NOT,,,,@batelkol כי עדיף לחכות שאבן כזאת תרצח שוטר. לא אמרו שמי שזורק אבן הוא מחבל?,כי עדיף לחכות שאבן כזאת תרצח שוטר לא אמרו שמי שזורק אבן הוא מחבל,0
3023,NOT,,,,"@FluffyBodySoap רצח זו הריגה בכוונה, אתה לא יכול לירות לאוויר ואתה תפגע בטעות בציפור ואז אתה תאמר שאתה רצחת אותה. כי אתה לא פגעת בה בכוונה.",רצח זו הריגה בכוונה אתה לא יכול לירות לאוויר ואתה תפגע בטעות בציפור ואז אתה תאמר שאתה רצחת אותה כי אתה לא פגעת בה בכוונה,0
3024,NOT,,,,"@dumbstipsshit הכוונה שלי הייתה לשאול מתי רצח נחשב כהריגה, מבחינתי רצח זה לקחת חיים של אדם אחר, הריגה זה לקחת חיים של אדם אחר באופן שנחשב למקובל יותר חברתית. אז השאלה שלי היא מה הגבול הדק שבו רצח יכול להיחשב כהריגה.",הכוונה שלי הייתה לשאול מתי רצח נחשב כהריגה מבחינתי רצח זה לקחת חיים של אדם אחר הריגה זה לקחת חיים של אדם אחר באופן שנחשב למקובל יותר חברתית אז השאלה שלי היא מה הגבול הדק שבו רצח יכול להיחשב כהריגה,0
3025,NOT,,,,"@GONENB1 @Kachollavan19 @gantzbe @mikihaimovich1 @IL_police נשלט על ידי מתנחל מאלקנה וחרדית שמתחנפת למתנחלים, למה ציפית?",נשלט על ידי מתנחל מאלקנה וחרדית שמתחנפת למתנחלים למה ציפית,0
3026,NOT,,,,"סיפור קצר של מחמוד א-זהאר מחמאס על פגישתו עם קאסם סולימאני אי שם בעשור הקודם: סולימאני דאג לו יפה והשאיר לו בנמל התעופה של טהראן 22 מיליון דולר לעזה --&gt; במזוודות. כל מזוודה 40 קילו. ""סוכם על יותר אבל היינו רק תשעה ולא יכולנו לסחוב יותר""... שם כנראה החל הרומן של חמאס עם מזוודות https://t.co/txNtFFntVx",סיפור קצר של מחמוד אזהאר מחמאס על פגישתו עם קאסם סולימאני אי שם בעשור הקודם סולימאני דאג לו יפה והשאיר לו בנמל התעופה של טהראן מיליון דולר לעזה במזוודות כל מזוודה קילו סוכם על יותר אבל היינו רק תשעה ולא יכולנו לסחוב יותר שם כנראה החל הרומן של חמאס עם מזוודות,0
3027,NOT,,,,"@ChangedBio אוחנה גזען נטו ! מתי לאחרונה ביקר בבית ערבי לנחם את ההורים שבנם נהרג כשברח מניידת משטרה ? מי שנמלט מניידת משטרה עושה תאונה ונהרג ,גם אם היה רק הנוסע שישא באחריות ללא הבדל דת גזע או מוצא למה אוחנה לא הפנה אצבע מאשימה להורים שכשלו בגידול בנם ?",אוחנה גזען נטו מתי לאחרונה ביקר בבית ערבי לנחם את ההורים שבנם נהרג כשברח מניידת משטרה מי שנמלט מניידת משטרה עושה תאונה ונהרג גם אם היה רק הנוסע שישא באחריות ללא הבדל דת גזע או מוצא למה אוחנה לא הפנה אצבע מאשימה להורים שכשלו בגידול בנם,0
3028,NOT,,,,@Oren767 @Aviadgurman רצח אופי מה שהם עושים לך. תאמין לי. הבנאדם טעה והתנצל. מה עוד אתם רוצים? שיטוס לחצי שנה לקפריסין ואז יחזור לפיד ב״ש???????,רצח אופי מה שהם עושים לך תאמין לי הבנאדם טעה והתנצל מה עוד אתם רוצים שיטוס לחצי שנה לקפריסין ואז יחזור לפיד ב״ש,0
3029,NOT,,,,"@therealnirs תודה, בזכותך אני יכול לשרוף עוד זמן יקר בטוויטר..😊. ומצד שני בגלל זה שכמוך עולם הטכנולוגיה טוב לאנושות. כיף לקרוא אותך!",תודה בזכותך אני יכול לשרוף עוד זמן יקר בטוויטר ומצד שני בגלל זה שכמוך עולם הטכנולוגיה טוב לאנושות כיף לקרוא אותך,0
3030,NOT,,,,"מי שנפטר מקורונה בחודש אוקטובר, לא ימות ממחלה דמוית שפעת (ILI) בחודש ינואר.",מי שנפטר מקורונה בחודש אוקטובר לא ימות ממחלה דמוית שפעת בחודש ינואר,0
3031,NOT,,,,"@Hula_Valley זה בשביל עדר המוסתים. איך התובעת תהיה מאויימת ברמה הגבוהה ביותר, כולל איומי רצח על בנה, אם המטומטמים לא יקבלו את המנה היומית של בלופים על ""תפירת תיקים"". בשביל דבורין זה ביזנס, אז מה אכפת לו לשקר?",זה בשביל עדר המוסתים איך התובעת תהיה מאויימת ברמה הגבוהה ביותר כולל איומי רצח על בנה אם המטומטמים לא יקבלו את המנה היומית של בלופים על תפירת תיקים בשביל דבורין זה ביזנס אז מה אכפת לו לשקר,0
3032,NOT,,,,RT @galberger: סיפור קצר של מחמוד א-זהאר מחמאס על פגישתו עם קאסם סולימאני אי שם בעשור הקודם: סולימאני דאג לו יפה והשאיר לו בנמל התעופה של…,סיפור קצר של מחמוד אזהאר מחמאס על פגישתו עם קאסם סולימאני אי שם בעשור הקודם סולימאני דאג לו יפה והשאיר לו בנמל התעופה של,0
3033,NOT,,,,"@nirhasson @AGvaryahu גאון, כל הכבוד על ההחלטה האמיצה. מי שהלכו לרצוח את משפחת פוגל יקבלו חיסונים לפני ההורים שלי? מקווה שבעזרת השם הממשלה הימנית הבאה שתקום תגרום למחבל-רוצח למות מבלי להגיע לתא. דרך אגב, הדברים יפים גם למחבלים היהודיים שרצחו ערבים.",גאון כל הכבוד על ההחלטה האמיצה מי שהלכו לרצוח את משפחת פוגל יקבלו חיסונים לפני ההורים שלי מקווה שבעזרת השם הממשלה הימנית הבאה שתקום תגרום למחבלרוצח למות מבלי להגיע לתא דרך אגב הדברים יפים גם למחבלים היהודיים שרצחו ערבים,0
3034,NOT,,,,"תיעוד ממצלמת הקסדה: כך לכדו לוחמי הימ""מ את רוצח אסתר הורגן &gt;&gt; https://t.co/UooOKftHTS @OrHeller https://t.co/WN9XnR43Ga",תיעוד ממצלמת הקסדה כך לכדו לוחמי היממ את רוצח אסתר הורגן,0
3035,NOT,,,,"RT @newsisrael13: תיעוד ממצלמת הקסדה: כך לכדו לוחמי הימ""מ את רוצח אסתר הורגן &gt;&gt; https://t.co/UooOKftHTS @OrHeller https://t.co/WN9XnR43Ga",תיעוד ממצלמת הקסדה כך לכדו לוחמי היממ את רוצח אסתר הורגן,0
3036,NOT,,,,@idanlandau @saritm0 @attilus ישראל הראשונה לא נוח לה שיש כאן ערבי מוסלמי ציוני?,ישראל הראשונה לא נוח לה שיש כאן ערבי מוסלמי ציוני,0
3037,NOT,,,,בוקר טוב לא בא לי לעבוד היום אמן ימות כל מי שירצה לקנות נקניקייה ❤️,בוקר טוב לא בא לי לעבוד היום אמן ימות כל מי שירצה לקנות נקניקייה,0
3038,NOT,,,,"@FlkiVilgerarso1 תבדוק את עניין הקנסות שהושתו על שופטים: אורנשטיין ערער על 1000 שח בנהיגה עם טלפון, נדמה לי שגם השופט חאלד כבוב ( על אף שייתכן שהיה זה שופט ערבי אחר)... קשה להם כשזה מגיע אליהם. אפילו מראית עין אין איתם.",תבדוק את עניין הקנסות שהושתו על שופטים אורנשטיין ערער על שח בנהיגה עם טלפון נדמה לי שגם השופט חאלד כבוב על אף שייתכן שהיה זה שופט ערבי אחר קשה להם כשזה מגיע אליהם אפילו מראית עין אין איתם,0
3039,NOT,,,,"@Renje_Ashhifon @dumbstipsshit למשל קורבנות אדם - זה נחשב בעינינו לרצח בגלל שזה לא מקובל חברתית, אבל בחברה שבה זה כן מקובל זה לא נחשב כרצח. ההבדל בין רצח להרג (לפי הפילוסופיה שלי) זה אם הוא מקובל או לא על ידי החברה.",למשל קורבנות אדם זה נחשב בעינינו לרצח בגלל שזה לא מקובל חברתית אבל בחברה שבה זה כן מקובל זה לא נחשב כרצח ההבדל בין רצח להרג לפי הפילוסופיה שלי זה אם הוא מקובל או לא על ידי החברה,0
3040,NOT,,,,@AsafRonel @carmeldangor אסף זה ציוץ מכוער ולא לעניין. כשכרמל חשפה פשעי טרור יהודי גם תהית בנושא?,אסף זה ציוץ מכוער ולא לעניין כשכרמל חשפה פשעי טרור יהודי גם תהית בנושא,0
3041,NOT,,,,@GuyBechor כרגיל אתה יוצא טיפש. אמריקאי בן 63 התאבד בכך שפוצץ את מכוניתו באמצע הלילה. לא פיגוע תופת ולא נעליים. אז תמחוק? תצייץ תיקון? תלמד משהו?,כרגיל אתה יוצא טיפש אמריקאי בן התאבד בכך שפוצץ את מכוניתו באמצע הלילה לא פיגוע תופת ולא נעליים אז תמחוק תצייץ תיקון תלמד משהו,0
3042,NOT,,,,@moshebs11 😂😂😂 אוי מוישה... אתה לא מחובר אחי היקר. טייק אווי לא רוצח כלום,אוי מוישה אתה לא מחובר אחי היקר טייק אווי לא רוצח כלום,0
3043,NOT,,,,גולום משר הטבעות עדיין מפחיד אותי רצח,גולום משר הטבעות עדיין מפחיד אותי רצח,0
3044,NOT,,,,"מושגים חדשים בחקלאות, הלכות כשרות ובתורת הגזע שפגשתי בהם לאחרונה: ״גידול נגוע״ שהוא גידול אורגני או ערבי. לעומת זאת ״דיבור נגוע״ הוא כשר למהדרין.",מושגים חדשים בחקלאות הלכות כשרות ובתורת הגזע שפגשתי בהם לאחרונה ״גידול נגוע״ שהוא גידול אורגני או ערבי לעומת זאת ״דיבור נגוע״ הוא כשר למהדרין,0
3045,Hate,UNT,Racism,רוצח אותו,"אימו של אהוביה סנדק לשר אוחנה ""מה הוא רוצח אותו, מה הוא ערבי?"".",אימו של אהוביה סנדק לשר אוחנה מה הוא רוצח אותו מה הוא ערבי,1
3046,NOT,,,,"אתמול היה יום ז'בוטינסקי במערכת החינוך, מנהיג ציוני שהקים את בית""ר ומשם צמחה תנועת הליכוד. הייתי חבר בשתי התנועות ואף עמדתי בראש בית""ר. בליכוד של פעם ידעו לחיות עוזי לנדאו מימין ומאיר שטרית משמאל, היה מנעד נכון ובריא. היום הכל שם בעד ביבי/נגד ביבי (השותקים).",אתמול היה יום זבוטינסקי במערכת החינוך מנהיג ציוני שהקים את ביתר ומשם צמחה תנועת הליכוד הייתי חבר בשתי התנועות ואף עמדתי בראש ביתר בליכוד של פעם ידעו לחיות עוזי לנדאו מימין ומאיר שטרית משמאל היה מנעד נכון ובריא היום הכל שם בעד ביבינגד ביבי השותקים,0
3047,NOT,,,,"בוקר טוב! ביום רביעי האחרון ביקר המיליארדר סיימון פאליק במעיינות. הוא סייר במקום עם ראשי המאבק, שמע על פרטים על הצו הריסה , התרשם מהמקום והבטיח לעזור במאבק. https://t.co/MxpXnCBp4P",בוקר טוב ביום רביעי האחרון ביקר המיליארדר סיימון פאליק במעיינות הוא סייר במקום עם ראשי המאבק שמע על פרטים על הצו הריסה התרשם מהמקום והבטיח לעזור במאבק,0
3048,NOT,,,,"@yarivop אלוקים, עשה שלעולם לא אתבלבל בין אויב לבין אח.",אלוקים עשה שלעולם לא אתבלבל בין אויב לבין אח,0
3049,NOT,,,,@1dm5sos היא גם שוביניסטית רצח הומופובית וגזענית,היא גם שוביניסטית רצח הומופובית וגזענית,0
3050,NOT,,,,@danielle_be86 תכלס מאוד פשוט להפסיק לשחוט כל מי שמרים ראש ולהתלכד על אדם אחד מסר אחד,תכלס מאוד פשוט להפסיק לשחוט כל מי שמרים ראש ולהתלכד על אדם אחד מסר אחד,0
3051,NOT,,,,@kann_news @KalmanLiebskind כמה הוא ציוני. תסתכלו כמה הוא ציוני. ואדם מאמין בלי כיפה בלי גינונים מאמין בעם היהודי ובארץ ישראל. להתרפק על תקופה שנעלמה.,כמה הוא ציוני תסתכלו כמה הוא ציוני ואדם מאמין בלי כיפה בלי גינונים מאמין בעם היהודי ובארץ ישראל להתרפק על תקופה שנעלמה,0
3052,NOT,,,,"נוסעת לעבודה. שמה רדיו. בוכה. מגיעה לעבודה. בוכה. לא יכולה לצאת מהרכב. בוכה עדיין. כל המאסקרה מרוחה גוועלד. למה? כי ככה אני כשאני מתעסקת באופן מוגבר בשאלות על הסכסוך. בכל מיני תגובות לציוצים שלי בעקבות סנדק, הגיבו לי שמבחינתי אם זה היה נער פלסטיני זה היה בסדר. מה שהזכיר לי מפגש",נוסעת לעבודה שמה רדיו בוכה מגיעה לעבודה בוכה לא יכולה לצאת מהרכב בוכה עדיין כל המאסקרה מרוחה גוועלד למה כי ככה אני כשאני מתעסקת באופן מוגבר בשאלות על הסכסוך בכל מיני תגובות לציוצים שלי בעקבות סנדק הגיבו לי שמבחינתי אם זה היה נער פלסטיני זה היה בסדר מה שהזכיר לי מפגש,0
3053,NOT,,,,"הוא היה נשוי אבל לאשתו לא ניתן אישור לגור בארץ, אז היא וילדיהם באירופה והוא פה. באופן טבעי הייתי חושבת שהאדי אמור היה להמשיך להיות טרוריסט. היינו אמורים לשנוא. אבל הוא ישב לצידי ואכלנו צהריים, כאילו אין שום אפשרות אחרת. לאכול דג ואורז וירקות. לבלוע, בתאל, לא לשכוח לבלוע, ולנשום.",הוא היה נשוי אבל לאשתו לא ניתן אישור לגור בארץ אז היא וילדיהם באירופה והוא פה באופן טבעי הייתי חושבת שהאדי אמור היה להמשיך להיות טרוריסט היינו אמורים לשנוא אבל הוא ישב לצידי ואכלנו צהריים כאילו אין שום אפשרות אחרת לאכול דג ואורז וירקות לבלוע בתאל לא לשכוח לבלוע ולנשום,0
3054,NOT,,,,"היום לפני שנתיים הלך לעולמו עמוס עוז, הסופר שהיה קול של מחנה ואחד מהאבות המייסדים של ""שלום עכשיו"". עוז, שהיה ציוני בכל רמ""ח אבריו, פעל עד יומו האחרון לקידום שלום ולכינון חברת מופת. לעד ייזכר כמי שמעולם לא איבד תקווה: https://t.co/wSEFglZYAv",היום לפני שנתיים הלך לעולמו עמוס עוז הסופר שהיה קול של מחנה ואחד מהאבות המייסדים של שלום עכשיו עוז שהיה ציוני בכל רמח אבריו פעל עד יומו האחרון לקידום שלום ולכינון חברת מופת לעד ייזכר כמי שמעולם לא איבד תקווה,0
3055,NOT,,,,"@ChangedBio אולי מישהו יתזכר את האישה הזו שבאמת כואבת את מות בנה - הי""ד - שהיה אחד בשם יגאל אמיר יימח שמו - יהודי - אשר רצח את יצחק רבין ז""ל - יהודי !",אולי מישהו יתזכר את האישה הזו שבאמת כואבת את מות בנה היד שהיה אחד בשם יגאל אמיר יימח שמו יהודי אשר רצח את יצחק רבין זל יהודי,0
3056,NOT,,,,"@YoavShani1 @0xVitaly @omlavi ממש לא. ה""זועביז"" זו הגדרה למתנגדי המדינה היהודית. אז סבבה לי שהוא מבדיל עצמו מהם. מה לעשות שהמצע של יש עתיד מכיל בתוכו גם מרכיבים של ימין (בעיקר כלכלי) ?",ממש לא הזועביז זו הגדרה למתנגדי המדינה היהודית אז סבבה לי שהוא מבדיל עצמו מהם מה לעשות שהמצע של יש עתיד מכיל בתוכו גם מרכיבים של ימין בעיקר כלכלי,0
3057,NOT,,,,"אני לא כל כך מבין למה אנשים מופתעים שההחלטה הראשונית לסיים את הלימודים בשעה אחת התקבלה כדי ""לייצר תחושת סגר בציבור"". נתניהו מייצר תחושת סגר ומשבר כבר עשור, זאת השיטה שלו, כך הוא מחזיק בשלטון. שואה שנייה, איראן, חמאס ועכשיו זה. אחרת איך נדע שהוא ""פרוטקטור אוף איזראל""?",אני לא כל כך מבין למה אנשים מופתעים שההחלטה הראשונית לסיים את הלימודים בשעה אחת התקבלה כדי לייצר תחושת סגר בציבור נתניהו מייצר תחושת סגר ומשבר כבר עשור זאת השיטה שלו כך הוא מחזיק בשלטון שואה שנייה איראן חמאס ועכשיו זה אחרת איך נדע שהוא פרוטקטור אוף איזראל,0
3058,NOT,,,,"הלו, משטרה? אני רוצה לדווח על רצח של זברה https://t.co/sCELAxyQCH",הלו משטרה אני רוצה לדווח על רצח של זברה,0
3059,NOT,,,,"RT @ARotmensh: הלו, משטרה? אני רוצה לדווח על רצח של זברה https://t.co/sCELAxyQCH",הלו משטרה אני רוצה לדווח על רצח של זברה,0
3060,NOT,,,,"RT @AnarEinot: בוקר טוב! ביום רביעי האחרון ביקר המיליארדר סיימון פאליק במעיינות. הוא סייר במקום עם ראשי המאבק, שמע על פרטים על הצו הריס…",בוקר טוב ביום רביעי האחרון ביקר המיליארדר סיימון פאליק במעיינות הוא סייר במקום עם ראשי המאבק שמע על פרטים על הצו הריס,0
3061,NOT,,,,"RT @Morphlexis: בשנים האחרונות יצא שפיתחתי משיכה עזה לאמריקנה משנות ה-70, אני מניח שזה קשור לגיל ולחלק באישיות המתרפק על קלאסיקות שהרדיו נה…",בשנים האחרונות יצא שפיתחתי משיכה עזה לאמריקנה משנות ה אני מניח שזה קשור לגיל ולחלק באישיות המתרפק על קלאסיקות שהרדיו נה,0
3062,NOT,,,,"רצח בלוד, גבר כבן 50 המוכר למשטרה נמצא ירוי ברכבו, https://t.co/S3lcCKCFDX",רצח בלוד גבר כבן המוכר למשטרה נמצא ירוי ברכבו,0
3063,NOT,,,,"RT @RotterNet: רצח בלוד, גבר כבן 50 המוכר למשטרה נמצא ירוי ברכבו, https://t.co/S3lcCKCFDX",רצח בלוד גבר כבן המוכר למשטרה נמצא ירוי ברכבו,0
3064,NOT,,,,"RT @PeaceNowIL: היום לפני שנתיים הלך לעולמו עמוס עוז, הסופר שהיה קול של מחנה ואחד מהאבות המייסדים של ""שלום עכשיו"". עוז, שהיה ציוני בכל רמ""…",היום לפני שנתיים הלך לעולמו עמוס עוז הסופר שהיה קול של מחנה ואחד מהאבות המייסדים של שלום עכשיו עוז שהיה ציוני בכל רמ,0
3065,NOT,,,,"כשהביביסטים אומרים את המשפט המטומטם: ראש ממשלה מחליפים רק בקלפי? האם זה מה שהתכוון נתניהו כשאמר לאולמרט להתפטר בגלל כתבי אישום? האם זה מה שיגאל עמיר ימח שמו וזכרו לעד, חשב שעשה פגוע מגה לישראל? ראש ממשלה עם כתבי אישום חובה להפיל דרך הפגנות אחרת, הבעיה שלנו שלא הפגנו צאו להפגין !",כשהביביסטים אומרים את המשפט המטומטם ראש ממשלה מחליפים רק בקלפי האם זה מה שהתכוון נתניהו כשאמר לאולמרט להתפטר בגלל כתבי אישום האם זה מה שיגאל עמיר ימח שמו וזכרו לעד חשב שעשה פגוע מגה לישראל ראש ממשלה עם כתבי אישום חובה להפיל דרך הפגנות אחרת הבעיה שלנו שלא הפגנו צאו להפגין,0
3066,NOT,,,,"אם מישהו רוצה לבדוק את הסבלנות שלי, אז אני מחכה בגבורה כבר 4 חדשים ! ! ! למשלוח מחו״ל, איזה יופי ואיזה תעצומות נפש גיליתי על עצמי שלא הפכתי להם שולחן על הראש + לתבוע אותם משפטית + לשרוף להם באישון לילה את המפעל. משהו אני.",אם מישהו רוצה לבדוק את הסבלנות שלי אז אני מחכה בגבורה כבר חדשים למשלוח מחו״ל איזה יופי ואיזה תעצומות נפש גיליתי על עצמי שלא הפכתי להם שולחן על הראש לתבוע אותם משפטית לשרוף להם באישון לילה את המפעל משהו אני,0
3067,NOT,,,,"@Renje_Ashhifon @dumbstipsshit אם מישהו כולא אישה במרתף ואונס אותה במשך 7 שנים ובסוף היא מתה מבעיות היגיינה - הוא לא התכוון להרוג אותה, אבל האם זה לא רצח?",אם מישהו כולא אישה במרתף ואונס אותה במשך שנים ובסוף היא מתה מבעיות היגיינה הוא לא התכוון להרוג אותה אבל האם זה לא רצח,0
3068,NOT,,,,@PaldiPaz @haski_oren @asafzamir חתיכת 0 מפגר!!! אנטישמי!! דפוק!! אתה באמת מביא טבלה של הדיקטטור ליברמן?! עד כמה נמוך אתה יורד ?! אין לך שום דעה עצמאית לבדוק את הנתונים ולראות שהם לא נכונים ?! אתה רדוד עד כדי כך ?! חתיכת אנטישמי 0 !!,חתיכת מפגר אנטישמי דפוק אתה באמת מביא טבלה של הדיקטטור ליברמן עד כמה נמוך אתה יורד אין לך שום דעה עצמאית לבדוק את הנתונים ולראות שהם לא נכונים אתה רדוד עד כדי כך חתיכת אנטישמי,0
3069,NOT,,,,"RT @Irisleal15: מושגים חדשים בחקלאות, הלכות כשרות ובתורת הגזע שפגשתי בהם לאחרונה: ״גידול נגוע״ שהוא גידול אורגני או ערבי. לעומת זאת ״דיבור…",מושגים חדשים בחקלאות הלכות כשרות ובתורת הגזע שפגשתי בהם לאחרונה ״גידול נגוע״ שהוא גידול אורגני או ערבי לעומת זאת ״דיבור,0
3070,NOT,,,,"@tahor21 @orr_by @bar_peleg בחיפוש קצר מצאתי הבעת תמיכה מצידו של ניצן הורוביץ בקואליציית מרכז-שמאל-ערבי-חרדים. ואגב, גם לי מתפלקות אותיות ואני לא דיסלקטי, הפתרון שלי פשוט, רגע לפני שאני לוחץ על ""השב"" אני עושה הגהה קצרה",בחיפוש קצר מצאתי הבעת תמיכה מצידו של ניצן הורוביץ בקואליציית מרכזשמאלערביחרדים ואגב גם לי מתפלקות אותיות ואני לא דיסלקטי הפתרון שלי פשוט רגע לפני שאני לוחץ על השב אני עושה הגהה קצרה,0
3071,NOT,,,,@FluffyBodySoap @dumbstipsshit זה לא רצח זאת הריגה כי אמרתי שהריגה זה מוות של מישהו מכל דרך כלשהי,זה לא רצח זאת הריגה כי אמרתי שהריגה זה מוות של מישהו מכל דרך כלשהי,0
3072,NOT,,,,@OferShelah כבר מזמן יש ריח של שנות ביניים בניפוח דמות אויב בחרדים שקיים בחברה ומנוצל על ידי פוליטיקה. כן. יש עם חרדים בעיות. אך בילתי אפשרי לפתור אותם עם רוחות פרנוידליות כלפיהם. למה? כי מצד שלהם גם יש אלו שמתעסקים באותו דבר - בניפוח דמות אויב בחברה החילונית. שזה ברוב מחוסר ידע על צד אחר.,כבר מזמן יש ריח של שנות ביניים בניפוח דמות אויב בחרדים שקיים בחברה ומנוצל על ידי פוליטיקה כן יש עם חרדים בעיות אך בילתי אפשרי לפתור אותם עם רוחות פרנוידליות כלפיהם למה כי מצד שלהם גם יש אלו שמתעסקים באותו דבר בניפוח דמות אויב בחברה החילונית שזה ברוב מחוסר ידע על צד אחר,0
3073,NOT,,,,@LassYoram גם מי שמת מהשפעת הספרדית לא ימות מ ILI בחודש ינואר,גם מי שמת מהשפעת הספרדית לא ימות מ בחודש ינואר,0
3074,NOT,,,,צבי רפפורט: #צפו: מעצר רוצח אסתר הורגן https://t.co/FngyNdGEfS,צבי רפפורט מעצר רוצח אסתר הורגן,0
3075,NOT,,,,"@batelkol מרגש היה לראות את המתנחלים מגיעים באוטובוסים להפגנות על רצח איאד אל חלאק, זה הרי ציבור שתמיד מוחה נגד שיטור יתר ואלימות משטרתית",מרגש היה לראות את המתנחלים מגיעים באוטובוסים להפגנות על רצח איאד אל חלאק זה הרי ציבור שתמיד מוחה נגד שיטור יתר ואלימות משטרתית,0
3076,NOT,,,,"@yarivop @yaelshevach פתאום ה""טענות"" מקובלות. אבל כאשר מדובר בלא יהודי אתה באופן קבע דורש חקירה ופיקפוק ב""טענות"". יריב בין יתר האידיאולוגיה שלך תזכור שכל יהודי כן גם זה שגר בגבעות הוא הדם שלו לא פחות מדם ערבי. אז נכון שהכל מהפוזיציה ואם ההרוג היה ערבי היית צועק חקירה חקירה ולא מקבל את ה""טענה""",פתאום הטענות מקובלות אבל כאשר מדובר בלא יהודי אתה באופן קבע דורש חקירה ופיקפוק בטענות יריב בין יתר האידיאולוגיה שלך תזכור שכל יהודי כן גם זה שגר בגבעות הוא הדם שלו לא פחות מדם ערבי אז נכון שהכל מהפוזיציה ואם ההרוג היה ערבי היית צועק חקירה חקירה ולא מקבל את הטענה,0
3077,NOT,,,,"@ygurvitz כמו כן, רצח רבין, ההסתה וההתכחשות היו הרבה לפני ש""יש עתיד"" הוקמה. הם לא יכולים לטעון שלא ידעו עם מי הם נכנסים למיטה.",כמו כן רצח רבין ההסתה וההתכחשות היו הרבה לפני שיש עתיד הוקמה הם לא יכולים לטעון שלא ידעו עם מי הם נכנסים למיטה,0
3078,NOT,,,,"@DavidLander99 @HShance @AyalaHasson מעניין. לא העם, תומכי טרור, מפלגה איסלמיסטית פלסטינית אבל ביבי חובר איתם",מעניין לא העם תומכי טרור מפלגה איסלמיסטית פלסטינית אבל ביבי חובר איתם,0
3079,NOT,,,,@itzikelrov זה משכיר שהשלום עם מצרים כמעט התפוצץ על מי יחזיק את עזה - ניסינו לדחוף אותה למצרים והם סירבו בתוקף,זה משכיר שהשלום עם מצרים כמעט התפוצץ על מי יחזיק את עזה ניסינו לדחוף אותה למצרים והם סירבו בתוקף,0
3080,NOT,,,,"@ayeletsl גם האדמה כאן בארץ לא רוצה אותם , אדמת עזה היא הפתרון . אם היית שמאלנית טפו טפו טפו עדין תכפילי בעוד 100,00 טפויים.",גם האדמה כאן בארץ לא רוצה אותם אדמת עזה היא הפתרון אם היית שמאלנית טפו טפו טפו עדין תכפילי בעוד טפויים,0
3081,Violence,Gaza,Racism,תעלו באש,הפזורה בסופר פארם. בואך עזה. תעלו באש אדוניי. בעה,הפזורה בסופר פארם בואך עזה תעלו באש אדוניי בעה,1
3082,NOT,,,,@Shay45806212 שעוצרים אנשים וחוקרים אותם. לא ניתן להשמיד הכל . תמיד יהיו עובדים שיזמרו.,שעוצרים אנשים וחוקרים אותם לא ניתן להשמיד הכל תמיד יהיו עובדים שיזמרו,0
3083,hate,Haifa university,anti semitism,אנטישמי,@Duduoppe @dan_hadasa מישהו יכול להתלונן לאוניברסיטת חיפה שמעסיקה אנטישמי שדעותיו דומות לשל היטלר? ואמן שיתבע אותי?,מישהו יכול להתלונן לאוניברסיטת חיפה שמעסיקה אנטישמי שדעותיו דומות לשל היטלר ואמן שיתבע אותי,1
3084,NOT,,,,@JoshBreiner תג מחיר זה נקמת דם אבל של יהודים? זה כולל רצח על כבוד המשפחה? שואל בשביל חבר,תג מחיר זה נקמת דם אבל של יהודים זה כולל רצח על כבוד המשפחה שואל בשביל חבר,0
3085,NOT,,,,"@liliLongstockin @LiSteinitz @sharkomatic11 פעילות העשרה של איקאה, הדרכה ואימון קרבי של כתר-פלסטיק, ערבי שקופיות על דובאיי, חוגי בית של מפלגות",פעילות העשרה של איקאה הדרכה ואימון קרבי של כתרפלסטיק ערבי שקופיות על דובאיי חוגי בית של מפלגות,0
3086,NOT,,,,"@AsafRonel @carmeldangor מי זה ""אנחנו"" ולמה ה""אנחנו"" שמשלמים שכוללים גם אותי, מתנחל טרי בשומרון, לא יכולים לצפות גם לכתבות מפרגנת?",מי זה אנחנו ולמה האנחנו שמשלמים שכוללים גם אותי מתנחל טרי בשומרון לא יכולים לצפות גם לכתבות מפרגנת,0
3087,NOT,,,,@TheTomThanks @JoshBreiner איך? שבירת רגל של שוטר? הבערת אש מול ביתו של ראש ממשלה? איך? פיגוע של אנשי שמאל ערבים נגד אנשי וחיילי צה״ל?,איך שבירת רגל של שוטר הבערת אש מול ביתו של ראש ממשלה איך פיגוע של אנשי שמאל ערבים נגד אנשי וחיילי צה״ל,0
3088,NOT,,,,כבר מזמן יש ריח של שנות ביניים בניפוח דמות אויב בחרדים שקיים בחברה ומנוצל על ידי פוליטיקה. כן. יש עם חרדים בעיות. אך בילתי אפשרי לפתור אותם עם רוחות פרנוידליות כלפיהם. למה? כי מצד שלהם גם יש אלו שמתעסקים באותו דבר - בניפוח דמות אויב בחברה החילונית. שזה ברוב מחוסר ידע על צד אחר.,כבר מזמן יש ריח של שנות ביניים בניפוח דמות אויב בחרדים שקיים בחברה ומנוצל על ידי פוליטיקה כן יש עם חרדים בעיות אך בילתי אפשרי לפתור אותם עם רוחות פרנוידליות כלפיהם למה כי מצד שלהם גם יש אלו שמתעסקים באותו דבר בניפוח דמות אויב בחברה החילונית שזה ברוב מחוסר ידע על צד אחר,0
3089,NOT,,,,@FluffyBodySoap @Renje_Ashhifon @dumbstipsshit לא זה לא רצח אם אני לא טועה לפי ההגדרה רצח זה הרג בכוונה תחילה מה שקרה כאן הוא הרג לא משנה מה הבן אדם עשה לנהרג כל עוד הוא לא ניסה להרוג אותו זה לא רצח,לא זה לא רצח אם אני לא טועה לפי ההגדרה רצח זה הרג בכוונה תחילה מה שקרה כאן הוא הרג לא משנה מה הבן אדם עשה לנהרג כל עוד הוא לא ניסה להרוג אותו זה לא רצח,0
3090,hate,Palestinian authority,International relations,הרשות,"@assafgibor לא התלהבנו אתמול שהרש""פ עצרה 2 פלסטיניות שהתכוונו לעשות פיגוע דקירה? ,כתבות על שת""פ ביטחוני בינינו לבין הרשות מביכות אותי כי אני יודע מה הן שוות באמת, זה טוב אולי להינדוס תודעה של הציבור בישראל אבל זה חוטא לאמת.",לא התלהבנו אתמול שהרשפ עצרה פלסטיניות שהתכוונו לעשות פיגוע דקירה כתבות על שתפ ביטחוני בינינו לבין הרשות מביכות אותי כי אני יודע מה הן שוות באמת זה טוב אולי להינדוס תודעה של הציבור בישראל אבל זה חוטא לאמת,1
3091,hate,Not clear,Occupation,עזה,@tzyossef @MoyalIlan החזיר את עוטף עזה יצא דפוק,החזיר את עוטף עזה יצא דפוק,1
3092,NOT,,,,"RT @dannyharush: אני לא כל כך מבין למה אנשים מופתעים שההחלטה הראשונית לסיים את הלימודים בשעה אחת התקבלה כדי ""לייצר תחושת סגר בציבור"". נתניה…",אני לא כל כך מבין למה אנשים מופתעים שההחלטה הראשונית לסיים את הלימודים בשעה אחת התקבלה כדי לייצר תחושת סגר בציבור נתניה,0
3093,NOT,,,,@bardak613 @Faigy2000 @menimen9 הראשון אחלה משחק וצחיק רצח,הראשון אחלה משחק וצחיק רצח,0
3094,NOT,,,,@Renje_Ashhifon @FluffyBodySoap @dumbstipsshit הסיבות ההגיניות קרו בגלל האדם הזה בסופו של דבר אז כן זה הרג פשוט לא רצח,הסיבות ההגיניות קרו בגלל האדם הזה בסופו של דבר אז כן זה הרג פשוט לא רצח,0
3095,NOT,,,,@Renje_Ashhifon @FluffyBodySoap @dumbstipsshit למה לא הוא לא הרג אותה במחשבה תחילה זה לא רצח זה הרג,למה לא הוא לא הרג אותה במחשבה תחילה זה לא רצח זה הרג,0
3096,NOT,,,,"״לינץ׳ בנהג ערבי זה אסתטיקה רעה למאבק ומרחיק תומכים״ זו העמדה של ״המתונים״. כמו הניאו-נאצים וה״אופטיקס״ שלהם, הויכוח הפנים-מתנחלי ביחס לאלימות האידיאולוגית שלהם הוא בכלל לא מוסרי אלא אסתטי. תנועת ההתנחלויות והתרבות הפונדמנטליסטית שהיא מייצרת הן מכשול לדמוקרטיה יותר מאלף נתניהו. https://t.co/dJJmRAFWj0",״לינץ׳ בנהג ערבי זה אסתטיקה רעה למאבק ומרחיק תומכים״ זו העמדה של ״המתונים״ כמו הניאונאצים וה״אופטיקס״ שלהם הויכוח הפניםמתנחלי ביחס לאלימות האידיאולוגית שלהם הוא בכלל לא מוסרי אלא אסתטי תנועת ההתנחלויות והתרבות הפונדמנטליסטית שהיא מייצרת הן מכשול לדמוקרטיה יותר מאלף נתניהו,0
3097,NOT,,,,קצת בבלאק אאוט. בכמה ימים נוספו לי כ 10 עוקבים. וכבר חציתי את ה150 עוקבים. קצת בבלאק אאוט. כי להפוך מאדם רדוף עד מוות בידי רוצח עלוב ושפל (ח.צ.) לאדם שפרץ את מחסום האנונימיות זה בהחלט מרגש. אך אל דאגה אני יתאושש. זו רק ההתחלה. והרבה דרך לפנינו עד שנשיג צדק. ומנרדף אהפוך למושל,קצת בבלאק אאוט בכמה ימים נוספו לי כ עוקבים וכבר חציתי את ה עוקבים קצת בבלאק אאוט כי להפוך מאדם רדוף עד מוות בידי רוצח עלוב ושפל חצ לאדם שפרץ את מחסום האנונימיות זה בהחלט מרגש אך אל דאגה אני יתאושש זו רק ההתחלה והרבה דרך לפנינו עד שנשיג צדק ומנרדף אהפוך למושל,0
3098,NOT,,,,@HatulShelShrek אני רוצה לשרוף את זה,אני רוצה לשרוף את זה,0
3099,NOT,,,,@mossi_raz כיבוש וליברלי לא הולכים ביחד. ראס בינענו לא הולכים ביחד,כיבוש וליברלי לא הולכים ביחד ראס בינענו לא הולכים ביחד,0
3100,NOT,,,,@yalisperber @HatulShelShrek אני רוצה לשרוף את בריון חתולי ששלח את התמונה הזאת,אני רוצה לשרוף את בריון חתולי ששלח את התמונה הזאת,0
3101,NOT,,,,"@ygurvitz שפה קצרה? חוסר שימת לב? לא ראית את זה קורה במלא מקומות אחרים? אוטומטית לתייג כל חובש כיפה ככהניסט (או ערבי כמחבל, או שמאלני כבוגד, או מתנחל כטרוריסט) כשאתה קורא טקסט לא ברור שלא איך שאתה רוצה, זה מקור כל הבעיות שלנו במדינה.",שפה קצרה חוסר שימת לב לא ראית את זה קורה במלא מקומות אחרים אוטומטית לתייג כל חובש כיפה ככהניסט או ערבי כמחבל או שמאלני כבוגד או מתנחל כטרוריסט כשאתה קורא טקסט לא ברור שלא איך שאתה רוצה זה מקור כל הבעיות שלנו במדינה,0
3103,NOT,,,,@tunicnoah חחחח הפעילו עליך טרור?,חחחח הפעילו עליך טרור,0
3104,NOT,,,,"RT @mossi_raz: ""גם כיבוש בלית ברירה הוא משחית. גם כיבוש נאור והומני וליברלי הוא כיבוש"". עמוס עוז, גדול סופרי ישראל, נפטר היום לפני שנתיים.",גם כיבוש בלית ברירה הוא משחית גם כיבוש נאור והומני וליברלי הוא כיבוש עמוס עוז גדול סופרי ישראל נפטר היום לפני שנתיים,0
3105,NOT,,,,@nachi_z9 נא לכבד את זאב אלקין איש יקר ציוני דתי עם כיפה ימני נחשב חלק מאיתנו עכשיו הוא לא בליכוד בעייה שלו אבל הוא לא שמאלני זה בטוח,נא לכבד את זאב אלקין איש יקר ציוני דתי עם כיפה ימני נחשב חלק מאיתנו עכשיו הוא לא בליכוד בעייה שלו אבל הוא לא שמאלני זה בטוח,0
3106,NOT,,,,RT @LapidotShosh: @mossi_raz כיבוש וליברלי לא הולכים ביחד. ראס בינענו לא הולכים ביחד,כיבוש וליברלי לא הולכים ביחד ראס בינענו לא הולכים ביחד,0
3107,NOT,,,,"@NitzanHorowitz באמת, כמה ""יפה"", מצד הכהניסט הנבער הזה גולן, שלא לטעון לכס הנהגת(!) ""מרצ"", שניה ורבע לאחר, שהחליט להסתנן אליה (בברכתך המצערת, יש לציין). כנראה הבין, שיש ב""מרצ"" מספיק שמאלניותים *אמיתיותים*, שישליכוהו לקיבינימט מכל המדרגות אם ינסה, יימח-שמו.",באמת כמה יפה מצד הכהניסט הנבער הזה גולן שלא לטעון לכס הנהגת מרצ שניה ורבע לאחר שהחליט להסתנן אליה בברכתך המצערת יש לציין כנראה הבין שיש במרצ מספיק שמאלניותים אמיתיותים שישליכוהו לקיבינימט מכל המדרגות אם ינסה יימחשמו,0
3108,NOT,,,,@EyalZivIL שישקר את ההמונים שעוד מאמינים לשרוף.,שישקר את ההמונים שעוד מאמינים לשרוף,0
3109,NOT,,,,"@Saba10D @yairlapid ערבי פושע מועד, שירו עליו במהלך שוד כדי להפחיד אותו, ובפועל הוא נהרג - היורה שלו - אדם תמים שומר חוק - נעצר מיד ונאשם ברצח (!) וכאן ילד יהודי תמים ויפה, שבסך הכל נסע במכונית בארץ שלו, הרוצחים שלו משוחררים לחופשי ואפילו לא נחקרו (!) #בושה_וחרפה #דם_יהודי_הפקר",ערבי פושע מועד שירו עליו במהלך שוד כדי להפחיד אותו ובפועל הוא נהרג היורה שלו אדם תמים שומר חוק נעצר מיד ונאשם ברצח וכאן ילד יהודי תמים ויפה שבסך הכל נסע במכונית בארץ שלו הרוצחים שלו משוחררים לחופשי ואפילו לא נחקרו,0
3110,NOT,,,,בא לי לריב עם תומכי פלסטין או משהו משעמם לי,בא לי לריב עם תומכי פלסטין או משהו משעמם לי,0
3111,NOT,,,,"@PPalchinsky @AmirOhana אם ההרוג הוא ילד ערבי, מטשטשים עובדות וממשיכים הלאה",אם ההרוג הוא ילד ערבי מטשטשים עובדות וממשיכים הלאה,0
3112,NOT,,,,@kann_news @KalmanLiebskind @asaf_lib עוד מעט הוא יגיד שגם התיק נגד נתניהו נרקם כנקמה על רצח רבין. ביביסט קטן שלי.,עוד מעט הוא יגיד שגם התיק נגד נתניהו נרקם כנקמה על רצח רבין ביביסט קטן שלי,0
3113,NOT,,,,לדעתי השימוש באימוג׳ים זה סאחי רצח.,לדעתי השימוש באימוג׳ים זה סאחי רצח,0
3114,NOT,,,,"עוד מעט הוא יגיד שגם התיק נגד נתניהו - נקמה. (אולי נקמה על רצח רבין, מי יודע). ביביסט קטן שלי. https://t.co/yAC9N9VJM5",עוד מעט הוא יגיד שגם התיק נגד נתניהו נקמה אולי נקמה על רצח רבין מי יודע ביביסט קטן שלי,0
3115,NOT,,,,@batelkol אהוביה סנדק נהרג באשמת החברים שלו שברחו מהמשטרה. הוא נהרג באשמת כל אלו שלא חשבו שיש בעיה כאשר נער ערבי בגיל של הבן שלי נהרג כי נסע במכונית במושב האחורי (היה יידוי אבנים בסביבה בלי קשר אליו. החיילים צעקו לנהג לעצור והוא לא שמע אז הם ירו) הוא נהרג כי יש כיבוש. מי שבעד הכיבוש אשם,אהוביה סנדק נהרג באשמת החברים שלו שברחו מהמשטרה הוא נהרג באשמת כל אלו שלא חשבו שיש בעיה כאשר נער ערבי בגיל של הבן שלי נהרג כי נסע במכונית במושב האחורי היה יידוי אבנים בסביבה בלי קשר אליו החיילים צעקו לנהג לעצור והוא לא שמע אז הם ירו הוא נהרג כי יש כיבוש מי שבעד הכיבוש אשם,0
3116,NOT,,,,"@ronnyeps @Amohamednur @AnkaraUni @IsraelHayomHeb יש סומליה ויש ""א-שבאבסטן"", ברוח פתחלנד. אני חושב שאם יש שני דברים מרכזיים שישראל למדה מלבנון הם: א. לא להכניס גוף בריא למיטה חולה ולא לחשוב שאפשר לנצל משברים חיצוניים לטובתך. ב. אי אפשר לקבל התעצמות של ארגוני טרור, ומה שהיה נכון לגבי הפת""ח בלבנון - נכון בהחלט גם על א-שבאב בסומליה",יש סומליה ויש אשבאבסטן ברוח פתחלנד אני חושב שאם יש שני דברים מרכזיים שישראל למדה מלבנון הם א לא להכניס גוף בריא למיטה חולה ולא לחשוב שאפשר לנצל משברים חיצוניים לטובתך ב אי אפשר לקבל התעצמות של ארגוני טרור ומה שהיה נכון לגבי הפתח בלבנון נכון בהחלט גם על אשבאב בסומליה,0
3117,NOT,UNT,,פאשיסטים,@EliHoter זה החרא פאשיסטים לאומני משיחי שגדל פה,זה החרא פאשיסטים לאומני משיחי שגדל פה,0
3118,NOT,,,,"@arnonsegal1 אווו, אולי עכשיו התקשורת תתעורר! למה הם רדפו ככה אחרי ערבים? למה הם נגחו בהם? זה יכול היה להיות חלילה נער ערבי שהיה מת! אחרי נוער הגבעות אתם לא הייתם חושבים לרדוף כך.. הנקודה ברורה",אווו אולי עכשיו התקשורת תתעורר למה הם רדפו ככה אחרי ערבים למה הם נגחו בהם זה יכול היה להיות חלילה נער ערבי שהיה מת אחרי נוער הגבעות אתם לא הייתם חושבים לרדוף כך הנקודה ברורה,0
3119,NOT,,,,"@Notbyname לשרוף את האצבעות זה רעיון מעניין, אני בעד!",לשרוף את האצבעות זה רעיון מעניין אני בעד,0
3120,NOT,,,,סיפור הגנרטורים - חלק ב': אחרי הסכסוך בין רשות האנרגיה בעזה לבעלי הגנרטורים - חמאס קבע מחיר פשרה של 3.3 שקלים לקילו וואט. מה אין בהודעה של חמאס? כמה כסף בעלי הגנרטורים צריכים לשלם להם כל חודש כדי להחזיק בלוקסוס הזה https://t.co/F5Wem3YORj,סיפור הגנרטורים חלק ב אחרי הסכסוך בין רשות האנרגיה בעזה לבעלי הגנרטורים חמאס קבע מחיר פשרה של שקלים לקילו וואט מה אין בהודעה של חמאס כמה כסף בעלי הגנרטורים צריכים לשלם להם כל חודש כדי להחזיק בלוקסוס הזה,0
3121,NOT,,,,פיגוע ירי צומת אריאל...,פיגוע ירי צומת אריאל,0
3122,hate,Haredim,Pluralism,החרדים,@amitaiz החרדים עשו למדינה מה שאף צבא ערבי לא הצליח. לא חושב שבשום מלחמה שהייתה נגרם נזק כמו שבני ברק וכמה שכונות בירושליים וישובים חרדיים גרמו,החרדים עשו למדינה מה שאף צבא ערבי לא הצליח לא חושב שבשום מלחמה שהייתה נגרם נזק כמו שבני ברק וכמה שכונות בירושליים וישובים חרדיים גרמו,1
3123,hate,Palestinians supporters,Occupation,פלסטיני,"@lehutsonet אף פעם לא נתקלתי בפרו פלסטיני שיכול לספר לי על ההיסטוריה הפלסטניאית הפרא כיבושית, על התרבות המייחדת את הפלסטינאים ושקושרת אותם לאדמה הזו או על מאכלים פלסטינאים אתניים ואמנות פלסטינאית.",אף פעם לא נתקלתי בפרו פלסטיני שיכול לספר לי על ההיסטוריה הפלסטניאית הפרא כיבושית על התרבות המייחדת את הפלסטינאים ושקושרת אותם לאדמה הזו או על מאכלים פלסטינאים אתניים ואמנות פלסטינאית,1
3124,NOT,,,,"במקרה הטוב זה רק עיכוב של עשר דק ובמקרה פחות טוב פשוט הופכים לך את הרכב כאילו אתה פושע. עשרות פעמים הייתי במצבים כאלה. רכב עם אנשים בלי פיאות עובר חופשי, רכב עם אנשים עם פיאות נתקע ועובר ביקורת קפדנית. זה לא פעם ב... זאת שיגרה. שיגרה שמתנהגים אליך כמו לפושע או מחבל.",במקרה הטוב זה רק עיכוב של עשר דק ובמקרה פחות טוב פשוט הופכים לך את הרכב כאילו אתה פושע עשרות פעמים הייתי במצבים כאלה רכב עם אנשים בלי פיאות עובר חופשי רכב עם אנשים עם פיאות נתקע ועובר ביקורת קפדנית זה לא פעם ב זאת שיגרה שיגרה שמתנהגים אליך כמו לפושע או מחבל,0
3125,NOT,,,,@HagaiShechter ואת זה לא יפרסמו חס וחלילה בחדשות של הערוצים המסחריים וערוץ 11 שאנחנו משלמים עליו ... כמו שאמרת לא היה רצח אז הכל טוב....עצוב,ואת זה לא יפרסמו חס וחלילה בחדשות של הערוצים המסחריים וערוץ שאנחנו משלמים עליו כמו שאמרת לא היה רצח אז הכל טובעצוב,0
3126,NOT,,,,"@twittyathome @YoavShani1 @0xVitaly הם לא שמאל ציוני, אף אחד לא מתלבט בינם לבין לפיד...",הם לא שמאל ציוני אף אחד לא מתלבט בינם לבין לפיד,0
3127,NOT,,,,@Teo_dor1 ימח שמו,ימח שמו,0
3128,NOT,,,,@FrauDoc ידוע שאוהד אמיתי מביא לעולם ילדים רק בשביל ששחקנים יוכלו לאנוס אותם 😕,ידוע שאוהד אמיתי מביא לעולם ילדים רק בשביל ששחקנים יוכלו לאנוס אותם,0
3129,NOT,,,,"@eupheu גם רוצח זברות וגם שיצו, מי היה מאמין 🙈",גם רוצח זברות וגם שיצו מי היה מאמין,0
3130,NOT,,,,"@TalShorrer בטח תותח הוא לא חרדי ,ערבי או מהפריפריה , תחי הצביעות משרת את האינטרסים שלך כתושב האזור .. אחרת היה פורע חוק ...ככה זה במדינת האנרכיה ..",בטח תותח הוא לא חרדי ערבי או מהפריפריה תחי הצביעות משרת את האינטרסים שלך כתושב האזור אחרת היה פורע חוק ככה זה במדינת האנרכיה,0
3131,NOT,,,,"@JoshBreiner עוד השג מפואר של נתניהו. בנייה וגידול מדגרת טרור יהודי ביו""ש ללא שום נסיון של ריסון. עוד נותרה איזה חלקה טובה במדינה הזאת?",עוד השג מפואר של נתניהו בנייה וגידול מדגרת טרור יהודי ביוש ללא שום נסיון של ריסון עוד נותרה איזה חלקה טובה במדינה הזאת,0
3132,hate,Palestine,Politics,פלסטין,@FluffyBodySoap כאילו אני די ליברלית ויותר נוטה לכיוון שמאל אבל כל הקטע של פלסטין זה בולשיט,כאילו אני די ליברלית ויותר נוטה לכיוון שמאל אבל כל הקטע של פלסטין זה בולשיט,1
3133,NOT,,,,"@mossi_raz הגיע הזמן להיפרד מססמאות הפרופגנדה אודות ""בלית ברירה""... ""כיבוש נאור והומני וליברלי"". הקלישאה הנ""ל פג תוקפה, עם כל הכבוד לסופר ז""ל. https://t.co/Qy7eICNXs9",הגיע הזמן להיפרד מססמאות הפרופגנדה אודות בלית ברירה כיבוש נאור והומני וליברלי הקלישאה הנל פג תוקפה עם כל הכבוד לסופר זל,0
3134,hate,Yasser arafat,Racism,ערפאת,@Datiya_Israelit *עושקים ימח שמו של ערפאת שהמציא את התיקון האוטומטי,עושקים ימח שמו של ערפאת שהמציא את התיקון האוטומטי,1
3135,NOT,,,,@OrRavid טרור הוא טרור וחובה לטפל בו ביד קשה. ממש ללא קשר ללאום המפגעים,טרור הוא טרור וחובה לטפל בו ביד קשה ממש ללא קשר ללאום המפגעים,0
3136,NOT,,,,"@lehutsonet לא צריך להיות תומך פלסטין כדי להיות ליברל ואם מישהו תומך בפלסטין הוא לא בהכרח ליברל גם אם הוא בטוח שהוא כן, בסופו של דבר הוא תומך בחוסר לגיטימציה של מדינה יהודית ללא סיבה הגיונית.",לא צריך להיות תומך פלסטין כדי להיות ליברל ואם מישהו תומך בפלסטין הוא לא בהכרח ליברל גם אם הוא בטוח שהוא כן בסופו של דבר הוא תומך בחוסר לגיטימציה של מדינה יהודית ללא סיבה הגיונית,0
3137,NOT,,,,"@YosephHaddad @Motty53 @YediotAhronot מוחמד, כל הכבוד יא אלוף, תמשיך עד שיא עולמי. 💪🏻💪🏻",מוחמד כל הכבוד יא אלוף תמשיך עד שיא עולמי,0
3138,Abusive,Gideon Sa'ar,Racisim,התרועעה עם ערבי,"@tsur_ben @sari_azoulay הכל תוך חודשיים יצוף כמו חרא, סומך על האנשים בליכוד פרצופו יתגלה,כמו פרצופה של הבת שלו שהתרועעה עם ערבי",הכל תוך חודשיים יצוף כמו חרא סומך על האנשים בליכוד פרצופו יתגלהכמו פרצופה של הבת שלו שהתרועעה עם ערבי,1
3139,hate,Syria,Hate speech,הסורים,"""היום הסורים הולכים ללמוד שהיד שמנענעת את העריסה יודעת גם קראטה"" צ'רלי שין, ניחום אבלים לקוסם צבאי, איקאה סניף ירושלים כשר מהדרין, 1921",היום הסורים הולכים ללמוד שהיד שמנענעת את העריסה יודעת גם קראטה צרלי שין ניחום אבלים לקוסם צבאי איקאה סניף ירושלים כשר מהדרין,1
3140,NOT,,,,"@tsahi8 @L_Volf @liran__tamari @ParisTelaviv75 טוב, אנחנו מנהלים שיח. זה כבר משהו. על גבולות חופש הביטוי וזכות המחאה לא נסכים היום. גם זה בסדר. מה שבאמת מדאיג אותי זה שאני חי בעולם בו נאשם בשוחד, מרמה והפרת אמונים מוכן לשרוף את המדינה בשביל להימלט מדין, ואתה חי בעולם בו חונטה משפטית מבצעת הפיכה שלטונית. איך נגשר על הפער הזה?",טוב אנחנו מנהלים שיח זה כבר משהו על גבולות חופש הביטוי וזכות המחאה לא נסכים היום גם זה בסדר מה שבאמת מדאיג אותי זה שאני חי בעולם בו נאשם בשוחד מרמה והפרת אמונים מוכן לשרוף את המדינה בשביל להימלט מדין ואתה חי בעולם בו חונטה משפטית מבצעת הפיכה שלטונית איך נגשר על הפער הזה,0
3141,NOT,,,,@nitayp ערבי זה גידול אורגני בעצם. מה הבעיה?,ערבי זה גידול אורגני בעצם מה הבעיה,0
3142,hate,Palestinians,Occupation,כיבוש,"@china_victor @hshilorunning @SargonoffAkkad ולנו יש את הפרווילגיה לא להתפשר כי אנחנו חזקים יותר ובעיקר לא נמצאים תחת כיבוש, מחסומים וכו׳ תמשיך לתת להם הנחות.",ולנו יש את הפרווילגיה לא להתפשר כי אנחנו חזקים יותר ובעיקר לא נמצאים תחת כיבוש מחסומים וכו׳ תמשיך לתת להם הנחות,1
3143,Violence,Not clear,Violence,לשרוף,@Notbyname @rikicohen5 לשרוף להם את האצבעות פלוס עוד משהו... זה יחסוך לנו כחברה הרבה עוגמת נפש וצער...,לשרוף להם את האצבעות פלוס עוד משהו זה יחסוך לנו כחברה הרבה עוגמת נפש וצער,1
3144,NOT,,,,"לבקשת המשטרה, שופט האריך את איסור הפרסום שחל על חקירת רצח אסתר הורגן בשומרון. הצו יישאר בתוקף לפחות עד אמצע ינואר #משטרת_הצווים https://t.co/qcyRKDcYek https://t.co/TqMTNhNrPE",לבקשת המשטרה שופט האריך את איסור הפרסום שחל על חקירת רצח אסתר הורגן בשומרון הצו יישאר בתוקף לפחות עד אמצע ינואר,0
3145,NOT,,,,@inmyhead_il פסטיגל זה מעניין רצח איך אפשר לא להתענין????,פסטיגל זה מעניין רצח איך אפשר לא להתענין,0
3146,NOT,,,,"@YinonMagal ואם זה היה ישראלי ערבי, הייתה אומר ""במחילה""",ואם זה היה ישראלי ערבי הייתה אומר במחילה,0
3147,NOT,,,,"חיסול נוסף בלוד ארצי חלפון 💣 ערוץ פלילי תושב לוד, בן המגזר הערבי בעיר בשנות החמישים לחייו, נורה הבוקר למוות ברכבו. סמוך לחמש וחצי בבוקר נקבע מותו של האיש במקום, בעוד רצח בשרשרת החיסולים הבלתי נגמרת בלוד. https://t.co/cusIxgvAzM",חיסול נוסף בלוד ארצי חלפון ערוץ פלילי תושב לוד בן המגזר הערבי בעיר בשנות החמישים לחייו נורה הבוקר למוות ברכבו סמוך לחמש וחצי בבוקר נקבע מותו של האיש במקום בעוד רצח בשרשרת החיסולים הבלתי נגמרת בלוד,0
3148,NOT,,,,"@china_victor @hshilorunning @SargonoffAkkad גם כלפי הציבור שלנו. אסור שהוא יפחד לעלות לאוטובוס, ללכת למסעדה, לחגוג סדר בבית מלון... הקמת מדינת טרור וטילים במרכז הארץ נדמית לך כמעשה מוסרי?",גם כלפי הציבור שלנו אסור שהוא יפחד לעלות לאוטובוס ללכת למסעדה לחגוג סדר בבית מלון הקמת מדינת טרור וטילים במרכז הארץ נדמית לך כמעשה מוסרי,0
3149,NOT,,,,"@AsafRonel האם יכול להיות שהכוונה שגידול אורגני או ערבי (מה שזה לא יהיה) הם לא נגועים (במה), והכוונה היא לכל גידול אחר (איזה)? פשוט בעיית פסיקים?",האם יכול להיות שהכוונה שגידול אורגני או ערבי מה שזה לא יהיה הם לא נגועים במה והכוונה היא לכל גידול אחר איזה פשוט בעיית פסיקים,0
3150,NOT,,,,"@SQctLgQgovPgfry @roeylilo2003 @AmalyaDuek אני לא תומך בסייעני טרור, אני תומך בימין. נתניהו גדול סייעני הטרור שקמו בעם היהודי. חיזבאללה - צבא חמאס - צבא אירן.. מיותר להרחיב..",אני לא תומך בסייעני טרור אני תומך בימין נתניהו גדול סייעני הטרור שקמו בעם היהודי חיזבאללה צבא חמאס צבא אירן מיותר להרחיב,0
3151,NOT,,,,@lesbittipsha לא אבל זה נראה מגניב רצח,לא אבל זה נראה מגניב רצח,0
3152,NOT,,,,"טס לחו""ל רק בשביל ערבי השירה בציבור ומועדון הספר במלוניות פיקוד העורף",טס לחול רק בשביל ערבי השירה בציבור ומועדון הספר במלוניות פיקוד העורף,0
3153,hate,Gideon Sa'ar,Politics,סער,@yeudi_Israeli בן כמה אתה. יותר מדוד לוי. יותר משרון ימח וידח. יותר מאברשה תמיר. ששמיר קרא לו את האלמותית. אברשה חזור הביתה. הגזמת. סער ביסוד שלו אדם נכלולי וקטן. רק התקופה והשינאה לנתניהו והתיקשורת והחונטה עושים מימנו פי מיליון ממה שהוא. גם אדם לא חכם בלשון המעטה. עסקן קטן בקיצור,בן כמה אתה יותר מדוד לוי יותר משרון ימח וידח יותר מאברשה תמיר ששמיר קרא לו את האלמותית אברשה חזור הביתה הגזמת סער ביסוד שלו אדם נכלולי וקטן רק התקופה והשינאה לנתניהו והתיקשורת והחונטה עושים מימנו פי מיליון ממה שהוא גם אדם לא חכם בלשון המעטה עסקן קטן בקיצור,1
3154,Hate,Palastine,Racisim,העם הפלסטיני לא היה קיים,"@JonathanSt107 @lehutsonet אם מישהו הוא ציוני הוא תיוני כי יש לנו שייכות היסטורית ולגיטימציה על ארץ ישראל, להיות פרו פלסטיני זה להתעלם מעובדות, כמו העובדה שהעם הפלסטיני לא היה קיים עד שהיה צורך פוליטי בקיומו ושהוא חסר מטרה או גיבוש אתני לאומי שמייחד אותו כעם. כמו כן זו התעלמות ממוגבלות המשאבים שבשטח הזה.",אם מישהו הוא ציוני הוא תיוני כי יש לנו שייכות היסטורית ולגיטימציה על ארץ ישראל להיות פרו פלסטיני זה להתעלם מעובדות כמו העובדה שהעם הפלסטיני לא היה קיים עד שהיה צורך פוליטי בקיומו ושהוא חסר מטרה או גיבוש אתני לאומי שמייחד אותו כעם כמו כן זו התעלמות ממוגבלות המשאבים שבשטח הזה,1
3155,NOT,,,,"@JoshBreiner האמא של המחבל, היתה מתלוננת גם אם היה מדובר במחבל ערבי שנהרג בזמן בריחה מכוחות הבטחון?",האמא של המחבל היתה מתלוננת גם אם היה מדובר במחבל ערבי שנהרג בזמן בריחה מכוחות הבטחון,0
3156,NOT,,,,"@FluffyBodySoap @lehutsonet אויש חיכיתי סוףכלסוף למישהו שיכול לנסח את עצמו ביותר מ""פלסטין רע🤪"" או ""פלסטין טוב🤯""",אויש חיכיתי סוףכלסוף למישהו שיכול לנסח את עצמו ביותר מפלסטין רע או פלסטין טוב,0
3157,NOT,,,,"@JonathanSt107 @lehutsonet זו מדינה קטנה אתה לא יכול להקטין אותה יותר מה אתה מצפה שיקרה? שפתאום באורך פלא יצוצו משאבים משום מקום, מכירי הדירות יצנחו לרצפה ושכולם יחיו בסבבה ובשלום אחד עם השני? או שברגע שתיתן חצי מדינה לעם שבחר פעם אחר פעם במנהיגים עם האידיאולוגיה להשמיד אותך תגלה שהם ימשיכו במה שהם התחילו?",זו מדינה קטנה אתה לא יכול להקטין אותה יותר מה אתה מצפה שיקרה שפתאום באורך פלא יצוצו משאבים משום מקום מכירי הדירות יצנחו לרצפה ושכולם יחיו בסבבה ובשלום אחד עם השני או שברגע שתיתן חצי מדינה לעם שבחר פעם אחר פעם במנהיגים עם האידיאולוגיה להשמיד אותך תגלה שהם ימשיכו במה שהם התחילו,0
3158,NOT,,,,"@Sally_Machat אויב - בטח שלא, אבל גם לא לבד, כי אז הופכים להיות האויב של עצמנו...",אויב בטח שלא אבל גם לא לבד כי אז הופכים להיות האויב של עצמנו,0
3159,NOT,,,,אל תקברו את כחולבן אפשר במקום זה לשרוף ולפזר את האפר עם צוללת,אל תקברו את כחולבן אפשר במקום זה לשרוף ולפזר את האפר עם צוללת,0
3160,NOT,,,,#מלך_החיסונים מוחמד דבאח שבר את השיא הישראלי עם 835 חיסונים ב־5 ימים. https://t.co/6aLazW5M9h,מוחמד דבאח שבר את השיא הישראלי עם חיסונים ב־ ימים,0
3161,NOT,,,,רק אני הייתי צריכה לקרוא את הציוץ הגזעני עם התותים פעמיים לפני שהבנתי שאין זן שנקרא 'תות ערבי'? 🤦‍♀️,רק אני הייתי צריכה לקרוא את הציוץ הגזעני עם התותים פעמיים לפני שהבנתי שאין זן שנקרא תות ערבי,0
3162,NOT,,,,"RT @IntelliTimes: הרשויות הפדראליות בארה""ב חוקרות כעת חשד ולפיו מכונית ממולכדת שחנתה ברחוב היא הסיבה לפיצוץ העז שאירע הבוקר בנשוויל, טנסי,…",הרשויות הפדראליות בארהב חוקרות כעת חשד ולפיו מכונית ממולכדת שחנתה ברחוב היא הסיבה לפיצוץ העז שאירע הבוקר בנשוויל טנסי,0
3163,NOT,,,,@Leahel4 @8j2TmVlVgOraEOD @PapaGrishka חבקוק מכיוון רמה א' זה הנוף שלי בשנים האחרונות אחרי שגנבו לי את התצפית על עזה,חבקוק מכיוון רמה א זה הנוף שלי בשנים האחרונות אחרי שגנבו לי את התצפית על עזה,0
3164,NOT,,,,"@eyalhagever @Renje_Ashhifon @dumbstipsshit ""עובדתית""? אתה לא יכול להסתכל על מושגים שבני אדם המציאו ולהגיד ""עובדתית"" הגדרות הן עניין נתון לוויכוח, האם יש הבדל בין הפעולה עצמה של רצח לפעולה עצמה של הריגה? האם התוצאות שונות בכל מקרה ומקרה? לא, אלו אותן תוצאות, אותה פעולה, זה שאתה מגדיר משהו כלא רצח לא משנה את הפעולה שנעשית",עובדתית אתה לא יכול להסתכל על מושגים שבני אדם המציאו ולהגיד עובדתית הגדרות הן עניין נתון לוויכוח האם יש הבדל בין הפעולה עצמה של רצח לפעולה עצמה של הריגה האם התוצאות שונות בכל מקרה ומקרה לא אלו אותן תוצאות אותה פעולה זה שאתה מגדיר משהו כלא רצח לא משנה את הפעולה שנעשית,0
3165,NOT,,,,RT @AfifAbuMuch: #מלך_החיסונים מוחמד דבאח שבר את השיא הישראלי עם 835 חיסונים ב־5 ימים.,מוחמד דבאח שבר את השיא הישראלי עם חיסונים ב־ ימים,0
3166,NOT,,,,@AviMo6 יותר מפגר יהיה להפר את המילה שלו אחרי שהוא נשבע שלא ישב תחת ביבי ולא לשרוף את עצמו בתור שקרן לעתיד,יותר מפגר יהיה להפר את המילה שלו אחרי שהוא נשבע שלא ישב תחת ביבי ולא לשרוף את עצמו בתור שקרן לעתיד,0
3167,NOT,,,,@bezalelsm אתה צריך להיות תושב ערבי תרגיש את זה כל הזמן בצלאל,אתה צריך להיות תושב ערבי תרגיש את זה כל הזמן בצלאל,0
3168,NOT,,,,@BarbashH @JoshBreiner ממתי גרפיטי זה טרור? הלוואי והטרור שקיבלה אסתר הורגן היה קצת גרפיטי,ממתי גרפיטי זה טרור הלוואי והטרור שקיבלה אסתר הורגן היה קצת גרפיטי,0
3169,NOT,,,,מה העין שלכם עליו הוא חתיך רצח אם כבר אשטון זה שצריך להתקלח https://t.co/X0KvriROmM,מה העין שלכם עליו הוא חתיך רצח אם כבר אשטון זה שצריך להתקלח,0
3170,NOT,,,,"@JoshBreiner חבר שואל איך ימ""ר ש""י שאמור לטפל בטרור לאומני מתעסק רק עם טרור יהודי בעוד הטרור הערבי הוא 99% מהפח""ע לא פלא שהטרור מתגבר https://t.co/soAaPyPk8D",חבר שואל איך ימר שי שאמור לטפל בטרור לאומני מתעסק רק עם טרור יהודי בעוד הטרור הערבי הוא מהפחע לא פלא שהטרור מתגבר,0
3171,NOT,,,,"מי שלימד אותי לרתך היה ערבי מבוגר מהכפר הנוצרי טייבה. במבשלת הבירה שיש להם בכפר, יש אפילו הכשר מרב הההתנחלות עפרה הסמוכה. האדם החביב, בן 60 בערך, סיפר לי שהילדים שלו למדו תואר אקדמי - ומיד ברחו לארה״ב. הפשע הכי גדול של מדינת ישראל היה ייבוא מחבלי אש״ף מטוניס וייסוד הרש״פ. https://t.co/ogGPwcaakL",מי שלימד אותי לרתך היה ערבי מבוגר מהכפר הנוצרי טייבה במבשלת הבירה שיש להם בכפר יש אפילו הכשר מרב הההתנחלות עפרה הסמוכה האדם החביב בן בערך סיפר לי שהילדים שלו למדו תואר אקדמי ומיד ברחו לארה״ב הפשע הכי גדול של מדינת ישראל היה ייבוא מחבלי אש״ף מטוניס וייסוד הרש״פ,0
3172,NOT,,,,לא הבנתי אני היחידיה שהזארי שיפרס גרמו לה לא לשנוא זארי? כאילו זה היה ככ סופרמסי כפרינדשיפ והם פשוט גרמו לי לשנוא את זה יואו לאדעת מציקים רצח כנל לזיאם,לא הבנתי אני היחידיה שהזארי שיפרס גרמו לה לא לשנוא זארי כאילו זה היה ככ סופרמסי כפרינדשיפ והם פשוט גרמו לי לשנוא את זה יואו לאדעת מציקים רצח כנל לזיאם,0
3173,NOT,,,,@benlevavi @BENDOR_IRIS @carmeldangor חמוד אם אתה כובש למה אתה נמצא פה לך לאירופה משם הגעת לכבוש את הארץ לעומתך כמזרחי זו הארץ שלי אני לא הגעתי לפה לכבוש אלה אתה שמודה שאתה כובש למה אתה חושב שבעיני ערבי תל אביב ושכם שונים,חמוד אם אתה כובש למה אתה נמצא פה לך לאירופה משם הגעת לכבוש את הארץ לעומתך כמזרחי זו הארץ שלי אני לא הגעתי לפה לכבוש אלה אתה שמודה שאתה כובש למה אתה חושב שבעיני ערבי תל אביב ושכם שונים,0
3174,NOT,,,,@drmichaelbenari הילד שלה היה מחבל תפסיקו לתמוך בטרור,הילד שלה היה מחבל תפסיקו לתמוך בטרור,0
3175,NOT,,,,@YifatSade @JoshBreiner טרור הוא טרור . גרפיטי הוא גרפיטי. אין סתירה. אבל חלק מפעילות תג מחיר הן טרור ולכן המושג מטעה.,טרור הוא טרור גרפיטי הוא גרפיטי אין סתירה אבל חלק מפעילות תג מחיר הן טרור ולכן המושג מטעה,0
3176,NOT,,,,@newsisrael13 @LiorKenan מי זה מה עשה זה שנותן לבני נוער באילת לעשן לשתות לאנוס עוד אחד למפלגת הפליטים,מי זה מה עשה זה שנותן לבני נוער באילת לעשן לשתות לאנוס עוד אחד למפלגת הפליטים,0
3177,NOT,,,,"רוב פשעי נאשמדאי בעבר בוצעו במחשכים ולכן לקח זמן עד שנחשפו והחלו פעולות נגדו. (לעומתם, הסגרים ופשעי הקורונה גלויים) . אבל הברוטליות של ה""גסטאפו"" נגד מפגינים חשופה לעיני מצלמות התקשורת . לא ייתכן שתימשך. שנכניס אותה להגדרת ""פיגוע טרור"" ואז כל אזרח יגיב ככל שביכלתו כמו נגד מחבל?",רוב פשעי נאשמדאי בעבר בוצעו במחשכים ולכן לקח זמן עד שנחשפו והחלו פעולות נגדו לעומתם הסגרים ופשעי הקורונה גלויים אבל הברוטליות של הגסטאפו נגד מפגינים חשופה לעיני מצלמות התקשורת לא ייתכן שתימשך שנכניס אותה להגדרת פיגוע טרור ואז כל אזרח יגיב ככל שביכלתו כמו נגד מחבל,0
3178,NOT,,,,"RT @LassYoram: מי שנפטר מקורונה בחודש אוקטובר, לא ימות ממחלה דמוית שפעת (ILI) בחודש ינואר.",מי שנפטר מקורונה בחודש אוקטובר לא ימות ממחלה דמוית שפעת בחודש ינואר,0
3179,NOT,LGBQT community,,זין בתחת,@ShemPrati אומנם אתה לא בקהילה אבל כל בת חייבת להיות LGBTQ וגם שמה acab בתיאור עם אתה רואה שמישהו שם בתיאור She/Her תברח כל הקהילה פה טוקסיק רצח ומאחל להם זין בתחת עם אתה אוהב סדרה כולם יצאו עליך ויורידו לך ממש ממנה,אומנם אתה לא בקהילה אבל כל בת חייבת להיות וגם שמה בתיאור עם אתה רואה שמישהו שם בתיאור תברח כל הקהילה פה טוקסיק רצח ומאחל להם זין בתחת עם אתה אוהב סדרה כולם יצאו עליך ויורידו לך ממש ממנה,0
3180,NOT,,,,"@eyalhagever @Renje_Ashhifon @dumbstipsshit לא אכפת לי מה וויקיפדיה אומרת, אני מדברת איתך על המשמעות של ההגדרות עכשיו לא על ההגדרות עצמן, להבדיל בין הרג לרצח נועד כדי ליצור ריחוק מוסרי בתודעה התרבותית בין מעשים שנחשבים למקובלים על ידי החברה (הרג) לבין כאלו שלא (רצח)",לא אכפת לי מה וויקיפדיה אומרת אני מדברת איתך על המשמעות של ההגדרות עכשיו לא על ההגדרות עצמן להבדיל בין הרג לרצח נועד כדי ליצור ריחוק מוסרי בתודעה התרבותית בין מעשים שנחשבים למקובלים על ידי החברה הרג לבין כאלו שלא רצח,0
3181,NOT,,,,@eyalhagever @Renje_Ashhifon @dumbstipsshit זו דעתי לפחות זה לא משנה מה זה הרג ומה זה רצח התוצאה היא אותה תוצאה וההבדל הוא תרבותי,זו דעתי לפחות זה לא משנה מה זה הרג ומה זה רצח התוצאה היא אותה תוצאה וההבדל הוא תרבותי,0
3182,NOT,,,,"או כחול לבן או ארדואן אנחנו או הם רק ליכוד גדול מול כל השמאל מרכז ציוני מול ימין קיצוני אפשר להמשיך. השורה התחתונה תישאר זהה: בפוליטיקה הישראלית יש ריבוי מפלגות ומה שיקבע את זהות ראש הממשלה בבחירות הבאות, כמו בכל קודמותיהן, יהיה גודל הגוש. זה *לא* סער או ביבי. https://t.co/PWuFIrfwOd",או כחול לבן או ארדואן אנחנו או הם רק ליכוד גדול מול כל השמאל מרכז ציוני מול ימין קיצוני אפשר להמשיך השורה התחתונה תישאר זהה בפוליטיקה הישראלית יש ריבוי מפלגות ומה שיקבע את זהות ראש הממשלה בבחירות הבאות כמו בכל קודמותיהן יהיה גודל הגוש זה לא סער או ביבי,0
3183,NOT,,,,@aaddams כן כן יש ממש סרטונים שלהם כאילו בכפר ערבי ואומרים תא מרבוטה. זה קורע,כן כן יש ממש סרטונים שלהם כאילו בכפר ערבי ואומרים תא מרבוטה זה קורע,0
3184,NOT,,,,@shlomi_shaul @peleguy @wineofshomron בדיוק! היה שם ערבי נוצרי קדורני למדי אך מומחה גדול...,בדיוק היה שם ערבי נוצרי קדורני למדי אך מומחה גדול,0
3185,NOT,,,,"@w91xYoFrRI5uTnZ @OmerArvili הכל מתחיל בשימוש בילדים כחומת מגן. זכור לי המקרה מרצועת עזה של אדם רץ עם תינוק ביד תחת התקפת טילים, ובימים האחרונים הצבת עגלת תינוק מול המכתזית בירושלים. ליקוי מאורות לשמו.",הכל מתחיל בשימוש בילדים כחומת מגן זכור לי המקרה מרצועת עזה של אדם רץ עם תינוק ביד תחת התקפת טילים ובימים האחרונים הצבת עגלת תינוק מול המכתזית בירושלים ליקוי מאורות לשמו,0
3186,NOT,,,,"הפוליטיקה של הזהות היתה ועודה מכשיר פוסט-ציוני של האליטה. לצורך זה גוייסו וקיבלו במה לא פרופורציונית אנשים שחזרו מלימודים באמריקה, והגיעו לכאן עם האידיאולוגיה הפוסט-לאומית של השמאל. והם היו הכי מועילים לפרוייקט הפירוק אם הם היו מזרחיים. הנה מה שכתב פרופ' סמי שלום שטרית ב 1993: &gt;&gt;",הפוליטיקה של הזהות היתה ועודה מכשיר פוסטציוני של האליטה לצורך זה גוייסו וקיבלו במה לא פרופורציונית אנשים שחזרו מלימודים באמריקה והגיעו לכאן עם האידיאולוגיה הפוסטלאומית של השמאל והם היו הכי מועילים לפרוייקט הפירוק אם הם היו מזרחיים הנה מה שכתב פרופ סמי שלום שטרית ב,0
3187,NOT,,,,https://t.co/qfmlnjGhBr בוא חלום ימות התום,בוא חלום ימות התום,0
3188,NOT,,,,@AssafYNews @nirhasson ברור כי ההגיון מחייב לחסן מחבל שרצח ישראלים מאזרחים טובים מעל גיל 60 אתה מבין כמה את מקולקל,ברור כי ההגיון מחייב לחסן מחבל שרצח ישראלים מאזרחים טובים מעל גיל אתה מבין כמה את מקולקל,0
3189,NOT,,,,@mushpelet כן היא טיפשה רצח,כן היא טיפשה רצח,0
3190,NOT,,,,"כתב אישום נגד עד המדינה מפרשת ""הברנוער"": ניסה לסחוט באיומים הומו בארון https://t.co/bUhD2ebBsu הסדרה בלאקספייס נותנת לכם את התשובה מה קרה בברנוער. רצח מבפנים: שב""כ נאצי(רבנים) בזמנו. הם כאלו חשוכים ופרימיטיביים לגבי מיניות האדם... שותף מאפליקציית ""מבזקון"" https://t.co/rWU7xC2mMc",כתב אישום נגד עד המדינה מפרשת הברנוער ניסה לסחוט באיומים הומו בארון הסדרה בלאקספייס נותנת לכם את התשובה מה קרה בברנוער רצח מבפנים שבכ נאצירבנים בזמנו הם כאלו חשוכים ופרימיטיביים לגבי מיניות האדם שותף מאפליקציית מבזקון,0
3191,NOT,,,,"הקניון בשישי עבד אש, ואתמול עבד רצח, אומר בעל החנות לחבר שלו כאן ברחוב, רק אותנו הורגים",הקניון בשישי עבד אש ואתמול עבד רצח אומר בעל החנות לחבר שלו כאן ברחוב רק אותנו הורגים,0
3192,NOT,,,,RT @GadiTaub1: הפוליטיקה של הזהות היתה ועודה מכשיר פוסט-ציוני של האליטה. לצורך זה גוייסו וקיבלו במה לא פרופורציונית אנשים שחזרו מלימודים בא…,הפוליטיקה של הזהות היתה ועודה מכשיר פוסטציוני של האליטה לצורך זה גוייסו וקיבלו במה לא פרופורציונית אנשים שחזרו מלימודים בא,0
3193,NOT,,,,"@DaphnaLiel את רצינית? איך את מצפה שמישו יקח אותך ברצינות בתור עיתונאית?????? מלוא הפרגון לנתניהו על זה שרכש את החיסונים אחרי כל העולם במחיר כפול, והשתמש בקופות החולים שניסה להשמיד רוב שלטונו כדי לפזר את החיסון בארץ??? על מה את מדברת שופרונת?!",את רצינית איך את מצפה שמישו יקח אותך ברצינות בתור עיתונאית מלוא הפרגון לנתניהו על זה שרכש את החיסונים אחרי כל העולם במחיר כפול והשתמש בקופות החולים שניסה להשמיד רוב שלטונו כדי לפזר את החיסון בארץ על מה את מדברת שופרונת,0
3194,NOT,,,,במשטרה מעריכים כי יש קשר בין רצח תושב לוד שישב במכוניתו בלילה לבין הירי בשני נוסעי רכב שיצא מלוד כעת בכביש 6. לפני שנתיים בדיוק אותו סכסוך ארוך בין שני ארגוני פשיעה גבה שלושה קורבנות ביום. אז היו אלו בני זוג ליד להב 433 ואדם חף מפשע שנקלע לנקמה בעקבות הרג הזוג צילום: איחוד הצלה https://t.co/pHe3g3ty3o,במשטרה מעריכים כי יש קשר בין רצח תושב לוד שישב במכוניתו בלילה לבין הירי בשני נוסעי רכב שיצא מלוד כעת בכביש לפני שנתיים בדיוק אותו סכסוך ארוך בין שני ארגוני פשיעה גבה שלושה קורבנות ביום אז היו אלו בני זוג ליד להב ואדם חף מפשע שנקלע לנקמה בעקבות הרג הזוג צילום איחוד הצלה,0
3195,NOT,,,,"הרחוב הפלסטיני נאבק במשבר כלכלי. צעיר פלסטיני לא יכול לבנות בית, לקנות מכונית, להתחתן כי אין לו כסף. מתקשה להשיג עבודה בישראל בגלל הקורונה ואז הוא שומע שהרשות הפלסטינית תשלם משכורת של שלושה חודשים מראש למחבלים. ככה דוחפים לביצוע פיגועים, ככה מעודדים טרור https://t.co/rf8SKF2Blx",הרחוב הפלסטיני נאבק במשבר כלכלי צעיר פלסטיני לא יכול לבנות בית לקנות מכונית להתחתן כי אין לו כסף מתקשה להשיג עבודה בישראל בגלל הקורונה ואז הוא שומע שהרשות הפלסטינית תשלם משכורת של שלושה חודשים מראש למחבלים ככה דוחפים לביצוע פיגועים ככה מעודדים טרור,0
3196,NOT,,,,"2/1 פתוא מאת המפתי של אוניברסיטת אל־אזהר בקהיר: הצטרפות לתנועת ""האחים המוסלמים"" אסורה על־פי השריעה. ההתנערות מן התנועה מצטרפת לדרישה מתחילת החודש של סנאטורים רפובליקנים בראשות @tedcruz להכריז על ""האחים"" ארגון טרור, וכך גם #סעודיה ו #איחודהאמירויות שהצהירו כך בחודש שעבר. https://t.co/oetvCPIS8m",פתוא מאת המפתי של אוניברסיטת אל־אזהר בקהיר הצטרפות לתנועת האחים המוסלמים אסורה על־פי השריעה ההתנערות מן התנועה מצטרפת לדרישה מתחילת החודש של סנאטורים רפובליקנים בראשות להכריז על האחים ארגון טרור וכך גם ו שהצהירו כך בחודש שעבר,0
3197,NOT,,,,"@srbigogmailcom1 @BENDOR_IRIS @carmeldangor אני בדיוק נכנסתי למנהרה אין קליטה כל כך אתה יודע אנחנו בדיוק בונים את המנהרה שתעבור מעזה לרמאללה כמו שטראמפ אמר בעסקת המאה הרי הוא רצה להקים את מדינת פלסטין בעזה ובשטחים הכבושים הרי לזה ביבי הסכים, מדינה פלסטינית לצד מדינה ישראלית כל הכבוד ביבי אוהבים אותך",אני בדיוק נכנסתי למנהרה אין קליטה כל כך אתה יודע אנחנו בדיוק בונים את המנהרה שתעבור מעזה לרמאללה כמו שטראמפ אמר בעסקת המאה הרי הוא רצה להקים את מדינת פלסטין בעזה ובשטחים הכבושים הרי לזה ביבי הסכים מדינה פלסטינית לצד מדינה ישראלית כל הכבוד ביבי אוהבים אותך,0
3198,NOT,,,,@hila4ever כן!!! תראי את זה!! אבל הסדרה עלולה לעשות טריגר ל מוות ו רצח,כן תראי את זה אבל הסדרה עלולה לעשות טריגר ל מוות ו רצח,0
3199,NOT,,,,@ferstl_roman כמה רוע לרצוח ילדים כל כך חמודים וחייכנים,כמה רוע לרצוח ילדים כל כך חמודים וחייכנים,0
3200,NOT,,,,@raniableier אמרת עמית סגל. התכוונת בו של מחבל. חכה בתור עם התביעה.,אמרת עמית סגל התכוונת בו של מחבל חכה בתור עם התביעה,0
3201,NOT,,,,@nirhasson אתה תומך טרור חיסוני,אתה תומך טרור חיסוני,0
3202,NOT,,,,@BarbashH @YifatSade @JoshBreiner אכן מטעה. גורם לאנשים לקרוא לגרפיטי טרור.,אכן מטעה גורם לאנשים לקרוא לגרפיטי טרור,0
3203,NOT,,,,@MoranT555 @nirhasson אין. בלי פושעי המלחמה הערבים - מה יהיה ״מנוף השכנוע״ של השמאל להקמת אמירות טרור בטווח מרגמה קלה מכפר סבא?,אין בלי פושעי המלחמה הערבים מה יהיה ״מנוף השכנוע״ של השמאל להקמת אמירות טרור בטווח מרגמה קלה מכפר סבא,0
3204,NOT,,,,"כשאפילו הערבי הכי ציוני מסרב להקרא ציוני... זה מלמד משהו על ""ערביי ישראל"" https://t.co/Xiy09vnAmN",כשאפילו הערבי הכי ציוני מסרב להקרא ציוני זה מלמד משהו על ערביי ישראל,0
3205,hate,Leftists,Politics,שמאל,"@Isaiah00493765 לזכותו של נתניהו שחשף את מלוא הספקטרום הימני והבהיר (למי שחיפש הבהרה) שאין שמאל ציוני, אלא גוונים של לאומנות וקפיטליזם",לזכותו של נתניהו שחשף את מלוא הספקטרום הימני והבהיר למי שחיפש הבהרה שאין שמאל ציוני אלא גוונים של לאומנות וקפיטליזם,1
3206,NOT,,,,"@IsraelHayomHeb חארטה!!! רוצח אסתר הורגן,אינו ערבי!!!",חארטה רוצח אסתר הורגןאינו ערבי,0
3207,NOT,,,,@arieh_king @Riklin10 @batelkol אריה כאשר מתייחסים לנוער בתור אויב שדמו מותר. כך הוא מגיב. גם אני הייתי שם בהפגנה. בבלפור הם לא היו מעיזים לנהוג ככה. תפסיק להצדיק את האלימות. נרצח פה חבר שלהם על ידי המשטרה. הם מרגישים שהממשלה עוברת על כך בשתיקה וזה התגובה.,אריה כאשר מתייחסים לנוער בתור אויב שדמו מותר כך הוא מגיב גם אני הייתי שם בהפגנה בבלפור הם לא היו מעיזים לנהוג ככה תפסיק להצדיק את האלימות נרצח פה חבר שלהם על ידי המשטרה הם מרגישים שהממשלה עוברת על כך בשתיקה וזה התגובה,0
3208,NOT,,,,@MoranT555 למה הוא צריך להיות ציוני???? מה ההגיון?,למה הוא צריך להיות ציוני מה ההגיון,0
3209,NOT,,,,@yaronavraham זה בן אדם חצוף ומזלזל בחברי המועצה! איש אנטישמי זה אנחנו כבר יודעים שונא דת וחרדים!,זה בן אדם חצוף ומזלזל בחברי המועצה איש אנטישמי זה אנחנו כבר יודעים שונא דת וחרדים,0
3210,NOT,,,,"RT @assafgibor: הרחוב הפלסטיני נאבק במשבר כלכלי. צעיר פלסטיני לא יכול לבנות בית, לקנות מכונית, להתחתן כי אין לו כסף. מתקשה להשיג עבודה ביש…",הרחוב הפלסטיני נאבק במשבר כלכלי צעיר פלסטיני לא יכול לבנות בית לקנות מכונית להתחתן כי אין לו כסף מתקשה להשיג עבודה ביש,0
3211,NOT,,,,"@Haskupim הפגנות הם לא הדרך של הרבי זיע""א ולצערי פורקי עול משתמשים בשם של חב""ד והרבי זיע""א כואב מאוד על המוות של הבחור אך לכנות זאת בשם רצח... כל זמן שיש חקירה זה גבול שאסור לעבור",הפגנות הם לא הדרך של הרבי זיעא ולצערי פורקי עול משתמשים בשם של חבד והרבי זיעא כואב מאוד על המוות של הבחור אך לכנות זאת בשם רצח כל זמן שיש חקירה זה גבול שאסור לעבור,0
3212,NOT,,,,"תסמונת מלך עכברוש של ג'יימס קלאוול במלואה: ״הספר מתאר כיצד השבויים מתחננים למזון ותרופות מהשובים היפנים אטומי הלב וכיצד הם מבצעים עסקאות בסתר עם השומרים הקוריאנים, שנתונים אמנם בעצמם תחת כיבוש ובמעמד נחות יחסית לכובש היפני״ https://t.co/sfTBJXSgxN https://t.co/bfY0LlCRqK",תסמונת מלך עכברוש של גיימס קלאוול במלואה ״הספר מתאר כיצד השבויים מתחננים למזון ותרופות מהשובים היפנים אטומי הלב וכיצד הם מבצעים עסקאות בסתר עם השומרים הקוריאנים שנתונים אמנם בעצמם תחת כיבוש ובמעמד נחות יחסית לכובש היפני״,0
3213,NOT,,,,@arutz20 @Riklin10 @YosephHaddad למה לא משתפים ערבי ישראלי בפנל?,למה לא משתפים ערבי ישראלי בפנל,0
3214,NOT,,,,"@MoranT555 לא בהכרח ציונות היא התנועה של העם היהודי ליצירת מדינת העם היהודי בארץ ישראל ערבי יכול לשמוח בכך שיש מדינה יהודית ולקבל את הברכה ממנה, אבל למה שיגדיר את עצמו כציוני? הוא בן לתרבות הערבית ומשם הוא יונק את הזהות שלו, את קוראת לערביי ישראל לאמץ זהות ששייכת לעם היהודי?",לא בהכרח ציונות היא התנועה של העם היהודי ליצירת מדינת העם היהודי בארץ ישראל ערבי יכול לשמוח בכך שיש מדינה יהודית ולקבל את הברכה ממנה אבל למה שיגדיר את עצמו כציוני הוא בן לתרבות הערבית ומשם הוא יונק את הזהות שלו את קוראת לערביי ישראל לאמץ זהות ששייכת לעם היהודי,0
3215,NOT,,,,"@YiftachDayan ומוסיף ומדגיש: לדרמר היו יחסים טובים עם הדמוקרטים, כולל כמה מאנשי אובמה שעסקו באופן ממוקד בנושא הישראלי-פלסטיני. הנאום פגע בזה קשות.",ומוסיף ומדגיש לדרמר היו יחסים טובים עם הדמוקרטים כולל כמה מאנשי אובמה שעסקו באופן ממוקד בנושא הישראליפלסטיני הנאום פגע בזה קשות,0
3216,NOT,,,,"@MoranT555 אבל הוא קושר בין הציונות ליהדות. הוא אומר זאת במפורש. אולי לדידו, גם התומך הפרו ציוני הנלהב ביותר, אם אינו יהודי, לא יכול להיות להיקרא ציוני.",אבל הוא קושר בין הציונות ליהדות הוא אומר זאת במפורש אולי לדידו גם התומך הפרו ציוני הנלהב ביותר אם אינו יהודי לא יכול להיות להיקרא ציוני,0
3217,NOT,,,,@MoranT555 בעיה? להיפך אולי המילה הכי מרגשת שיש. אבל רלוונטית ליהודים או למי שהחליט לתמוך ביהודים לפני כל הלאום של עצמו. אפשר להיות לא יהודי אוהב ישראל אוהב שלום חושב בהגיון ולא ציוני.,בעיה להיפך אולי המילה הכי מרגשת שיש אבל רלוונטית ליהודים או למי שהחליט לתמוך ביהודים לפני כל הלאום של עצמו אפשר להיות לא יהודי אוהב ישראל אוהב שלום חושב בהגיון ולא ציוני,0
3218,NOT,,,,@MoranT555 @amichai_g גם אני לא ציוני. אני יהודי. ישראלי. אבל לא ציוני. מה זה בכלל להיות ציוני??,גם אני לא ציוני אני יהודי ישראלי אבל לא ציוני מה זה בכלל להיות ציוני,0
3219,NOT,,,,"@AvishayBenHaim תגיד, מי מתעסק שוב, ושוב, ושוב, ושוב - בגורם העדתי: לא אתה עם תיאוריית ישראל ה-2 שלך? ומה ממלכתי, ציוני, לאומי ואחראי בביבי ובפולחן האישיות שאתה חלק ממנו?",תגיד מי מתעסק שוב ושוב ושוב ושוב בגורם העדתי לא אתה עם תיאוריית ישראל ה שלך ומה ממלכתי ציוני לאומי ואחראי בביבי ובפולחן האישיות שאתה חלק ממנו,0
3220,NOT,,,,"@YinonMagal @LWsfoDCwleeUhPa תסביר לינון שהוא טועה. סוף מעשה במחשבה תחילה. אהוביה סנדק לא היה צריך למות במשמרת של אוחנה. המכתזיות עם הבואש לא היו צריכות על המפגינים החרדים בזמן המשמרת של אוחנה. המפגינים בבלפור לא היו צריכים לשרוף רחובות, לחסום כבישים ובסוף לקבל ליטוף במשמרת של אוחנה.",תסביר לינון שהוא טועה סוף מעשה במחשבה תחילה אהוביה סנדק לא היה צריך למות במשמרת של אוחנה המכתזיות עם הבואש לא היו צריכות על המפגינים החרדים בזמן המשמרת של אוחנה המפגינים בבלפור לא היו צריכים לשרוף רחובות לחסום כבישים ובסוף לקבל ליטוף במשמרת של אוחנה,0
3221,NOT,,,,"@MoranT555 לא הבנתי. למה שערבי יראה את עצמו כציוני? ציונות זו תנועה יהודית, זהו מושג יהודי לחלוטין, והוא, מה לעשות, ערבי.",לא הבנתי למה שערבי יראה את עצמו כציוני ציונות זו תנועה יהודית זהו מושג יהודי לחלוטין והוא מה לעשות ערבי,0
3222,NOT,,,,"@FelixGoldberg1 @haakshan עוד דבר שהשב""כ הביא הוא... הקמת תנועת החמאס. הם חשבו שהם יישבו במאדרסות ויהיו בחורי ישיבות עדינים. פחחחח. וכך, הגענו לאינטיפדה הראשונה. עם ערפאת ברמת מנהיג עולמי בעל הילת מהפכן, הפלסטינאים הפכו לדויד עם האבנים נגד גולית הישראלי. תשתית חמאס התחזקה בשטחים. &gt;&gt;",עוד דבר שהשבכ הביא הוא הקמת תנועת החמאס הם חשבו שהם יישבו במאדרסות ויהיו בחורי ישיבות עדינים פחחחח וכך הגענו לאינטיפדה הראשונה עם ערפאת ברמת מנהיג עולמי בעל הילת מהפכן הפלסטינאים הפכו לדויד עם האבנים נגד גולית הישראלי תשתית חמאס התחזקה בשטחים,0
3223,NOT,,,,"@GellerIsaac ציוני הוא כל אדם שתומך בזכות העם היהודי להגדרה עצמית במדינת ישראל. העובדה היא שהיום יש לי הרבה חברים במפרץ ולא רק, שמגדירים עצמם ציונים. אם הם יכולים אז למה הוא לא? המילה ציוני נחשבת מחוץ להקשר האמיתי שלה כקללה בתרבות הערבית. כל אדם שתומך בשלום/נורמליזציה עם ישראל מקללים ""ציוני""",ציוני הוא כל אדם שתומך בזכות העם היהודי להגדרה עצמית במדינת ישראל העובדה היא שהיום יש לי הרבה חברים במפרץ ולא רק שמגדירים עצמם ציונים אם הם יכולים אז למה הוא לא המילה ציוני נחשבת מחוץ להקשר האמיתי שלה כקללה בתרבות הערבית כל אדם שתומך בשלוםנורמליזציה עם ישראל מקללים ציוני,0
3224,NOT,,,,"@MoranT555 עשה הרבה למען המדינה, נלחם בלבנון למען המדינה, נכה למען המדינה. הרבה יותר מהרבה פייק ציונים שלא עשו דבר אך מדברים מלל רב על מדינת ישראל. להגיד ציוני זה קל. לעשות את מה שהוא עושה זה קשה. עושה הרבה יותר מסמוטריץ וחבורת נערי הגבעות שלו שזורקים אבנים על חיילי צהל",עשה הרבה למען המדינה נלחם בלבנון למען המדינה נכה למען המדינה הרבה יותר מהרבה פייק ציונים שלא עשו דבר אך מדברים מלל רב על מדינת ישראל להגיד ציוני זה קל לעשות את מה שהוא עושה זה קשה עושה הרבה יותר מסמוטריץ וחבורת נערי הגבעות שלו שזורקים אבנים על חיילי צהל,0
3225,NOT,,,,"@AyalaHasson הלא לא רק ישב, אילה. הוא ירוץ לשבת. כל הריצה שלו מיועדת למטרה אחת בלבד. הוא רוצה לאנוס את נתניהו ולשבת בממשלתו על אפו וכל חמתו של נתניהו. גדעון סער הוא אדם נקמן שמחזיק חשבונות לשנים ארוכות. ש",הלא לא רק ישב אילה הוא ירוץ לשבת כל הריצה שלו מיועדת למטרה אחת בלבד הוא רוצה לאנוס את נתניהו ולשבת בממשלתו על אפו וכל חמתו של נתניהו גדעון סער הוא אדם נקמן שמחזיק חשבונות לשנים ארוכות ש,0
3226,NOT,,,,"@MoranT555 אין שום סיבה מחייבת שאדם שנאבק למען השתלבות ערבית בחברה יהיה ציוני. ציונות היא תנועת הלאום של העם היהודי, אני לא מצפה שבן לאף עם אחר יזדהה עם התנועה הלאומית שלי ובוודאי שאני לא רואה עילה לבקר בני עם אחר על כך שהם לא עושים זאת.",אין שום סיבה מחייבת שאדם שנאבק למען השתלבות ערבית בחברה יהיה ציוני ציונות היא תנועת הלאום של העם היהודי אני לא מצפה שבן לאף עם אחר יזדהה עם התנועה הלאומית שלי ובוודאי שאני לא רואה עילה לבקר בני עם אחר על כך שהם לא עושים זאת,0
3227,NOT,,,,"ציוני הוא אדם שתומך בזכות העם היהודי להגדרה עצמית במדינת ישראל. העובדה היא שהיום ערבים רבים במפרץ ולא רק, שמגדירים עצמם ציונים. אם הם יכולים אז למה יוסף לא? המילה ציוני נחשבת מחוץ להקשר האמיתי שלה כקללה בתרבות הערבית. כל אדם שתומך בשלום/נורמליזציה עם ישראל מקללים כ""ציוני"".",ציוני הוא אדם שתומך בזכות העם היהודי להגדרה עצמית במדינת ישראל העובדה היא שהיום ערבים רבים במפרץ ולא רק שמגדירים עצמם ציונים אם הם יכולים אז למה יוסף לא המילה ציוני נחשבת מחוץ להקשר האמיתי שלה כקללה בתרבות הערבית כל אדם שתומך בשלוםנורמליזציה עם ישראל מקללים כציוני,0
3228,NOT,,,,"@hamartef @MoranT555 אפשר להסכים להגדרה. לא להתנגד לציונות ועדיין לא להיות ציוני. אני יכול לאהוד ולתרום לזכויות הקטלונים ועדיין לא להיות קטלוני. רוצה לומר, יש מנעד רחב בין מתנגדי הציונות להיותך ציוני בהגדרת זהותך האישית.",אפשר להסכים להגדרה לא להתנגד לציונות ועדיין לא להיות ציוני אני יכול לאהוד ולתרום לזכויות הקטלונים ועדיין לא להיות קטלוני רוצה לומר יש מנעד רחב בין מתנגדי הציונות להיותך ציוני בהגדרת זהותך האישית,0
3229,NOT,,,,"RT @MoranT555: ציוני הוא אדם שתומך בזכות העם היהודי להגדרה עצמית במדינת ישראל. העובדה היא שהיום ערבים רבים במפרץ ולא רק, שמגדירים עצמם ציונ…",ציוני הוא אדם שתומך בזכות העם היהודי להגדרה עצמית במדינת ישראל העובדה היא שהיום ערבים רבים במפרץ ולא רק שמגדירים עצמם ציונ,0
3230,NOT,,,,@MoranT555 מרד ערבי,מרד ערבי,0
3231,NOT,,,,@arnonsegal1 @Roy_Iddan אני לא מבין - הם מצדיקים את זה שהוא מת כי חשבו שהוא פלסטינאי? כלומר יש אכיפה מסויימת לאבנים שזורקים יהודים ואבנים שזורקים פלסטינאים?,אני לא מבין הם מצדיקים את זה שהוא מת כי חשבו שהוא פלסטינאי כלומר יש אכיפה מסויימת לאבנים שזורקים יהודים ואבנים שזורקים פלסטינאים,0
3232,NOT,,,,@yuval207 מה יש להסביר? אני נגד חרדים מתפרעים על הכביש בדיוק כמו מתנחלי בלפור. אלה לא המתנחלים שמוחים על רצח סנדק בהפגנה מוצדקת. אלה חלאות שצריך לבעוט בחזרה למדגרות הקורונה שלהם שנמצאות ממש מעבר לכביש ליד הבית שלי. לא רוצה למות בגללם או שמישהו יתעכב על הכביש בגלל ההפקרות שלהם.,מה יש להסביר אני נגד חרדים מתפרעים על הכביש בדיוק כמו מתנחלי בלפור אלה לא המתנחלים שמוחים על רצח סנדק בהפגנה מוצדקת אלה חלאות שצריך לבעוט בחזרה למדגרות הקורונה שלהם שנמצאות ממש מעבר לכביש ליד הבית שלי לא רוצה למות בגללם או שמישהו יתעכב על הכביש בגלל ההפקרות שלהם,0
3233,NOT,,,,@instabaluga ופשטה לעצמה את העור? מצטער - אבל הראיות מצביעות על רצח בכוונת תחילה,ופשטה לעצמה את העור מצטער אבל הראיות מצביעות על רצח בכוונת תחילה,0
3234,NOT,,,,"@Climo_1 יוסף חדאד תרם ותורם המון, וגם סמוטריץ' תרם ותורם המון. זה לא קשור לנושא ההגדרה בתור ציוני.",יוסף חדאד תרם ותורם המון וגם סמוטריץ תרם ותורם המון זה לא קשור לנושא ההגדרה בתור ציוני,0
3235,NOT,,,,"@MoranT555 יוסף חדד לא נכנס לשום משבצת. הוא משבצת ובה הרבה אנשים שרוצים לחיות במדינה הזו ולתרום לה ולהגן עליה כמדינה כי זה המקום שלהם ולא בא להם טוב להכנס להגדרות שלי פונקט. אני כולל במשבצת גם הרבה חרדים ו""אחרים"" שיש משום ההרכבת איקאה של המדינה. האם אני רוצה אותו דווקא כ""ציוני"" ? לא בטוח.",יוסף חדד לא נכנס לשום משבצת הוא משבצת ובה הרבה אנשים שרוצים לחיות במדינה הזו ולתרום לה ולהגן עליה כמדינה כי זה המקום שלהם ולא בא להם טוב להכנס להגדרות שלי פונקט אני כולל במשבצת גם הרבה חרדים ואחרים שיש משום ההרכבת איקאה של המדינה האם אני רוצה אותו דווקא כציוני לא בטוח,0
3236,NOT,,,,"@amichai_g @MoranT555 כי הם אזרחים שווי זכויות ובחלקם אף זכויות יתר, בגן העדן של המזרח התיכון שיהודים הקימו.להיות ציוני זה להאמין בזכות קיומם של יהודים בבית הלאומי היחיד שיש להם בעולם.זה שהתרגלנו שערבים חיים כאן ולא מזדהים עם העיקרון הבסיסי והוא הצלחה ושגשוג של המדינה והכרעת אויביה,זה לא אומר שזה שפוי",כי הם אזרחים שווי זכויות ובחלקם אף זכויות יתר בגן העדן של המזרח התיכון שיהודים הקימולהיות ציוני זה להאמין בזכות קיומם של יהודים בבית הלאומי היחיד שיש להם בעולםזה שהתרגלנו שערבים חיים כאן ולא מזדהים עם העיקרון הבסיסי והוא הצלחה ושגשוג של המדינה והכרעת אויביהזה לא אומר שזה שפוי,0
3237,NOT,,,,@MoranT555 מסכימה איתך. מאוד מעריכה את יוסף חדאד ולכן מאוכזבת מהאופן שבו הוא תופס את המילה ציוני.,מסכימה איתך מאוד מעריכה את יוסף חדאד ולכן מאוכזבת מהאופן שבו הוא תופס את המילה ציוני,0
3238,NOT,,,,"@EliHoter ש""נער גבעות"" הוא טרוריסט גזען? ושעשבים שוטים גדלים ליד ברז שמשקה אותם? זה חדש לך?",שנער גבעות הוא טרוריסט גזען ושעשבים שוטים גדלים ליד ברז שמשקה אותם זה חדש לך,0
3239,NOT,,,,"השיח הזה לפיו ""כולם משקרים, אי אפשר להאמין להבטחות של הפוליטיקאים"" הוא מעין פיגוע נגד הדמוקרטיה הישראלית. זה בדיוק המסר שנתניהו מנסה להטמיע כאן. לייאש את הבוחרים, להרוג את השאיפה לשינוי. אז לא. לא כולם משקרים. @yairlapid ו""יש עתיד"" לא שיקרו ונשארו נאמנים לבוחר. יש על מי לסמוך.",השיח הזה לפיו כולם משקרים אי אפשר להאמין להבטחות של הפוליטיקאים הוא מעין פיגוע נגד הדמוקרטיה הישראלית זה בדיוק המסר שנתניהו מנסה להטמיע כאן לייאש את הבוחרים להרוג את השאיפה לשינוי אז לא לא כולם משקרים ויש עתיד לא שיקרו ונשארו נאמנים לבוחר יש על מי לסמוך,0
3240,NOT,,,,"@MoranT555 מורן, יש ביניכם מחלוקת נטו בקשר למושג ציוני ולא למשמעות הנגזרת מזה, אין מחלוקת ביניכם על כך שמדינת ישראל היא מדינה יהודית ושעם ישראל זכאי להגדרה עצמית. ואוסיף, שבאמת אי אפשר להגיד ציוני על ערבי, כי זה כמו יהודי פלסטיני.. ערבי הוא לא ציוני כי הוא איננו יהודי.",מורן יש ביניכם מחלוקת נטו בקשר למושג ציוני ולא למשמעות הנגזרת מזה אין מחלוקת ביניכם על כך שמדינת ישראל היא מדינה יהודית ושעם ישראל זכאי להגדרה עצמית ואוסיף שבאמת אי אפשר להגיד ציוני על ערבי כי זה כמו יהודי פלסטיני ערבי הוא לא ציוני כי הוא איננו יהודי,0
3241,NOT,,,,כך ש: או שיוסף לא מבין מה זה אומר להיות ציוני; או שהוא מתנגד לזכות ההגדרה העצמית של יהודים במדינת ישראל; או שמבחינתו ציוני זו קללה בלי קשר למה שעומד באמת מאחורי המושג.,כך ש או שיוסף לא מבין מה זה אומר להיות ציוני או שהוא מתנגד לזכות ההגדרה העצמית של יהודים במדינת ישראל או שמבחינתו ציוני זו קללה בלי קשר למה שעומד באמת מאחורי המושג,0
3242,NOT,,,,"משטרת ישראל היא ארגון פשיעה. אילו היה מדובר בשוטר כזה או אחר, אבל כשדוברות המשטרה וכל צמרת המשטרה עסוקה בטיוח פרשיית רצח ומוציאה הודעות שקריות, זה ארגון הפשיעה הגדול במדינה. אם אזרח היה עסוק בטיוח ראיות לתיק רצח גם היינו עסוקים בכתובות גרפיטי? אולי במקום לתדרך על גרפיטי, שיעצרו&gt; https://t.co/aAY7BbBS2w",משטרת ישראל היא ארגון פשיעה אילו היה מדובר בשוטר כזה או אחר אבל כשדוברות המשטרה וכל צמרת המשטרה עסוקה בטיוח פרשיית רצח ומוציאה הודעות שקריות זה ארגון הפשיעה הגדול במדינה אם אזרח היה עסוק בטיוח ראיות לתיק רצח גם היינו עסוקים בכתובות גרפיטי אולי במקום לתדרך על גרפיטי שיעצרו,0
3243,NOT,,,,"@MoranT555 הוא תופס (כמו הרבה פרו ישראלים לא יהודים) את המושג ציוני כמושג יהודי שרק יהודי יכול להיות. זה בסדר. אפשר להסכים או להסביר או לא להסכים. אבל הכותרת שרשמת (ואני לא אומר שהתכוונת לזה) כאלו מתשאלת את התרומה שלו למדינה ומעליבה. לגבי הדיון אם סמוטריץ תורם או מזיק, זה כבר דיון אחר",הוא תופס כמו הרבה פרו ישראלים לא יהודים את המושג ציוני כמושג יהודי שרק יהודי יכול להיות זה בסדר אפשר להסכים או להסביר או לא להסכים אבל הכותרת שרשמת ואני לא אומר שהתכוונת לזה כאלו מתשאלת את התרומה שלו למדינה ומעליבה לגבי הדיון אם סמוטריץ תורם או מזיק זה כבר דיון אחר,0
3244,NOT,,,,@instabaluga @7Rach11 לא! הייתה ביניהם תחרות עזה על השלישי.. שעדיין לא נחשף..,לא הייתה ביניהם תחרות עזה על השלישי שעדיין לא נחשף,0
3245,NOT,,,,"@dwwido המבחן הגדול הוא הבקשה האחרונה של פרקליטי נתניהו לפסול את כתבי האישום בשל העדר אישור היועמ""ש. אם מערכת המשפט מדגלת מעל המשוכה הבלתי עבירה הזו אז הכל מכור. אפשר להתחיל לשרוף פחי אשפה ותחנות אוטובוס..",המבחן הגדול הוא הבקשה האחרונה של פרקליטי נתניהו לפסול את כתבי האישום בשל העדר אישור היועמש אם מערכת המשפט מדגלת מעל המשוכה הבלתי עבירה הזו אז הכל מכור אפשר להתחיל לשרוף פחי אשפה ותחנות אוטובוס,0
3246,NOT,,,,"@ac2071981 @MoranT555 שוב, בין להסכים לעניין/להאמין ובין הגדרתך בזהות האישית הפער רחב. שוב הדוגמא, אני יכול להסכים ולהאמין בזכוית הקאטלונים ואף להתגורר שם, עדיין תמיד אהיה יהודי ציוני במהותי ולא קאטלוני או איזה שם אחר שהם ייתנו להשקפת עולמם.",שוב בין להסכים לענייןלהאמין ובין הגדרתך בזהות האישית הפער רחב שוב הדוגמא אני יכול להסכים ולהאמין בזכוית הקאטלונים ואף להתגורר שם עדיין תמיד אהיה יהודי ציוני במהותי ולא קאטלוני או איזה שם אחר שהם ייתנו להשקפת עולמם,0
3247,NOT,,,,"לכל המתיימרים להחליף את נתניהו טיפ קטן: לא מספיקה אג׳נדה חלולה של ״רק לא ביבי״ וכן אשב או לא אשב עם נתניהו. כדי להחליפו תצטרכו לטפח תחושת שליחות עזה לארצנו ולעם היהודי בדיוק כמו שיש לו, ועם זה צריך להיוולד ולהתחנך. אבוד לכם!",לכל המתיימרים להחליף את נתניהו טיפ קטן לא מספיקה אג׳נדה חלולה של ״רק לא ביבי״ וכן אשב או לא אשב עם נתניהו כדי להחליפו תצטרכו לטפח תחושת שליחות עזה לארצנו ולעם היהודי בדיוק כמו שיש לו ועם זה צריך להיוולד ולהתחנך אבוד לכם,0
3248,NOT,,,,"@amichai_g @MoranT555 אה, אך ״קטלוני״ זו הגדרה לאומית כמו ״ישראלי״, בעוד ציונות היא אידאולוגיה פוליטית... אינך צריך להיות בסקי כדי לתמוך בזכות הבסקים לעצמאות, למשל, ולא קוויבקי כדי לתמוך בקוויבק החופשית. כשאדם - ויתר על כן ערבי - אומר שאינו ציוני, משמעות דבריו הפשוטה: התנגדות למדינה יהודית...",אה אך ״קטלוני״ זו הגדרה לאומית כמו ״ישראלי״ בעוד ציונות היא אידאולוגיה פוליטית אינך צריך להיות בסקי כדי לתמוך בזכות הבסקים לעצמאות למשל ולא קוויבקי כדי לתמוך בקוויבק החופשית כשאדם ויתר על כן ערבי אומר שאינו ציוני משמעות דבריו הפשוטה התנגדות למדינה יהודית,0
3249,NOT,,,,"RT @VladimirBeliak: השיח הזה לפיו ""כולם משקרים, אי אפשר להאמין להבטחות של הפוליטיקאים"" הוא מעין פיגוע נגד הדמוקרטיה הישראלית. זה בדיוק המס…",השיח הזה לפיו כולם משקרים אי אפשר להאמין להבטחות של הפוליטיקאים הוא מעין פיגוע נגד הדמוקרטיה הישראלית זה בדיוק המס,0
3250,NOT,,,,"@UEvental מאטיס. הוא הודח ע""י ממשל אובמה ע""ר המתיחות עם איראן, שבאה אחרי שהתנגד לנסיגה מלאנ ומהירה מעראק, ש""עלולה להביא לעלייה מחודשת של ארגון טרור הקשור באל-קאעדה""",מאטיס הוא הודח עי ממשל אובמה ער המתיחות עם איראן שבאה אחרי שהתנגד לנסיגה מלאנ ומהירה מעראק שעלולה להביא לעלייה מחודשת של ארגון טרור הקשור באלקאעדה,0
3251,NOT,,,,@meiretingr במשטרה צריך לטפל אבל מה החלק שלכם מנהיגי נוער הגבעות במוות הזה? שולחים קטינים לפעולות טרור ולא נושאים באחריות למותם,במשטרה צריך לטפל אבל מה החלק שלכם מנהיגי נוער הגבעות במוות הזה שולחים קטינים לפעולות טרור ולא נושאים באחריות למותם,0
3252,NOT,,,,"@MoranT555 אוקיי. אז אולי זה דבר 'הוא לא רוצה להגיד בפומבי? בסוף, הוא שירת בצה""ל ומדברר יפה עמדות של ערבי ישראלי תומך ישראל",אוקיי אז אולי זה דבר הוא לא רוצה להגיד בפומבי בסוף הוא שירת בצהל ומדברר יפה עמדות של ערבי ישראלי תומך ישראל,0
3253,NOT,,,,@AviMo6 @Ofernicus זה בדיוק העניין בנט לא פוסל אף אחד ציוני זה תלוי בבחירת העם ובעוד דברים,זה בדיוק העניין בנט לא פוסל אף אחד ציוני זה תלוי בבחירת העם ובעוד דברים,0
3254,NOT,,,,"RT @meiretingr: משטרת ישראל היא ארגון פשיעה. אילו היה מדובר בשוטר כזה או אחר, אבל כשדוברות המשטרה וכל צמרת המשטרה עסוקה בטיוח פרשיית רצח ומ…",משטרת ישראל היא ארגון פשיעה אילו היה מדובר בשוטר כזה או אחר אבל כשדוברות המשטרה וכל צמרת המשטרה עסוקה בטיוח פרשיית רצח ומ,0
3255,NOT,,,,"@Climo_1 ממש לא ""מתשאלת את התרומה.."" אלא שואלת מה הבעיה להגיד שאתה ציוני... ואם יש לו בעיה עם זה, זו בעיה מבחינתי.",ממש לא מתשאלת את התרומה אלא שואלת מה הבעיה להגיד שאתה ציוני ואם יש לו בעיה עם זה זו בעיה מבחינתי,0
3256,NOT,,,,@arieh_king @Riklin10 @batelkol לא זרקתי. אבל נער ששוטר רצח חבר שלו. ומקבל מכות לא מוצדקות לא תמיד יש לו שיקול דעת של אריה קינג,לא זרקתי אבל נער ששוטר רצח חבר שלו ומקבל מכות לא מוצדקות לא תמיד יש לו שיקול דעת של אריה קינג,0
3257,NOT,,,,@hamartef @MoranT555 אבל הסברתי שיש מנעד בין להתנגד לציונות לבין להיות ציוני בזהות האישית שלך.,אבל הסברתי שיש מנעד בין להתנגד לציונות לבין להיות ציוני בזהות האישית שלך,0
3258,NOT,,,,"@KheerSaleem @KarenLHaber אני איתך ב100% הטיפול בפשיעה המאורגנת חייב להיות של ממשלת ישראל, והוא טיפול מערכתי. ויפה שעה אחת קודם. תקראו לילד בשמו, זה המפתח. האינטרס הוא של כולנו, שום קבוצה כזו או אחרת אסור שתחיה תחת טרור מכל סוג שהוא. ממשלת ישראל מועלת בתפקידה לעניין הפשיעה המאורגנת, פרוטקשיין, טרור חקלאי.",אני איתך ב הטיפול בפשיעה המאורגנת חייב להיות של ממשלת ישראל והוא טיפול מערכתי ויפה שעה אחת קודם תקראו לילד בשמו זה המפתח האינטרס הוא של כולנו שום קבוצה כזו או אחרת אסור שתחיה תחת טרור מכל סוג שהוא ממשלת ישראל מועלת בתפקידה לעניין הפשיעה המאורגנת פרוטקשיין טרור חקלאי,0
3259,NOT,,,,RT @hashimdon111: @meiretingr במשטרה צריך לטפל אבל מה החלק שלכם מנהיגי נוער הגבעות במוות הזה? שולחים קטינים לפעולות טרור ולא נושאים באחריות…,במשטרה צריך לטפל אבל מה החלק שלכם מנהיגי נוער הגבעות במוות הזה שולחים קטינים לפעולות טרור ולא נושאים באחריות,0
3260,NOT,,,,@amichai_g @MoranT555 באמת לא מבין. איך אפשר גם לתמוך בציונות וגם לא להיות ציוני?...,באמת לא מבין איך אפשר גם לתמוך בציונות וגם לא להיות ציוני,0
3261,NOT,,,,"@sigalmoscovich רוצחים בגלל הקורונה. הם שכנים שלי. מותר להפגין אבל לא בצורה כזאת. שיפגינו על המדרכה כמו שצריך. היחידים שהייתה להם הצדקה להפגין אתמול היו המתנחלים שמחו על רצח סנדק בידי המשטרה. החרדים הספציפיים האלה חוסמים את האזור שלי כל שני וחמישי כי בא להם. לא, אין להם זכות לזה.",רוצחים בגלל הקורונה הם שכנים שלי מותר להפגין אבל לא בצורה כזאת שיפגינו על המדרכה כמו שצריך היחידים שהייתה להם הצדקה להפגין אתמול היו המתנחלים שמחו על רצח סנדק בידי המשטרה החרדים הספציפיים האלה חוסמים את האזור שלי כל שני וחמישי כי בא להם לא אין להם זכות לזה,0
3262,NOT,,,,@IshayFridman שמחים לגלות על שיתוף פעולה פורה עם מדינת אויב לטרפוד או לפחות קיצור קריירה פוליטית מועמד ישראלי. בטח כך השיגו את ספריית הגרעין האימתנית. עוד הוכחה שמציאות מדומה ופסיכוזה מטורללת לא יודעות גבולות.,שמחים לגלות על שיתוף פעולה פורה עם מדינת אויב לטרפוד או לפחות קיצור קריירה פוליטית מועמד ישראלי בטח כך השיגו את ספריית הגרעין האימתנית עוד הוכחה שמציאות מדומה ופסיכוזה מטורללת לא יודעות גבולות,0
3263,NOT,,,,"@MoranT555 מורן, הבנאדם שירת כלוחם בצה""ל ומגן על ישראל מעל כל במה. ההטיפלות להגדרה שלו כ""ציוני"" או לא היא לא רצינית.",מורן הבנאדם שירת כלוחם בצהל ומגן על ישראל מעל כל במה ההטיפלות להגדרה שלו כציוני או לא היא לא רצינית,0
3264,NOT,,,,"@MoranT555 לדעתי את עוסקת כאן בסמנטיקה איזוטרית. אפשר להתווכח עד מחר מיהו ציוני, אך בבסיס, ציונות היא תנועה יהודית, לאומית, השואפת לשיבת העם היהודי לציון. האם מי שלא יהודי יכול להיות ציוני? יש שיאמרו שכן ויש שלא. השאלה לטעמי אינה אם יוסף כן/לא רואה עצמו ציוני אלא מה היחס שלו לציונות.",לדעתי את עוסקת כאן בסמנטיקה איזוטרית אפשר להתווכח עד מחר מיהו ציוני אך בבסיס ציונות היא תנועה יהודית לאומית השואפת לשיבת העם היהודי לציון האם מי שלא יהודי יכול להיות ציוני יש שיאמרו שכן ויש שלא השאלה לטעמי אינה אם יוסף כןלא רואה עצמו ציוני אלא מה היחס שלו לציונות,0
3265,NOT,,,,"מצוקת העסקים | הישאם חסן, בעל שלוש חנויות בגדים, מוחה אצל @razibarcay ו-@RinoZror: ""צברתי חוב של יותר ממיליון וחצי ש""ח. בשבוע הבא אנחנו נעשה כאן הפגנות, אני מתכוון לשרוף מכוניות. חונקים אותנו""",מצוקת העסקים הישאם חסן בעל שלוש חנויות בגדים מוחה אצל ו צברתי חוב של יותר ממיליון וחצי שח בשבוע הבא אנחנו נעשה כאן הפגנות אני מתכוון לשרוף מכוניות חונקים אותנו,0
3266,NOT,,,,"RT @GLZRadio: מצוקת העסקים | הישאם חסן, בעל שלוש חנויות בגדים, מוחה אצל @razibarcay ו-@RinoZror: ""צברתי חוב של יותר ממיליון וחצי ש""ח. בשבוע…",מצוקת העסקים הישאם חסן בעל שלוש חנויות בגדים מוחה אצל ו צברתי חוב של יותר ממיליון וחצי שח בשבוע,0
3267,NOT,,,,@arnonsegal1 אם ההרוג היה ערבי היו צולבים את אותם שוטרים. #צדק_לאהוביה_סנדק,אם ההרוג היה ערבי היו צולבים את אותם שוטרים,0
3268,NOT,,,,"@matabbbbbbb יוסף בנאדם מדהים, אני מעריכה את פועלו בעבר ובהווה, ועדיין מותר לי לשאול מה הבעיה שלו עם ההגדרה ""ציוני"".",יוסף בנאדם מדהים אני מעריכה את פועלו בעבר ובהווה ועדיין מותר לי לשאול מה הבעיה שלו עם ההגדרה ציוני,0
3269,NOT,,,,"נסראללה בהקלטה סמויה: ביבי אהוב לבנו, אנחנו מתאפקים כבר חודשים כדי לשמור עליך, מחמל. נפשנו, רק טפו טפו טפו שתחזיק מעמד, תמשיך להשמיד מהר ובטוח את העם והמדינה הציוניים",נסראללה בהקלטה סמויה ביבי אהוב לבנו אנחנו מתאפקים כבר חודשים כדי לשמור עליך מחמל נפשנו רק טפו טפו טפו שתחזיק מעמד תמשיך להשמיד מהר ובטוח את העם והמדינה הציוניים,0
3270,NOT,,,,@Techslut יש לי פה אגרטל מכוער רצח שאמא שלי לא רוצה לזרוק אני מחכה לשבור אותו כבר שנים,יש לי פה אגרטל מכוער רצח שאמא שלי לא רוצה לזרוק אני מחכה לשבור אותו כבר שנים,0
3271,NOT,,,,"@93za1A50AJuANac @liyaomer נאום בר אילן. שחרור רוצחים. חלש מול טרור. ניהול פוליטי של הקורונה. והרשימה עוד ארוכה. כל העולם מחסנים, זה שהוא הולך ע""י המטוס ומצטלם עם החיסונים על הרקע, מראה כמה שהוא חדל אישים ורק מגושם כמוך, יכול לקנות את השיט הזה.",נאום בר אילן שחרור רוצחים חלש מול טרור ניהול פוליטי של הקורונה והרשימה עוד ארוכה כל העולם מחסנים זה שהוא הולך עי המטוס ומצטלם עם החיסונים על הרקע מראה כמה שהוא חדל אישים ורק מגושם כמוך יכול לקנות את השיט הזה,0
3272,NOT,,,,@lehutsonet תשחק קלפים נגד האנושות מתישהו זה משחק כיפי רצח,תשחק קלפים נגד האנושות מתישהו זה משחק כיפי רצח,0
3273,NOT,,,,"@ErelSegal רגע? לא חפרתם לנו שאבנים זה נשק, ושמי שזורק אבנים הוא מחבל? פאק, לפחות תהיו עקביים. ואני בוודאי חושב שחייבים לחקור את הרוע, ואם השוטרים חרגו, צריך להעניש אותם. ובמקביל לשפוט את שאר הבחורים שיידו אבנים.",רגע לא חפרתם לנו שאבנים זה נשק ושמי שזורק אבנים הוא מחבל פאק לפחות תהיו עקביים ואני בוודאי חושב שחייבים לחקור את הרוע ואם השוטרים חרגו צריך להעניש אותם ובמקביל לשפוט את שאר הבחורים שיידו אבנים,0
3274,NOT,,,,"@MoranT555 כל עוד הוא בעד מדינת ישראל, שיקרא לעצמו גם אנטי-ציוני",כל עוד הוא בעד מדינת ישראל שיקרא לעצמו גם אנטיציוני,0
3275,NOT,,,,@Duduoppe עם מסכה אתה דומה רצח ל @GiladFarber,עם מסכה אתה דומה רצח ל,0
3276,NOT,,,,"@MoranT555 אבל זה בדיוק העניין. זה מנקודת מבטך. אם תקראי את מה שיוסף כותב, הוא מבין את המושג ""ציוני"" בהקשר היהודי בלבד ולכן, גם אם נניח שתומך נלהב של ישראל כמדינה יהודית ודמוקרטית (ואני לא יודע), הוא לא מחשיב עצמו ציוני (כפי שלא יחשיב עצמו יהודי), למרות שע""פ הגדרתך הוא כן. לכן - סמנטיקה",אבל זה בדיוק העניין זה מנקודת מבטך אם תקראי את מה שיוסף כותב הוא מבין את המושג ציוני בהקשר היהודי בלבד ולכן גם אם נניח שתומך נלהב של ישראל כמדינה יהודית ודמוקרטית ואני לא יודע הוא לא מחשיב עצמו ציוני כפי שלא יחשיב עצמו יהודי למרות שעפ הגדרתך הוא כן לכן סמנטיקה,0
3277,NOT,,,,"@MoranT555 אני לא משתחווה בפני אף אחד. אני מבין למה ערבי לא יראה עצמו כציוני. ושוב, שמח בכל אדם, מכל דת ולאום, שיתמוך בתנועה הציונית ובערכיה, ואף יראה את עצמו כשגריר שלה, אך זה לא מעיד כהוא זה על אדם אחר בן אותה דת/לאום, שאינו רואה עצמו כזה. אנו יהודים. זוהי תנועה יהודית במהותה.",אני לא משתחווה בפני אף אחד אני מבין למה ערבי לא יראה עצמו כציוני ושוב שמח בכל אדם מכל דת ולאום שיתמוך בתנועה הציונית ובערכיה ואף יראה את עצמו כשגריר שלה אך זה לא מעיד כהוא זה על אדם אחר בן אותה דתלאום שאינו רואה עצמו כזה אנו יהודים זוהי תנועה יהודית במהותה,0
3278,NOT,,,,@YaelFishman אגב בישראל היה מקרה כזה לא מזמן שנגמר בזה שהבחור רצח את הבחורה והתאבד בעצמו וכלם האשימו את הנשים של אגודת אפרת אפחד לא תהה האם זאת שאלה שילדה בת 17 אמורה להתמודד איתה (ואם היא מסוגלת למה שלא תהיה מסוגלת להתמודד עם שאלה של נישואים?),אגב בישראל היה מקרה כזה לא מזמן שנגמר בזה שהבחור רצח את הבחורה והתאבד בעצמו וכלם האשימו את הנשים של אגודת אפרת אפחד לא תהה האם זאת שאלה שילדה בת אמורה להתמודד איתה ואם היא מסוגלת למה שלא תהיה מסוגלת להתמודד עם שאלה של נישואים,0
3279,NOT,,,,"@moshe_hefetz אמרתי שאני לא מעריכה?? זה לא קשור לכך שאני רואה בעיה בכך שבחברה הערבית כאן המילה ציוני היא עלבון וחבל לי שיוסף מתנער מההגדרה הזו, וכנראה זה מתחבר להתנגדותו לחוק הלאום.",אמרתי שאני לא מעריכה זה לא קשור לכך שאני רואה בעיה בכך שבחברה הערבית כאן המילה ציוני היא עלבון וחבל לי שיוסף מתנער מההגדרה הזו וכנראה זה מתחבר להתנגדותו לחוק הלאום,0
3280,NOT,,,,אבא שלי ערבי טוב. הוא לא כושי. תימן זה לא אריטראה. סודאן ואתיויפיה. דר אפריקה,אבא שלי ערבי טוב הוא לא כושי תימן זה לא אריטראה סודאן ואתיויפיה דר אפריקה,0
3281,NOT,,,,@akivanovick מטורפים ימח שמם,מטורפים ימח שמם,0
3282,NOT,,,,"@GreenSnail6 @NitzanHorowitz אתה טועה מאוד. אם יהיו פריימריס פתוחים לכולם, לא יבחר אף ערבי במקום ריאלי. זה קרה כבר בעבר. אבל מה לעשות, הטהרנים לא לומדים לקח.",אתה טועה מאוד אם יהיו פריימריס פתוחים לכולם לא יבחר אף ערבי במקום ריאלי זה קרה כבר בעבר אבל מה לעשות הטהרנים לא לומדים לקח,0
3283,NOT,,,,"""נתניהו משחית את הליכוד"" מישהו יכול להסביר לי מה יש להשחית במפלגה שהוקמה על ידי רוצח (בגין הרוצח) על יסודות תנועה של היטלר (ז'בוטינסקי) ושנמסרה לנתניהו מידי טרוריסט פאשיסט (שמיר)? כל מה שתאמרו על נתניהו כבר נאמר על קודמיו, מה שמוכיח שכנראה הוא באמת הולך בדרכם...",נתניהו משחית את הליכוד מישהו יכול להסביר לי מה יש להשחית במפלגה שהוקמה על ידי רוצח בגין הרוצח על יסודות תנועה של היטלר זבוטינסקי ושנמסרה לנתניהו מידי טרוריסט פאשיסט שמיר כל מה שתאמרו על נתניהו כבר נאמר על קודמיו מה שמוכיח שכנראה הוא באמת הולך בדרכם,0
3284,Hate,Arab prisinors,hatespeech,אסירים,"@nirhasson יש תחתית לדבר הזה שנקרא אסירים ביטחוניים? בין האסירים המחבלים נמצאים גם חאכים מאזן עוואד, ואמג'ד מוחמד עוואד מי שדקרו למוות את בני משפחת פוגל אתה מדבר על חיסון? המחבלים האלה לא ראויים לחמצן. https://t.co/XCC1iCrjcG",יש תחתית לדבר הזה שנקרא אסירים ביטחוניים בין האסירים המחבלים נמצאים גם חאכים מאזן עוואד ואמגד מוחמד עוואד מי שדקרו למוות את בני משפחת פוגל אתה מדבר על חיסון המחבלים האלה לא ראויים לחמצן,1
3285,NOT,,,,"@ILLogger הנה עוד ערבי, שמגדיר עצמו כציוני גאה. https://t.co/yQnaT0cW2L",הנה עוד ערבי שמגדיר עצמו כציוני גאה,0
3286,NOT,,,,"עקיבא נוביק: ""בוקר טוב"" אלי ציפורי: ""נוביק הטהרן ממשיך להתקלמן וללקק את ישבנו של פייק דרוקר, נתי קקי וגליקמן צואת תאואים. למה אתה מאחל לכולם שהבוקר יהיה טוב במקום לדבר על החשיפה שלי מאתמול על כך שבת האחיין של ליאת בן ארי כתבה בפייסבוק שהיד של ביבי לא כל כך שרירית?",עקיבא נוביק בוקר טוב אלי ציפורי נוביק הטהרן ממשיך להתקלמן וללקק את ישבנו של פייק דרוקר נתי קקי וגליקמן צואת תאואים למה אתה מאחל לכולם שהבוקר יהיה טוב במקום לדבר על החשיפה שלי מאתמול על כך שבת האחיין של ליאת בן ארי כתבה בפייסבוק שהיד של ביבי לא כל כך שרירית,0
3287,NOT,,,,@Idaneretz זה יותר הרבנים היותר מבוגרים. שככה הם הלכו כל החיים. או שהם רוצים שהציבור החרדי יקבל אותם (הרב דוד לאו-הוא ציוני דתי שלובש שחור),זה יותר הרבנים היותר מבוגרים שככה הם הלכו כל החיים או שהם רוצים שהציבור החרדי יקבל אותם הרב דוד לאוהוא ציוני דתי שלובש שחור,0
3288,NOT,,,,"הנוסעים ברכב שנורה בכביש 6 היו בשיירה של 3 רכבים תחת ליווי משטרתי כיוון שהם ובני משפחתם עזבו את העיר לוד עקב הסכסוך בין המשפחות. המשטרה ידעה זאת, ידעה שהיה רצח בלילה וידעה שבעקבותיו מתוח. לכן ליוותה אותם בדרך ליעדם כדי למנוע את מה שלא הצליחה למנוע - ניסיון רצח. מה נאמר ומה נגיד",הנוסעים ברכב שנורה בכביש היו בשיירה של רכבים תחת ליווי משטרתי כיוון שהם ובני משפחתם עזבו את העיר לוד עקב הסכסוך בין המשפחות המשטרה ידעה זאת ידעה שהיה רצח בלילה וידעה שבעקבותיו מתוח לכן ליוותה אותם בדרך ליעדם כדי למנוע את מה שלא הצליחה למנוע ניסיון רצח מה נאמר ומה נגיד,0
3289,NOT,,,,"@Zmichal369 @SadeYuval @hasolidit @NitzanHorowitz צבי שבת לוי גם לא היתה לו חלק ונחלה... ובטח שלא היה מדבר על כיבוש ישובים. ובוודאי שלא מנסים לברוח מחובותיהם, האם אתה חושב שלוי שלא בא בקודש יקבל מן המעשר? אם כבר אתה מדבר על הסכם יששכר וזבולון אך פה אין הסכם אמיתי, והחרדים חשים עליונות ומכנים את החילונים תינוקות שנשבו.",צבי שבת לוי גם לא היתה לו חלק ונחלה ובטח שלא היה מדבר על כיבוש ישובים ובוודאי שלא מנסים לברוח מחובותיהם האם אתה חושב שלוי שלא בא בקודש יקבל מן המעשר אם כבר אתה מדבר על הסכם יששכר וזבולון אך פה אין הסכם אמיתי והחרדים חשים עליונות ומכנים את החילונים תינוקות שנשבו,0
3290,NOT,,,,RT @bar_peleg: הנוסעים ברכב שנורה בכביש 6 היו בשיירה של 3 רכבים תחת ליווי משטרתי כיוון שהם ובני משפחתם עזבו את העיר לוד עקב הסכסוך בין המשפ…,הנוסעים ברכב שנורה בכביש היו בשיירה של רכבים תחת ליווי משטרתי כיוון שהם ובני משפחתם עזבו את העיר לוד עקב הסכסוך בין המשפ,0
3291,NOT,,,,נוער הגבעות זה ארגון טרור או ארגון פשע? או גם וגם? https://t.co/jbZZxBpo7x,נוער הגבעות זה ארגון טרור או ארגון פשע או גם וגם,0
3292,NOT,,,,פלסטיני נעצר ועשרות נפצעו מירי הכוחות ישראליים דרומית לג’נין https://t.co/ecawhbTCPw,פלסטיני נעצר ועשרות נפצעו מירי הכוחות ישראליים דרומית לגנין,0
3293,NOT,,,,@Ofernicus @r_telem ציוני,ציוני,0
3294,hate,Israel enemy,occupation,אויב,"@ShovalRonen @Ayelet__Shaked @naftalibennett @bezalelsm רונן, באופן זמני חייבים לעסוק בדחוף. החשוב נשאר חשוב ותמיד יהיה בבסיס תפיסת העולם שלנו והסיבה לשליחותנו. כרגע יש אויב בשער שחייבים להדוף.",רונן באופן זמני חייבים לעסוק בדחוף החשוב נשאר חשוב ותמיד יהיה בבסיס תפיסת העולם שלנו והסיבה לשליחותנו כרגע יש אויב בשער שחייבים להדוף,1
3295,NOT,,,,"@Sny01902141 @netanelgla בין השורות, זאת בדיוק האמירה. חובש מפקדה שמגיע לאחר מעשה ויורה בראש של מחבל מנוטרל זה ממש אחלה. כדאי לזכור שכאן המדינה התחילה להתחלק - עקב הנושא הזה ימנים ושמאלנים התפצלו לבועות הרמטיות. לכן קריטי בימין לשמר את הדעה הזאת, שלא בטעות יהיה כאן שיח.",בין השורות זאת בדיוק האמירה חובש מפקדה שמגיע לאחר מעשה ויורה בראש של מחבל מנוטרל זה ממש אחלה כדאי לזכור שכאן המדינה התחילה להתחלק עקב הנושא הזה ימנים ושמאלנים התפצלו לבועות הרמטיות לכן קריטי בימין לשמר את הדעה הזאת שלא בטעות יהיה כאן שיח,0
3296,NOT,,,,"@hgkkuh @r_telem אדם ששם את טובתו לפני טובת המדינה לא ראוי להיקרא ציוני, ולטעמי ביבי מזמן חצה את הקו הזה.",אדם ששם את טובתו לפני טובת המדינה לא ראוי להיקרא ציוני ולטעמי ביבי מזמן חצה את הקו הזה,0
3297,NOT,,,,"RT @logic_in_aQirsh: @AvigdorLiberman אביגדור היקר, אתה נעשה לאט לאט, אוטו אנטישמי, גם הביקורת שחלקה הייתה צודקת נעשית אצלך כפייתית, דווקא…",אביגדור היקר אתה נעשה לאט לאט אוטו אנטישמי גם הביקורת שחלקה הייתה צודקת נעשית אצלך כפייתית דווקא,0
3298,NOT,,,,@Ofernicus @r_telem טוב פה איבדת אותי ידידי היקר אני בעד להעיף את ביבי אבל לעולם לא אקרא לו לא ציוני,טוב פה איבדת אותי ידידי היקר אני בעד להעיף את ביבי אבל לעולם לא אקרא לו לא ציוני,0
3299,NOT,,,,"@MoranT555 מורן אני ציוני ואני ימני אפילו קיצוני מדי פעם, ואני חושב שערבי ישראל הם חלק מהארץ בדיוק כמונו, לא חושש מהם ולהפך אני רוצה שיושלבו כאן כמו העדה הדרוזית המדהימה שלנו",מורן אני ציוני ואני ימני אפילו קיצוני מדי פעם ואני חושב שערבי ישראל הם חלק מהארץ בדיוק כמונו לא חושש מהם ולהפך אני רוצה שיושלבו כאן כמו העדה הדרוזית המדהימה שלנו,0
3300,NOT,,,,"@Yoav3rd @hcj4mo80ZvTqF4Q @Ahmad_tibi אחי שהשם ישמור אותך. האם אתה רואה בחמס שיש לו אמנה שהוא מצהיר בה, שהוא רוצה להשמיד כל יהודי ארץ ישראל, כתנועה נאצית? האם אחמד טיבי שרואה בחמס תנועת שיחרור, אתה רואה בו נאצי?",אחי שהשם ישמור אותך האם אתה רואה בחמס שיש לו אמנה שהוא מצהיר בה שהוא רוצה להשמיד כל יהודי ארץ ישראל כתנועה נאצית האם אחמד טיבי שרואה בחמס תנועת שיחרור אתה רואה בו נאצי,0
3301,NOT,,,,"@AsafHaziza אני חושבת שיוסף הוא דוגמה לערבים שרוצים להשתלב, לתרום, להשתייך למדינה. ואת זה בהחלט רוצה לחזק. עם זאת יש לי עליו גם ביקורת. מותר לי. אני רואה בעיה בכך שבחברה הערבית כאן המילה ציוני היא עלבון וחבל לי שיוסף מתנער מההגדרה הזו, וכנראה זה מתחבר להתנגדותו לחוק הלאום.",אני חושבת שיוסף הוא דוגמה לערבים שרוצים להשתלב לתרום להשתייך למדינה ואת זה בהחלט רוצה לחזק עם זאת יש לי עליו גם ביקורת מותר לי אני רואה בעיה בכך שבחברה הערבית כאן המילה ציוני היא עלבון וחבל לי שיוסף מתנער מההגדרה הזו וכנראה זה מתחבר להתנגדותו לחוק הלאום,0
3302,NOT,,,,"@FluffyBodySoap רצח אף פעם לא אחשב כהגנה עצמית, כלפי הפירוש של המילה הוא חייב היות מכוונת תחילה לפני שנעשתה נגדך פעולה",רצח אף פעם לא אחשב כהגנה עצמית כלפי הפירוש של המילה הוא חייב היות מכוונת תחילה לפני שנעשתה נגדך פעולה,0
3303,NOT,,,,@arnonsegal1 מי רצח בהשלכת אבן את האישה הפלסטינאית. מי שרף תינוק למוות מי כורת כרמי זייתים מי גוזל רכוש ומקרקעין,מי רצח בהשלכת אבן את האישה הפלסטינאית מי שרף תינוק למוות מי כורת כרמי זייתים מי גוזל רכוש ומקרקעין,0
3304,NOT,,,,"@MoranT555 לא הבנתי איך זה סותר את מה שאמרתי בציוצים יש פה יהודים שיכולים (לצערי) להזדהות עם תנועה ערבית-פלסטינאית שקוראת לזכות השיבה. זכותם. האם זה אומר שאני כיהודי המתנגד לזה, זה פסול? ברור שלא, נכון? כך גם באותו האופן, ערבי יכול לתמוך בציונות, וערבי אחר לא. https://t.co/GAcDOjAOXD",לא הבנתי איך זה סותר את מה שאמרתי בציוצים יש פה יהודים שיכולים לצערי להזדהות עם תנועה ערביתפלסטינאית שקוראת לזכות השיבה זכותם האם זה אומר שאני כיהודי המתנגד לזה זה פסול ברור שלא נכון כך גם באותו האופן ערבי יכול לתמוך בציונות וערבי אחר לא,0
3305,NOT,,,,"@batelkol גברת קולמן, לא שחלילה אמי מנסה שתבכי. חשוב לזכור שב'סכסוך' הזה יש צד מדכא וצד מדוכא. יש צד שקובע את החוקים וצד שהחוקים נכפים עליו. אין דין אדם ודי שמשליך אבנים על פלסטינים כדין אדם פלסטיני שמשליך אבנים על חיילים. זה לא חצר בית ספר.",גברת קולמן לא שחלילה אמי מנסה שתבכי חשוב לזכור שבסכסוך הזה יש צד מדכא וצד מדוכא יש צד שקובע את החוקים וצד שהחוקים נכפים עליו אין דין אדם ודי שמשליך אבנים על פלסטינים כדין אדם פלסטיני שמשליך אבנים על חיילים זה לא חצר בית ספר,0
3306,NOT,,,,למה לחמש את השכל במילים מפוצצות. פשוט תכריז אני ביביסט וככזה עוכר ישראל. אתה תלמיד מוצלח שלו בליבוי הפילוג. https://t.co/l7I6JxmrP5,למה לחמש את השכל במילים מפוצצות פשוט תכריז אני ביביסט וככזה עוכר ישראל אתה תלמיד מוצלח שלו בליבוי הפילוג,0
3307,NOT,,,,@marotsazoti שמעתי עכשיו. נורא. ועוד היא אומרת באמצע שהיא לא רוצה ללכלך על הבת שלה. אישה בעייתית רצח.,שמעתי עכשיו נורא ועוד היא אומרת באמצע שהיא לא רוצה ללכלך על הבת שלה אישה בעייתית רצח,0
3308,NOT,,,,@YinonMagal אוחנה מורכב מחומר של תומכי טרור וחלקים ממשפחות פשע. אהוביה סנדק הוא במקרה טוב חוליגן ולמעשה טרוריסט. יפה שהשר לבטחון פנים הולך לחזק עבריינים.,אוחנה מורכב מחומר של תומכי טרור וחלקים ממשפחות פשע אהוביה סנדק הוא במקרה טוב חוליגן ולמעשה טרוריסט יפה שהשר לבטחון פנים הולך לחזק עבריינים,0
3309,NOT,,,,"@batelkol לא נעים שאת בוכה, אבל זה כנראה המחיר שצריך לשלם על 50 שנות כיבוש שאותו את ממשיכה להצדיק",לא נעים שאת בוכה אבל זה כנראה המחיר שצריך לשלם על שנות כיבוש שאותו את ממשיכה להצדיק,0
3310,NOT,,,,"@MoranT555 זו לא ההגדרה של ציוני מדובר באוהבי ישראל, באנשים שמעריכים ומוקירים את העם היהודי אבל זו לא ציונות טראמפ נחשב לנשיא אוהב וידיד של ישראל אני חושב שאף אחד לא יגדיר אותו כציוני",זו לא ההגדרה של ציוני מדובר באוהבי ישראל באנשים שמעריכים ומוקירים את העם היהודי אבל זו לא ציונות טראמפ נחשב לנשיא אוהב וידיד של ישראל אני חושב שאף אחד לא יגדיר אותו כציוני,0
3311,NOT,,,,"שיאני המחסנים: האח מוחמד והאחות כרמלה חיסנו יחד כבר יותר מ־1,300 איש - “לפתוח את המקרר ולראות את האוצר הזה, זו תחושה מדהימה. פתאום החיסון אצלך ביד. התפקיד שלנו הוא מרכזי"" https://t.co/tGjfdnDeZu https://t.co/mmItR8WMPj",שיאני המחסנים האח מוחמד והאחות כרמלה חיסנו יחד כבר יותר מ־ איש לפתוח את המקרר ולראות את האוצר הזה זו תחושה מדהימה פתאום החיסון אצלך ביד התפקיד שלנו הוא מרכזי,0
3312,hate,demonstrators aginst Netanyahu,demonstration,הפגנות,"@herutcohen לא שמעת על כך כי הפגנות בלפור המקוריות היו באוהל של שליט מול בית ראש הממשלה, בלי שעניין אותם שגם החמאס רואה את הלחץ המיותר על המנהיגות שלנו וכך החמאס השמח העלה בכל שבוע הפגנה את הדרישה בשיחרור עוד רוצח אחד עם דם על הידיים. והגיעו לאלף, וחלק ממשוחררי שליט כבר רצחו עוד ישראלים😡",לא שמעת על כך כי הפגנות בלפור המקוריות היו באוהל של שליט מול בית ראש הממשלה בלי שעניין אותם שגם החמאס רואה את הלחץ המיותר על המנהיגות שלנו וכך החמאס השמח העלה בכל שבוע הפגנה את הדרישה בשיחרור עוד רוצח אחד עם דם על הידיים והגיעו לאלף וחלק ממשוחררי שליט כבר רצחו עוד ישראלים,1
3313,NOT,,,,@MoranT555 מורן לא מסכים ערבי לא חייב להיות ציוני בשביל חיים משותפים אבל לא נגד,מורן לא מסכים ערבי לא חייב להיות ציוני בשביל חיים משותפים אבל לא נגד,0
3314,NOT,,,,@MoranT555 @Equalizer379 אדם הפועל למען שיבת עם ישראל לארצו ולמען התבססות ישות ריבונית יהודית בארץ ישראל או התומך ברעיון במחשבתו. מבחינת החרדים זה שהריבונות היא יהודית זה מקרה והיה יכול להיות כל לאום אחר (השאלה היא רק מה עדיף לא שראוי וצריך שתהיה יהודית) ועל כן חרדי יכול לומר שהוא בזהותו לא ציוני.,אדם הפועל למען שיבת עם ישראל לארצו ולמען התבססות ישות ריבונית יהודית בארץ ישראל או התומך ברעיון במחשבתו מבחינת החרדים זה שהריבונות היא יהודית זה מקרה והיה יכול להיות כל לאום אחר השאלה היא רק מה עדיף לא שראוי וצריך שתהיה יהודית ועל כן חרדי יכול לומר שהוא בזהותו לא ציוני,0
3315,hate,Dr.Idan Landau,anti semitism,אנטישמי,"תכירו גיזען אנטישמי ושונא ישראל שקורא לנכה צהל ""ערבי מחמד"" בושה לאוניבסיטת בן גוריון שמעסיקה את דר' עידן לנדאו. https://t.co/mNZnyKY2iw",תכירו גיזען אנטישמי ושונא ישראל שקורא לנכה צהל ערבי מחמד בושה לאוניבסיטת בן גוריון שמעסיקה את דר עידן לנדאו,1
3316,NOT,,,,"@elnatan_amitai אבנים הורגות או לא הורגות? על רכב פלסטיני או יהודי שמיידים ממנו אבנים לכיוון רכבים אחרים צריך לירות, לא לעשות מרדף מסוכן! לו היה מדובר ברכב פלסטיני היו שם 4 גופות נקובות כדורים!",אבנים הורגות או לא הורגות על רכב פלסטיני או יהודי שמיידים ממנו אבנים לכיוון רכבים אחרים צריך לירות לא לעשות מרדף מסוכן לו היה מדובר ברכב פלסטיני היו שם גופות נקובות כדורים,0
3317,hate,Dr.Idan Landau,anti semitism,אנטישמי,"תכירו גיזען אנטישמי ושונא ישראל שקורא לנכה צה""ל ""ערבי מחמד"" . בושה לאוניבסיטת בן גוריון שמעסיקה את דר' עידן לנדאו. https://t.co/mNZnyKY2iw",תכירו גיזען אנטישמי ושונא ישראל שקורא לנכה צהל ערבי מחמד בושה לאוניבסיטת בן גוריון שמעסיקה את דר עידן לנדאו,1
3318,NOT,,,,"@radio103fm @YinonMagal @BenCaspit ביבי - שר החוץ הכי טוב שהיה לנו, אבל ראש הממשלה הכי כושל. בוא נסתכל על 14 השנים האחרונות -מדיניות חוץ: הסכמי שלום, העברת השגרירות, מלחמה תקשורתית נגד אירן. מדיניות פנים: גירעון עצום (שהיה כבר לפני הקורונה), יוקר המחייה, סבבים רבים בלי הכרעה מול עזה, יצירת פילוג בעם וחוסר התקדמות",ביבי שר החוץ הכי טוב שהיה לנו אבל ראש הממשלה הכי כושל בוא נסתכל על השנים האחרונות מדיניות חוץ הסכמי שלום העברת השגרירות מלחמה תקשורתית נגד אירן מדיניות פנים גירעון עצום שהיה כבר לפני הקורונה יוקר המחייה סבבים רבים בלי הכרעה מול עזה יצירת פילוג בעם וחוסר התקדמות,0
3319,NOT,,,,@avihay_halak @razamit @Shai_Saadon אני חם רצח להתחיל כבר את עונה 4 עם אשת הברזל 🦾,אני חם רצח להתחיל כבר את עונה עם אשת הברזל,0
3320,NOT,,,,@AhiyaRaved @ynetalerts מחבל,מחבל,0
3321,NOT,,,,@varon_dana @donquixotit למה חוק אחד לאלה וחק אחד לאחרים? שאלה מעולה. כל פלסטיני בגדה שואל את השאלה הזו 53 שנה. ברוכה הבאה.,למה חוק אחד לאלה וחק אחד לאחרים שאלה מעולה כל פלסטיני בגדה שואל את השאלה הזו שנה ברוכה הבאה,0
3322,NOT,,,,@radio103fm @BenCaspit @YinonMagal יש לי הרגשה עזה שביבי אמר להם להגיד את זה... זא לא תגובה קלאסית שלהם.,יש לי הרגשה עזה שביבי אמר להם להגיד את זה זא לא תגובה קלאסית שלהם,0
3323,NOT,,,,"@MoranT555 מורן אל תוציאי לי מילים שלא אמרתי מהפה. לא רשמתי מעולם שאני מתנגד לזכות ההגדרה העצמית של יהודים במדינת ישראל או שציוני זו קללה. מאוד פשוט, יש לי הגדרה ברורה: אני ערבי ישראלי. שכל אחד ידביק לי איזה הגדרה שהוא רוצה, אני מגדיר את עצמי כך וזהו. ערבי ישראלי. https://t.co/OkJAMDiN1i",מורן אל תוציאי לי מילים שלא אמרתי מהפה לא רשמתי מעולם שאני מתנגד לזכות ההגדרה העצמית של יהודים במדינת ישראל או שציוני זו קללה מאוד פשוט יש לי הגדרה ברורה אני ערבי ישראלי שכל אחד ידביק לי איזה הגדרה שהוא רוצה אני מגדיר את עצמי כך וזהו ערבי ישראלי,0
3324,NOT,,,,@MoranT555 יוסף נפצע בהגנה על הארץ הזו הוא יכול להיות אזרח ישראלי לא ציוני יש לו תעודת הכשר צהלית הלואי עוד כמוהו למילה ציוני יש פרשנויות רבות מבחינתי שירות בצבא זה ציונות גם אם הוא לא מגדיר את עצמו ככזה ואין לי שום בעיה,יוסף נפצע בהגנה על הארץ הזו הוא יכול להיות אזרח ישראלי לא ציוני יש לו תעודת הכשר צהלית הלואי עוד כמוהו למילה ציוני יש פרשנויות רבות מבחינתי שירות בצבא זה ציונות גם אם הוא לא מגדיר את עצמו ככזה ואין לי שום בעיה,0
3325,NOT,,,,"@GadB42784795 @hcj4mo80ZvTqF4Q @Ahmad_tibi ביבי לא צריך שישחירו הוא השחיר את שמו לבד יופי יופי. עזוב ימין שמאל כיבוש היפרדות עזוב הכל מעולם לא קמו כ""כ הרבה אזרחים נגד ראש ממשלה במדינה מעולם לא יצאו כנגד ראש ממשלה כ""כ הרבה מאלה שהיו קרובים ביותר אליו מ ע ו ל ם",ביבי לא צריך שישחירו הוא השחיר את שמו לבד יופי יופי עזוב ימין שמאל כיבוש היפרדות עזוב הכל מעולם לא קמו ככ הרבה אזרחים נגד ראש ממשלה במדינה מעולם לא יצאו כנגד ראש ממשלה ככ הרבה מאלה שהיו קרובים ביותר אליו מ ע ו ל ם,0
3326,NOT,,,,"@Bicherit @YosephHaddad @idanlandau זה בכלל לא מה שאמרתי, הפרשנות שלך היא ממש שנות אור מהכתוב. מכיוון שאני מגיע מהעמדה של פרופ׳ ישעיהו לייבוביץ׳ ועידן לנדו וזה מצויין הן בציוץ עצמו והן בציוצים קודמים שלי אני יכול להתייחס לעניין שחשוב לי כאן והוא שאין טעם בהעלבת נכה צה״ל ערבי שמבקש להנכיח את דמותו בחברה הישראלית.",זה בכלל לא מה שאמרתי הפרשנות שלך היא ממש שנות אור מהכתוב מכיוון שאני מגיע מהעמדה של פרופ׳ ישעיהו לייבוביץ׳ ועידן לנדו וזה מצויין הן בציוץ עצמו והן בציוצים קודמים שלי אני יכול להתייחס לעניין שחשוב לי כאן והוא שאין טעם בהעלבת נכה צה״ל ערבי שמבקש להנכיח את דמותו בחברה הישראלית,0
3327,NOT,,,,@Don_MacLoof אז למה הוא משלם מיליונים לארגון טרור?,אז למה הוא משלם מיליונים לארגון טרור,0
3328,NOT,,,,"אלוף החיסונים בצפון. האח, מוחמד דבאח, מחזיק בשיא חיסונים, של כ-835 חיסונים במהלך השבוע הראשון למבצע, בו חוסנו במחוז חיפה וגליל מערבי של כללית 30 אלף איש&gt;&gt; https://t.co/Jj3cdO06Hp",אלוף החיסונים בצפון האח מוחמד דבאח מחזיק בשיא חיסונים של כ חיסונים במהלך השבוע הראשון למבצע בו חוסנו במחוז חיפה וגליל מערבי של כללית אלף איש,0
3329,NOT,,,,"RT @42zwHQLY5FUwl9v: נסראללה בהקלטה סמויה: ביבי אהוב לבנו, אנחנו מתאפקים כבר חודשים כדי לשמור עליך, מחמל. נפשנו, רק טפו טפו טפו שתחזיק מעמד…",נסראללה בהקלטה סמויה ביבי אהוב לבנו אנחנו מתאפקים כבר חודשים כדי לשמור עליך מחמל נפשנו רק טפו טפו טפו שתחזיק מעמד,0
3330,NOT,,,,@IncaFireForce @danielblupi1 אחי המורו סאגה הייתה טובה רצח על מה אתה מדבר,אחי המורו סאגה הייתה טובה רצח על מה אתה מדבר,0
3331,NOT,,,,"@ittaishick @clarinetwoman2 300 זריקות אבנים מצג ערבים כל יום. עכשיו, כשמסתבר שמותר לבצע בהם פיגוע דריסה ונוסח פגע, ברח, והסתר ראיות - זה יועיל מאד למגר את האויב",זריקות אבנים מצג ערבים כל יום עכשיו כשמסתבר שמותר לבצע בהם פיגוע דריסה ונוסח פגע ברח והסתר ראיות זה יועיל מאד למגר את האויב,0
3332,NOT,,,,"RT @Duduoppe: עקיבא נוביק: ""בוקר טוב"" אלי ציפורי: ""נוביק הטהרן ממשיך להתקלמן וללקק את ישבנו של פייק דרוקר, נתי קקי וגליקמן צואת תאואים. למ…",עקיבא נוביק בוקר טוב אלי ציפורי נוביק הטהרן ממשיך להתקלמן וללקק את ישבנו של פייק דרוקר נתי קקי וגליקמן צואת תאואים למ,0
3333,NOT,,,,@IncaFireForce @danielblupi1 פעם ראשונה מישהו שהוא לא גוקו מביא את הfinishing blow וג'יטה וuub עזרו רצח,פעם ראשונה מישהו שהוא לא גוקו מביא את ה וגיטה ו עזרו רצח,0
3334,NOT,,,,"@Yashar2U @GolSigalit ירדה עליה רצח. תקשיבי, זה רק כמה דקות",ירדה עליה רצח תקשיבי זה רק כמה דקות,0
3335,NOT,,,,אינתיפאדה בלוד @AmirOhana https://t.co/UY4ouSt2AN,אינתיפאדה בלוד,0
3336,NOT,,,,מיכאל אנוידרס נגד נדב הלוח מכות רצח מי מנצח,מיכאל אנוידרס נגד נדב הלוח מכות רצח מי מנצח,0
3337,NOT,,,,RT @Michael50616567: אינתיפאדה בלוד @AmirOhana https://t.co/UY4ouSt2AN,אינתיפאדה בלוד,0
3338,NOT,,,,ביבי. חיים רצח את יוני..הסטייעפלר אמר שיהיו הרוגים. תבדוק. סבא.שלי נירצח בסמוך ליוני. דלקת שתן,ביבי חיים רצח את יוניהסטייעפלר אמר שיהיו הרוגים תבדוק סבאשלי נירצח בסמוך ליוני דלקת שתן,0
3339,NOT,,,,@Irisleal15 גידול נגוע זה גידול שיש בו חרקים ותולעים .הדיבור שלך נגוע בבורות וגובל באנטישמיות. ואין קשר לגידול ערבי או אורגני.,גידול נגוע זה גידול שיש בו חרקים ותולעים הדיבור שלך נגוע בבורות וגובל באנטישמיות ואין קשר לגידול ערבי או אורגני,0
3340,hate,Mark Zuckerberg,politics,שמאלן,"@ayeletlash9 היהודון המושמד צוקרברג ימח""ש שמאלן קיצוני הין הברית שחל האויב המושמד",היהודון המושמד צוקרברג ימחש שמאלן קיצוני הין הברית שחל האויב המושמד,1
3341,NOT,,,,"@radio103fm @ErelSegal @dverthaim אראל,מקווה שתזעק ככה שפעם הבאה שהמשטרה תהרוג צעיר ערבי או אתיופי",אראלמקווה שתזעק ככה שפעם הבאה שהמשטרה תהרוג צעיר ערבי או אתיופי,0
3342,NOT,,,,"והנה התמונה האהובה עליי (באדיבות אוצר תמונות הפלמ""ח, כמו הצילומים הקודמים), שמספק הצצה לאישיות. צולם בביירות, בזמן שיצחק פעל כמוסלמי פלסטיני בשם ""עבדול כארים מוחמד צדקי"": https://t.co/384hYAupWv",והנה התמונה האהובה עליי באדיבות אוצר תמונות הפלמח כמו הצילומים הקודמים שמספק הצצה לאישיות צולם בביירות בזמן שיצחק פעל כמוסלמי פלסטיני בשם עבדול כארים מוחמד צדקי,0
3343,NOT,,,,"@YosephHaddad @MoranT555 הנה, בבקשה 👇👇👇כוונתך שאתה ״לא ציוני״ אך לא מתנגד לציונות?... יעני, ״לא תומך בזכותו של העם היהודי להגדרה עצמית, אבל אם הם מתעקשים, סבבה?״ הציונות אינה מונח דתי ולא בטיח, אלא תפיסה מדינית נטו: מדינת העם היהודי. אי אפשר גם להתנגד לתפיסה זו, או סתם לא להחזיק בה - ולתמוך בישראל. https://t.co/Q9QBD4d90p",הנה בבקשה כוונתך שאתה ״לא ציוני״ אך לא מתנגד לציונות יעני ״לא תומך בזכותו של העם היהודי להגדרה עצמית אבל אם הם מתעקשים סבבה״ הציונות אינה מונח דתי ולא בטיח אלא תפיסה מדינית נטו מדינת העם היהודי אי אפשר גם להתנגד לתפיסה זו או סתם לא להחזיק בה ולתמוך בישראל,0
3344,NOT,,,,@YosephHaddad @hamartef @MoranT555 יוס הכל טוב הלב שלך במקום הנכון ההגדרות האלה חשובות יותר או פחות לאנשים כאלה ואחרים. אף אחד בטוויטר לא מחזיק בטאבו בהגדרה של ציונות. היום זה מושג פלואידי. לאברום בורג אתה אולטרה ציוני. למורן אולי לא מספיק. מה זה משנה בעצם?,יוס הכל טוב הלב שלך במקום הנכון ההגדרות האלה חשובות יותר או פחות לאנשים כאלה ואחרים אף אחד בטוויטר לא מחזיק בטאבו בהגדרה של ציונות היום זה מושג פלואידי לאברום בורג אתה אולטרה ציוני למורן אולי לא מספיק מה זה משנה בעצם,0
3345,NOT,,,,"@newsisrael13: ""חשודים ירו לעבר מכונית של בני משפחה שעזבו את לוד בליווי משטרה, אחרי רצח של בן משפחה יריבה. *בתרגיל הטעייה, אחד מרכבי המחסלים משך אליו שתי ניידות, כדי לאפשר לחשודים לירות מרכב אחר*"". נשמע לי כמו תומאס מולר נגד ברצלונה במשחק ה 8-2.",חשודים ירו לעבר מכונית של בני משפחה שעזבו את לוד בליווי משטרה אחרי רצח של בן משפחה יריבה בתרגיל הטעייה אחד מרכבי המחסלים משך אליו שתי ניידות כדי לאפשר לחשודים לירות מרכב אחר נשמע לי כמו תומאס מולר נגד ברצלונה במשחק ה,0
3346,hate,Leftists,politics,השמאל,"@mossi_raz חתרני השמאל הקיצוני,האנטי ציוני,מסייעים לאוייב הפלשתינאי,מבית ומחוץ,במאבקו לחיסול מדינת ישראל",חתרני השמאל הקיצוניהאנטי ציונימסייעים לאוייב הפלשתינאימבית ומחוץבמאבקו לחיסול מדינת ישראל,1
3347,NOT,,,,@hamartef @MoranT555 אם אני לא ציוני אז אני מתנגד לציונות? אני גם לא יהודי אז אני מתנגד ליהדות? איזה הסקת מסקנות יש לך תהיה בריא.,אם אני לא ציוני אז אני מתנגד לציונות אני גם לא יהודי אז אני מתנגד ליהדות איזה הסקת מסקנות יש לך תהיה בריא,0
3348,NOT,,,,@Zis172 @Tehilama1 @FluffyBodySoap אז גם לא תהיה לך אפשרות לרצוח אותו וזה לא רלוונטי,אז גם לא תהיה לך אפשרות לרצוח אותו וזה לא רלוונטי,0
3349,NOT,,,,@MadridistaCoil @fcbeitar זידאן גם מוסלמי #רקאומר,זידאן גם מוסלמי,0
3350,NOT,,,,"640 מאומתים אתמול בי-ם. 245 שכונות חרדיות(38%), 225 כללי ומעורב(35%), 107 מזרח העיר(17%), 63 לא משוייך. תלמידים מאומתים: 103 חרדי(65%), 37 ממלכתי(23%), 18 ערבי. % חיוביים שבועי: 15.9 ערבי, 13.9 חרדי, 7 כללי ומעורב. מאושפזים: 93 ערבי (102 אתמול), 62 כללי ומעורב (63), 32 חרדי (28)",מאומתים אתמול בים שכונות חרדיות כללי ומעורב מזרח העיר לא משוייך תלמידים מאומתים חרדי ממלכתי ערבי חיוביים שבועי ערבי חרדי כללי ומעורב מאושפזים ערבי אתמול כללי ומעורב חרדי,0
3351,NOT,,,,"@RinoZror כן.. כמו שחד""ש שמאל מרכז ציוני.",כן כמו שחדש שמאל מרכז ציוני,0
3352,NOT,,,,"RT @Teo_dor1: אז חיימוביץ' וזמיר כבר לא, וכ""ל זו עוד מפלגת ימין על הרצף הפאשיסטו-לאומני-משיחי-מכשיר מאחזים? בהצלחה להם להתברג בין המספח מרע…",אז חיימוביץ וזמיר כבר לא וכל זו עוד מפלגת ימין על הרצף הפאשיסטולאומנימשיחימכשיר מאחזים בהצלחה להם להתברג בין המספח מרע,0
3353,NOT,,,,"@YosephHaddad @MoranT555 או שאינך מבין ציונות מהי, או שאתה מיתמם. שום קשר לדת - השקפה מדינית. נאמר זאת אחרת: האם אתה מכיר בקיום העם היהודי ובזכותו להגדרה עצמית במדינה יהודית? אם כן (ונראה שכן) אתה בהחלט ציוני. אם לא - במה אתה שונה בנקודה זו מאיימן עודה?",או שאינך מבין ציונות מהי או שאתה מיתמם שום קשר לדת השקפה מדינית נאמר זאת אחרת האם אתה מכיר בקיום העם היהודי ובזכותו להגדרה עצמית במדינה יהודית אם כן ונראה שכן אתה בהחלט ציוני אם לא במה אתה שונה בנקודה זו מאיימן עודה,0
3354,NOT,,,,"@FlkiVilgerarso1 זה משום שלצערי איבדתם אתם את שיקול דעתכם ועשיתם איפה ואיפה בין מי שאתם מחשיבים לבעלי ברית לבין מי שלא. או שהם מסכנים חיים או שלא. או שמוצדק לחסום כבישים ואז גם האתיופים והנכים והשמאלנים צודקים או שלא. אני טוענת שלא, מלבד ההפגנה הבעייתית למחצה בלבד על רצח סנדק ז""ל.",זה משום שלצערי איבדתם אתם את שיקול דעתכם ועשיתם איפה ואיפה בין מי שאתם מחשיבים לבעלי ברית לבין מי שלא או שהם מסכנים חיים או שלא או שמוצדק לחסום כבישים ואז גם האתיופים והנכים והשמאלנים צודקים או שלא אני טוענת שלא מלבד ההפגנה הבעייתית למחצה בלבד על רצח סנדק זל,0
3355,NOT,,,,עוד רצח?!!!!!!!!!!!!!!!!!!!!!!!!! מי הפעם?! העם הטרוריסטי או שוב המשטרה?!!!! https://t.co/T1iROT7f34,עוד רצח מי הפעם העם הטרוריסטי או שוב המשטרה,0
3356,NOT,,,,"@MoranT555 @YosephHaddad ישנם גם ישראלים יהודים המתנגדים לחוק הלאום. לא יודע לגבי ההגדרה העצמית של יוסף אבל אני מתרשם שהוא תורם ותרם לציונות. לפי ההגדרה שלך, מורן, על פי מעשיו הוא ציוני.",ישנם גם ישראלים יהודים המתנגדים לחוק הלאום לא יודע לגבי ההגדרה העצמית של יוסף אבל אני מתרשם שהוא תורם ותרם לציונות לפי ההגדרה שלך מורן על פי מעשיו הוא ציוני,0
3357,NOT,,,,@EfratFinkel בעיקר 53 שנות כיבוש ושליטה על אוכלוסייה אזרחית גורמים למדינה להיות בתזונה באיסוף מודיעין אזרחי 🤷🏽‍♂️,בעיקר שנות כיבוש ושליטה על אוכלוסייה אזרחית גורמים למדינה להיות בתזונה באיסוף מודיעין אזרחי,0
3358,NOT,,,,"@EfratFinkelאם היו שואלים אותי עם מי אני רוצה לצאת למלחמה ברור שעם אליהו, אפילו בלי להכיר אותו. כבר ראינו את הנמושה שליט שכמעט והתנדב ללכת עם חמאס לשבי.",היו שואלים אותי עם מי אני רוצה לצאת למלחמה ברור שעם אליהו אפילו בלי להכיר אותו כבר ראינו את הנמושה שליט שכמעט והתנדב ללכת עם חמאס לשבי,0
3359,NOT,,,,"RT @MattiFriedman: והנה התמונה האהובה עליי (באדיבות אוצר תמונות הפלמ""ח, כמו הצילומים הקודמים), שמספק הצצה לאישיות. צולם בביירות, בזמן שיצחק…",והנה התמונה האהובה עליי באדיבות אוצר תמונות הפלמח כמו הצילומים הקודמים שמספק הצצה לאישיות צולם בביירות בזמן שיצחק,0
3360,hate,Ofer Cassif,Zionsim,עוכר,@ofercass אין כמוך עופר. בסך הכל אתה בהחלט משרת היטב את מטרותיהם של חבריך לחיסול הנוכחות היהודית בארץ ישראל. אלה בנשק ואתה בחיידקים. יא עוכר!,אין כמוך עופר בסך הכל אתה בהחלט משרת היטב את מטרותיהם של חבריך לחיסול הנוכחות היהודית בארץ ישראל אלה בנשק ואתה בחיידקים יא עוכר,1
3361,NOT,,,,"@MoranT555 לערבי במפרץ אין בעיה להיות ציוני, כי הוא לא חי פה. ערבי שחי פה ומגדיר את עצמו כציוני, מסכים לקבל על עצמו להיות אזרח סוג ב'. כמה כאלה יש?",לערבי במפרץ אין בעיה להיות ציוני כי הוא לא חי פה ערבי שחי פה ומגדיר את עצמו כציוני מסכים לקבל על עצמו להיות אזרח סוג ב כמה כאלה יש,0
3362,Hate,palestinian authority,Racism,מחבלים,"אבו מאזן מהרשות הרצחנית שישראל מתעקשת לשתף איתה פעולה, מעביר בבת אחת משכורת לשלושה חודשים למחבלים ובני משפחתם, אתם מבינים למה משתלם כלכלית לרצוח ישראלים ויהודים ואנחנו נמשיך להסתובב בארץ כשבכול רגע מחבל ערבי שמבין שזה משתלם לו ירוצץ את ראשנו ידרוס, וידקור https://t.co/pktuykDxHC",אבו מאזן מהרשות הרצחנית שישראל מתעקשת לשתף איתה פעולה מעביר בבת אחת משכורת לשלושה חודשים למחבלים ובני משפחתם אתם מבינים למה משתלם כלכלית לרצוח ישראלים ויהודים ואנחנו נמשיך להסתובב בארץ כשבכול רגע מחבל ערבי שמבין שזה משתלם לו ירוצץ את ראשנו ידרוס וידקור,1
3363,NOT,,,,"RT @RealDaniDin: @MoranT555 לערבי במפרץ אין בעיה להיות ציוני, כי הוא לא חי פה. ערבי שחי פה ומגדיר את עצמו כציוני, מסכים לקבל על עצמו להיות…",לערבי במפרץ אין בעיה להיות ציוני כי הוא לא חי פה ערבי שחי פה ומגדיר את עצמו כציוני מסכים לקבל על עצמו להיות,0
3364,"Hate, violence",Muslims,Relgion,להרוג יהודי,@RealSonyDash @Nadav_Eyal כל זמן שאתה מכבד אותי אני אותך.. יחסים של תן וקח ניתנים גם כשהדעות או הדתות שלנו שונים.עניין הכבוד. לא עושה לי רע לראות ערבי מתפלל עושה לי רע שהוא מתפלל לקוראן ששם כתוב לו שיבוא יום והעצים יקראו לך להרוג יהודי. אצלי לא זכור לי לפחות שחונכתי על ערכי רציחה בשם בורא עולם. תקן אותי.,כל זמן שאתה מכבד אותי אני אותך יחסים של תן וקח ניתנים גם כשהדעות או הדתות שלנו שוניםעניין הכבוד לא עושה לי רע לראות ערבי מתפלל עושה לי רע שהוא מתפלל לקוראן ששם כתוב לו שיבוא יום והעצים יקראו לך להרוג יהודי אצלי לא זכור לי לפחות שחונכתי על ערכי רציחה בשם בורא עולם תקן אותי,1
3365,NOT,,,,"לה-פמיליה: אתה לא מבין לאיפה הגעת מר חוגג! מוחמד על הזין, מכרת את העקרונות בשביל צ׳ק, אנחנו נשרוף אותך. גם לה-פמיליה: ביסמיללא אל רחמן אל רחים, אללה אכבר, אללה אכבר, אללה אכבר. מי בא לכיפת הזהב באל אקצה לעשות סלפי? https://t.co/1MB0n6sMep",להפמיליה אתה לא מבין לאיפה הגעת מר חוגג מוחמד על הזין מכרת את העקרונות בשביל צ׳ק אנחנו נשרוף אותך גם להפמיליה ביסמיללא אל רחמן אל רחים אללה אכבר אללה אכבר אללה אכבר מי בא לכיפת הזהב באל אקצה לעשות סלפי,0
3366,NOT,,,,"@synhershko @ygurvitz חקלאי ערבי = שימוש בחומרי הדברה מסוכנים, אבל אתה לא רואה גזענות?",חקלאי ערבי שימוש בחומרי הדברה מסוכנים אבל אתה לא רואה גזענות,0
3367,NOT,,,,@ronisassover אם השוטרים פגעו ברכב בו הוא נסע הם פושעים וצריכים לעמוד לדין פלילי. ומאידך אם הוא באמת זרק אבנים על מכוניות נוסעות הוא מחבל. מחבלים יש להם התנהגות אחת וזה תקף לכל בני האדם שהורגים אנשים חפים מפשע יהודים ערבים סינים הודים וכ׳ו.,אם השוטרים פגעו ברכב בו הוא נסע הם פושעים וצריכים לעמוד לדין פלילי ומאידך אם הוא באמת זרק אבנים על מכוניות נוסעות הוא מחבל מחבלים יש להם התנהגות אחת וזה תקף לכל בני האדם שהורגים אנשים חפים מפשע יהודים ערבים סינים הודים וכ׳ו,0
3368,NOT,,,,"@instabaluga רק שתדע, סתם כך. הייתי עד פעם לגידול ערבי אורגני אמיתי! בשירות מילואים שעשיתי לפני שנים במ""פ ביריחו. במחסום ראינו כל יום עשרות ישראלים בעשרות עוברים ומעמיסים ארגזי ירקות ופירות מכל טוב. בלילה במארבי בקתבים בוססנו בערוגות בוציות ארוכות מושקות היטב במי הביוב של מגדלים אורגניים🤗",רק שתדע סתם כך הייתי עד פעם לגידול ערבי אורגני אמיתי בשירות מילואים שעשיתי לפני שנים במפ ביריחו במחסום ראינו כל יום עשרות ישראלים בעשרות עוברים ומעמיסים ארגזי ירקות ופירות מכל טוב בלילה במארבי בקתבים בוססנו בערוגות בוציות ארוכות מושקות היטב במי הביוב של מגדלים אורגניים,0
3369,NOT,,,,"@PTzachi @AvnerHofstein @FelixGoldberg1 לא חבר. אתם מכשילים והורסים. ה''חמור'' היה נחוץ כי בלעדיו לא היה קורה פה כלום. אתם לא כשירים. אם הוא ימות או יברח מפה, אתם תקרסו ותימוגו.לצעוד לבדכם אינכם מסוגלים.",לא חבר אתם מכשילים והורסים החמור היה נחוץ כי בלעדיו לא היה קורה פה כלום אתם לא כשירים אם הוא ימות או יברח מפה אתם תקרסו ותימוגולצעוד לבדכם אינכם מסוגלים,0
3370,NOT,,,,"@hamartef @MoranT555 יש לך טאבו על המושג ציונות? מבחינה רעיונית השקפתית ואידיאולוגית שכל אחד יגדיר ציונות איך שבא לו. אבל הציונות במקורה היא תנועה יהודית לאומית. ואני ערבי ישראלי, אני לא יהודי ולכן לא מגדיר את עצמי ציוני. ישראל זו מדינת הלאום היהודי וכן זו גם מדינה דמוקרטית שמעניקה שוויון לכל אזרחיה",יש לך טאבו על המושג ציונות מבחינה רעיונית השקפתית ואידיאולוגית שכל אחד יגדיר ציונות איך שבא לו אבל הציונות במקורה היא תנועה יהודית לאומית ואני ערבי ישראלי אני לא יהודי ולכן לא מגדיר את עצמי ציוני ישראל זו מדינת הלאום היהודי וכן זו גם מדינה דמוקרטית שמעניקה שוויון לכל אזרחיה,0
3371,NOT,,,,"@Sharona_Ozeri @radio103fm @yarivop @sheffipaz מי את בכלל? מה זה השטויות האלה, אפשר לחשוב שמדובר באנשי דאעש. שכונות שהיו שכונות מצוקה מוזנחות קיבלו עוד אוכלוסייה חלשה בגלל מדיניות מכוונת של הממשלה. רוצים לגרש? לאכוף מדיניות הגירה? הכתובת היא הממשלה ובית המשפט, לא המסכנים האלה שברובם אנשים נורמטיבים שברחו ממוות או מעוני מזעזע",מי את בכלל מה זה השטויות האלה אפשר לחשוב שמדובר באנשי דאעש שכונות שהיו שכונות מצוקה מוזנחות קיבלו עוד אוכלוסייה חלשה בגלל מדיניות מכוונת של הממשלה רוצים לגרש לאכוף מדיניות הגירה הכתובת היא הממשלה ובית המשפט לא המסכנים האלה שברובם אנשים נורמטיבים שברחו ממוות או מעוני מזעזע,0
3372,NOT,,,,@Lital_Cohen תמיד הכל בגללם אלה. ימח שמם,תמיד הכל בגללם אלה ימח שמם,0
3373,NOT,Gay people,,הומו זה לרצוח ילדים,@HuHaHu_TikiTiki @rabinyoli @Benisaname1 @starfinogay להיות הומו זה לרצוח ילדים,להיות הומו זה לרצוח ילדים,0
3374,NOT,,,,@TheWireIL לדעתי הסצינה שהם חוקרים את הבית של ההיא שד׳אנג׳לו רצח יותר טובה.,לדעתי הסצינה שהם חוקרים את הבית של ההיא שד׳אנג׳לו רצח יותר טובה,0
3375,NOT,,,,@nitznutzit בהחלט. הוא דואג לגרש כל אויב בסביבתו בצעקות והנפות מגל,בהחלט הוא דואג לגרש כל אויב בסביבתו בצעקות והנפות מגל,0
3376,NOT,,,,"@YosephHaddad @MoranT555 טאבו? לא. זו פשוט משמעות המונח. 👇👇👇 בדוק בכל אנציקלופדיה או מילון. אמרת שאתה ״לא ציוני״. אם אתה מתנגד לקיומה של ישראל, כמו עודה וטיבי, זכותך כמובן. אך אם אתה אכן תומך בקיומה של מדינה יהודית, אתה ציוני - שמתכחש, מסיבות משלך, לציונותו... וחבל. https://t.co/ds1QSN7JPc",טאבו לא זו פשוט משמעות המונח בדוק בכל אנציקלופדיה או מילון אמרת שאתה ״לא ציוני״ אם אתה מתנגד לקיומה של ישראל כמו עודה וטיבי זכותך כמובן אך אם אתה אכן תומך בקיומה של מדינה יהודית אתה ציוני שמתכחש מסיבות משלך לציונותו וחבל,0
3377,NOT,,,,@itsshaklila כן יש להם לוח שנה מוסלמי,כן יש להם לוח שנה מוסלמי,0
3378,NOT,,,,"@dandayan אלון ליאל לא התקשר לקופ""ח ודרש שלא יחסנו אותך כי אתה מתנחל?",אלון ליאל לא התקשר לקופח ודרש שלא יחסנו אותך כי אתה מתנחל,0
3379,NOT,,,,@matan_amirr חיסנו 400 אלף איש שרובם מאוכלוסיות בסיכון. מה הסיכוי שאף אחד מהם לא ימות בימים שאחרי החיסון?,חיסנו אלף איש שרובם מאוכלוסיות בסיכון מה הסיכוי שאף אחד מהם לא ימות בימים שאחרי החיסון,0
3380,NOT,,,,@N12News @guyvaron לצערי אחד מ 300000 אלף בין 70 ימות זה נראה סטטיסטית הגיוני,לצערי אחד מ אלף בין ימות זה נראה סטטיסטית הגיוני,0
3381,NOT,,,,"@BiniAshcknasy מה קשור פנסיה ליהדות? אפשר להיות נוצרי או מוסלמי ואפילו בודהיסט לקבל פנסיה. בינתיים לפחות (אגב, לא צריך לעבוד בשבילה, יש לא מעט אוכלי חינם שמקבלים פנסיה למרות שבקושי עבדו בשבילה)",מה קשור פנסיה ליהדות אפשר להיות נוצרי או מוסלמי ואפילו בודהיסט לקבל פנסיה בינתיים לפחות אגב לא צריך לעבוד בשבילה יש לא מעט אוכלי חינם שמקבלים פנסיה למרות שבקושי עבדו בשבילה,0
3382,NOT,,,,"@sheffipaz @noam03197279 @jiqot20 @Dani58069159 @radio103fm @yarivop יש להם ויזות, אשרות שהייה, הם בישראל כדת וכדין ולא מגורשים לשום מקום ע""י ממשלת הימין, אז שום כיבוש ושום עגבניות. רוצה לבטל להם את המעמד? לגרש? אחראים לזה בג""ץ והממשלה, נא לנהל מאבק מולם ולא מול אנשים מסכנים עם הילדים שלהם שכל חטאם הוא לברוח מגהינום",יש להם ויזות אשרות שהייה הם בישראל כדת וכדין ולא מגורשים לשום מקום עי ממשלת הימין אז שום כיבוש ושום עגבניות רוצה לבטל להם את המעמד לגרש אחראים לזה בגץ והממשלה נא לנהל מאבק מולם ולא מול אנשים מסכנים עם הילדים שלהם שכל חטאם הוא לברוח מגהינום,0
3383,Hate,Palestinians,Racism,פלסטינים,"@igal_malka *שימינג בעת ביצוע רצח יהודים* בעוד ""האומה הפלסטינית"" שלא הייתה קיימת מעולם מתנחלים על שטחי יש""ע. נתניהו, בכל פעם שאתה מעלה על שיפתותיך;""פלסטינים"", אתה עושה שימינג כלפי העם היהודי בארצו שלו. בכל פעם- כאשר יהודי נרצח התקשורת ונבחרי הציבור מוסיפים את המילה ""פלסטינים"". הרצחת וגם ירשת",שימינג בעת ביצוע רצח יהודים בעוד האומה הפלסטינית שלא הייתה קיימת מעולם מתנחלים על שטחי ישע נתניהו בכל פעם שאתה מעלה על שיפתותיךפלסטינים אתה עושה שימינג כלפי העם היהודי בארצו שלו בכל פעם כאשר יהודי נרצח התקשורת ונבחרי הציבור מוסיפים את המילה פלסטינים הרצחת וגם ירשת,1
3384,NOT,,,,"אתמול הלך לעולמו גילברט נקש, מנהיג חשוב של השמאל התוניסאי, יהודי ממשפחת נקש. הוא היה אנטי ציוני וקרא להפריד בין יהדות לציונות. בגלל מאבקו נגד הדיקטטורה, הוא נידון ל 14 שנות מאסר והיה נתון לרדיפה פוליטית ולגירוש. ספד לו נשיא תוניס וכל המפלגות. בארץ הוא מחוק כי לא האמין בדת הציונות https://t.co/aKkrHBa283",אתמול הלך לעולמו גילברט נקש מנהיג חשוב של השמאל התוניסאי יהודי ממשפחת נקש הוא היה אנטי ציוני וקרא להפריד בין יהדות לציונות בגלל מאבקו נגד הדיקטטורה הוא נידון ל שנות מאסר והיה נתון לרדיפה פוליטית ולגירוש ספד לו נשיא תוניס וכל המפלגות בארץ הוא מחוק כי לא האמין בדת הציונות,0
3385,NOT,,,,@synhershko @ygurvitz תוכל לכוון אותי איפה כתוב בכתבה שהתותים בעייתיים מכיוון שהן גודלו על ידי ערבי?,תוכל לכוון אותי איפה כתוב בכתבה שהתותים בעייתיים מכיוון שהן גודלו על ידי ערבי,0
3386,NOT,,,,@ak0506730000 @Haskupim מי אתה בכלל שתחליט מה כן ומה לא דרך הרבי???? וכן זה רצח בדם קר תתמצא בחומר ואז תבין שבמקום להציל את הבחור ולתת לו סיוע רפואי נתנו לו להתבוסס בדמו עד שיצאה נשמתי,מי אתה בכלל שתחליט מה כן ומה לא דרך הרבי וכן זה רצח בדם קר תתמצא בחומר ואז תבין שבמקום להציל את הבחור ולתת לו סיוע רפואי נתנו לו להתבוסס בדמו עד שיצאה נשמתי,0
3387,NOT,,,,"@MoranT555 מתאים לו יותר להיקרא ישראלי ,המונח ציוני מזוהה עם הכמיהה לציון של היהודים.",מתאים לו יותר להיקרא ישראלי המונח ציוני מזוהה עם הכמיהה לציון של היהודים,0
3388,NOT,,,,"בת אל קולמן, בעלת טור במקור ראשון, על המפגש עם צעיר פלסטיני ברמאללה במסגרת תוכנית העשרה מדינית שאנחנו מקיימים לאנשי ונשות תקשורת. אכן, כל-כך הרבה טמטום יש במלחמות. https://t.co/6PmGT4sdA6",בת אל קולמן בעלת טור במקור ראשון על המפגש עם צעיר פלסטיני ברמאללה במסגרת תוכנית העשרה מדינית שאנחנו מקיימים לאנשי ונשות תקשורת אכן כלכך הרבה טמטום יש במלחמות,0
3389,NOT,,,,"RT @zahalkajamal: אתמול הלך לעולמו גילברט נקש, מנהיג חשוב של השמאל התוניסאי, יהודי ממשפחת נקש. הוא היה אנטי ציוני וקרא להפריד בין יהדות לצי…",אתמול הלך לעולמו גילברט נקש מנהיג חשוב של השמאל התוניסאי יהודי ממשפחת נקש הוא היה אנטי ציוני וקרא להפריד בין יהדות לצי,0
3390,NOT,,,,"@MoranT555 יוסף חאדד אומר את דעתם של רבים במגזר ששותקים אין סיבה אחת הגיונית לא להתחבר לשלטון כשרק צריך לעשות את הדבר הנדרש ללא שיוך לציונות להכיר במדינה שאתה חי בא לשלול טרור להיות שותף בחובות וזכויות כמו כל אזרח ומספיק אם הנרטיב של נגזלנו ובשל כך לא נכיר ""בישות"".אבל בכייף ננצל את משאביה",יוסף חאדד אומר את דעתם של רבים במגזר ששותקים אין סיבה אחת הגיונית לא להתחבר לשלטון כשרק צריך לעשות את הדבר הנדרש ללא שיוך לציונות להכיר במדינה שאתה חי בא לשלול טרור להיות שותף בחובות וזכויות כמו כל אזרח ומספיק אם הנרטיב של נגזלנו ובשל כך לא נכיר בישותאבל בכייף ננצל את משאביה,0
3391,Abusive,Arab,Zionsim,תוציא אותו להורג,@MoranT555 @YosephHaddad הוא צודק. ערבי ישראלי . ערבי ישראלי לא יתנגד לחוק הלאום ומדינה כל אזרחיה לא יכולה להתקיים כאן. כי הוא יודע שרק שמירה על הצביון היהודי שלנו תשמור עליו שלא נגמור כמו סוריה וכו...במדינה שתוציא אותו להורג רק בגלל שהפגין או בגלל שאת אשה או גיי .....ועוד ועוד ועוד,הוא צודק ערבי ישראלי ערבי ישראלי לא יתנגד לחוק הלאום ומדינה כל אזרחיה לא יכולה להתקיים כאן כי הוא יודע שרק שמירה על הצביון היהודי שלנו תשמור עליו שלא נגמור כמו סוריה וכובמדינה שתוציא אותו להורג רק בגלל שהפגין או בגלל שאת אשה או גיי ועוד ועוד ועוד,1
3392,NOT,,,,"@BarItsik @UriMisgav @netanyahu אם התכוונת לגנץ, הוא לא היה בסוד העניינים, כי ביבי פחד שיגלה את הסודות לאיראנים, או שהטלפון שלו פרוץ. מה כאן לא היה ברור? האמירויות, F35. סודאן, היא כבר לא מדינה תומכת טרור. מרוקו, ארה""ב מכירה בסיפוח של סהרה המערבית למרוקו, אבל היא לא מסכימה שישראל תספח את יו""ש בצורה חד צדדית.",אם התכוונת לגנץ הוא לא היה בסוד העניינים כי ביבי פחד שיגלה את הסודות לאיראנים או שהטלפון שלו פרוץ מה כאן לא היה ברור האמירויות סודאן היא כבר לא מדינה תומכת טרור מרוקו ארהב מכירה בסיפוח של סהרה המערבית למרוקו אבל היא לא מסכימה שישראל תספח את יוש בצורה חד צדדית,0
3393,NOT,,,,"@Gedalyahoo @ygurvitz אז להגיד בקצרה ""ערבי"" במקום ""גדל בעזה"" זה גזענות?",אז להגיד בקצרה ערבי במקום גדל בעזה זה גזענות,0
3394,NOT,,,,"האח מוחמד דבאח מחזיק בשיא חיסונים: 835 חיסונים במהלך השבוע הראשון למבצע, בו חוסנו במחוז חיפה וגליל מערבי של כללית 30 אלף איש. @ClalitHealth #קורונה #חיסונים https://t.co/gIKPMhzg6e",האח מוחמד דבאח מחזיק בשיא חיסונים חיסונים במהלך השבוע הראשון למבצע בו חוסנו במחוז חיפה וגליל מערבי של כללית אלף איש,0
3395,NOT,,,,@GoodbeerOssi לא יכלת למצוא ערבי אחד דמוקרטי?,לא יכלת למצוא ערבי אחד דמוקרטי,0
3396,NOT,,,,בן אדם לא חשוב מי כולה מתעטש בתור מתייחסים אליו כאל מחבל,בן אדם לא חשוב מי כולה מתעטש בתור מתייחסים אליו כאל מחבל,0
3397,NOT,,,,"@liorle3 @uribreitman @IL_police טוב, נראה שדאגת שהתגובה שלי תמחק.. אז רק אומר שאני לא אמרתי שראוי כלום. המחשתי, אם תקרא בריכוז, שלפי הרציונל שלו עצמו, המוצאות לגיטימיות בפעולות טרור כי הכיבוש, הרי שהאבחנה שהוא מדמיין בין תושבי יש""ע לתושבי גוש דן מלאכותית וחסרת ביסוס. המדינה היא הכובשת/מתנחלת, לא מי שגר שם.",טוב נראה שדאגת שהתגובה שלי תמחק אז רק אומר שאני לא אמרתי שראוי כלום המחשתי אם תקרא בריכוז שלפי הרציונל שלו עצמו המוצאות לגיטימיות בפעולות טרור כי הכיבוש הרי שהאבחנה שהוא מדמיין בין תושבי ישע לתושבי גוש דן מלאכותית וחסרת ביסוס המדינה היא הכובשתמתנחלת לא מי שגר שם,0
3398,NOT,,,,"חמאס קורא לארדואן שלא לנרמל יחסים עם ישראל: העיתון מילי גאזטה השייך למפלגת האושר האיסלאמיסטית ואופוזיציונית לארדואן, פירסם אתמול בשער הראשי שלו את המכתב מחמאס שהגיע לידיו. https://t.co/a7a2eTGNcP",חמאס קורא לארדואן שלא לנרמל יחסים עם ישראל העיתון מילי גאזטה השייך למפלגת האושר האיסלאמיסטית ואופוזיציונית לארדואן פירסם אתמול בשער הראשי שלו את המכתב מחמאס שהגיע לידיו,0
3399,NOT,,,,@synhershko @ygurvitz כל ערבי גר בעזה? ככל שהתשובה לשאלה הזו שלילית - אז כן. זו גזענות בוטה.,כל ערבי גר בעזה ככל שהתשובה לשאלה הזו שלילית אז כן זו גזענות בוטה,0
3400,hate,Marwan Barghouti,Hate,ברגותי,@faniaoz יהי זכרו ברוך שאלת אותו פעם למה הוא ביקר בכלא את רב המרצחים ברגותי ששפוט על 6 מעשי רצח ואף כתב לו הקדשה חבר שואל ?,יהי זכרו ברוך שאלת אותו פעם למה הוא ביקר בכלא את רב המרצחים ברגותי ששפוט על מעשי רצח ואף כתב לו הקדשה חבר שואל,1
3401,NOT,,,,"@GalLevi10 אני לא אוטומטי אף פעם. במצב הנוכחי בפער 8 בטח שאתם אנדרדוג. אני לא יכול לומר שאני בעדכם, אבל אני מעדיף שחיפה לא יזכו באליפות בגלל אגו אישי שלי. אע״פ שאני מכבד רצח את יענקלה שחר.",אני לא אוטומטי אף פעם במצב הנוכחי בפער בטח שאתם אנדרדוג אני לא יכול לומר שאני בעדכם אבל אני מעדיף שחיפה לא יזכו באליפות בגלל אגו אישי שלי אע״פ שאני מכבד רצח את יענקלה שחר,0
3402,NOT,,,,"RT @AsafHaziza: @MoranT555 מורן אני ציוני ואני ימני אפילו קיצוני מדי פעם, ואני חושב שערבי ישראל הם חלק מהארץ בדיוק כמונו, לא חושש מהם ולהפך…",מורן אני ציוני ואני ימני אפילו קיצוני מדי פעם ואני חושב שערבי ישראל הם חלק מהארץ בדיוק כמונו לא חושש מהם ולהפך,0
3403,NOT,,,,"@CactusBavarius לא בוכים, אבל מתבאסים רצח.",לא בוכים אבל מתבאסים רצח,0
3404,NOT,,,,"RT @MoranT555: @AsafHaziza אני חושבת שיוסף הוא דוגמה לערבים שרוצים להשתלב, לתרום, להשתייך למדינה. ואת זה בהחלט רוצה לחזק. עם זאת יש לי עליו…",אני חושבת שיוסף הוא דוגמה לערבים שרוצים להשתלב לתרום להשתייך למדינה ואת זה בהחלט רוצה לחזק עם זאת יש לי עליו,0
3405,NOT,,,,"RT @batelkol: הוא היה נשוי אבל לאשתו לא ניתן אישור לגור בארץ, אז היא וילדיהם באירופה והוא פה. באופן טבעי הייתי חושבת שהאדי אמור היה להמשיך…",הוא היה נשוי אבל לאשתו לא ניתן אישור לגור בארץ אז היא וילדיהם באירופה והוא פה באופן טבעי הייתי חושבת שהאדי אמור היה להמשיך,0
3406,NOT,,,,@itainathaniel @eladmeidar @galgwhisky אני מרחמת על הפיטבול בטח היצור הזה עושה לו טרור.,אני מרחמת על הפיטבול בטח היצור הזה עושה לו טרור,0
3407,NOT,,,,"RT @MoranT555: @ILLogger הנה עוד ערבי, שמגדיר עצמו כציוני גאה. https://t.co/yQnaT0cW2L",הנה עוד ערבי שמגדיר עצמו כציוני גאה,0
3408,NOT,,,,"@felfott @yarivop ""אויב""""אנחנו לא מהאו""ם""""מדינה של יהודים"". אחלה ביטויים שמרגיעים את המצפון לכבוד הגזענות החדשה של הניאו נאציזם היהודי.בסוף אתה מתייג בני אדם ולא שופט אותם באותה מידה כמו יהודים על מעשים דומים. קוראים לזה חוסר צדק.כל אדם אחראי באופן שווה על המעשים שלו ולא מגיע לו עונש נוסף על מוצאו",אויבאנחנו לא מהאוםמדינה של יהודים אחלה ביטויים שמרגיעים את המצפון לכבוד הגזענות החדשה של הניאו נאציזם היהודיבסוף אתה מתייג בני אדם ולא שופט אותם באותה מידה כמו יהודים על מעשים דומים קוראים לזה חוסר צדקכל אדם אחראי באופן שווה על המעשים שלו ולא מגיע לו עונש נוסף על מוצאו,0
3409,NOT,,,,"RT @YozmatGeneva: בת אל קולמן, בעלת טור במקור ראשון, על המפגש עם צעיר פלסטיני ברמאללה במסגרת תוכנית העשרה מדינית שאנחנו מקיימים לאנשי ונשו…",בת אל קולמן בעלת טור במקור ראשון על המפגש עם צעיר פלסטיני ברמאללה במסגרת תוכנית העשרה מדינית שאנחנו מקיימים לאנשי ונשו,0
3410,NOT,,,,RT @leeat55: @Shay45806212 שעוצרים אנשים וחוקרים אותם. לא ניתן להשמיד הכל . תמיד יהיו עובדים שיזמרו.,שעוצרים אנשים וחוקרים אותם לא ניתן להשמיד הכל תמיד יהיו עובדים שיזמרו,0
3411,NOT,,,,"@lioratz @yarivop מי שזורק אבן, או שהוא מחבל או שהוא לא מחבל. זה אמור להיות תלוי במעשים ולא במוצא. אז נא להחליט כבר, מוצא זה לא תנאי להגדרה של פשע בשום ספר חוקים בשום מדינה דמוקרטית שפויה, גם לא בישראל למרות כל המטורללים הגזענים שחושבים אחרת",מי שזורק אבן או שהוא מחבל או שהוא לא מחבל זה אמור להיות תלוי במעשים ולא במוצא אז נא להחליט כבר מוצא זה לא תנאי להגדרה של פשע בשום ספר חוקים בשום מדינה דמוקרטית שפויה גם לא בישראל למרות כל המטורללים הגזענים שחושבים אחרת,0
3412,hate,Naftali Bennett and Ayman Odeh,politics,ממשלה,"@naftalibennett איזה סמכויות יש לך בכלל, פופוליסט עלוב!! אין הבדל בינך לבין עודה! שניכם רוצים להפיל ראש ממשלה ציוני!!",איזה סמכויות יש לך בכלל פופוליסט עלוב אין הבדל בינך לבין עודה שניכם רוצים להפיל ראש ממשלה ציוני,1
3413,NOT,,,,@Shmar36764154 @Irisleal15 יש לך את זה ביותר אנטישמי?!,יש לך את זה ביותר אנטישמי,0
3414,NOT,,,,יאללה סגר עד שנצליח להשמיד את כל הוירוסים בעולם. מי בעד ?😎😎😎 https://t.co/zZJMEYEnfy,יאללה סגר עד שנצליח להשמיד את כל הוירוסים בעולם מי בעד,0
3415,NOT,,,,@Yotam__ עוטף עזה סטייל,עוטף עזה סטייל,0
3416,NOT,,,,@NYzbeNR1qUcaz47 @mamba19840 @ErelSegal אין לי שום טענה אני עדיין מאמין למשטרה ומאוד מעניין אותי אם הוא היה ערבי מה היית אומרת אז,אין לי שום טענה אני עדיין מאמין למשטרה ומאוד מעניין אותי אם הוא היה ערבי מה היית אומרת אז,0
3417,NOT,,,,@GanganaMoshe תגדיר אויב. בעצם עזוב. הבנתי.,תגדיר אויב בעצם עזוב הבנתי,0
3418,NOT,,,,"@Elad_Si זה לא מקרי בכלל. כל הסיפור הזה נועד כדי שהגרמנים יוכלו להשמיד את מדינת ישראל. בזמן שכל העולם ""מתעכבים"" עם החיסון, ישראל כבר תספיק לחסן את רוב האוכלוסיה. ואז כמובן בעולם לא יחסנו בגלל התופעות שיקרו לנו🤭🤯🥶",זה לא מקרי בכלל כל הסיפור הזה נועד כדי שהגרמנים יוכלו להשמיד את מדינת ישראל בזמן שכל העולם מתעכבים עם החיסון ישראל כבר תספיק לחסן את רוב האוכלוסיה ואז כמובן בעולם לא יחסנו בגלל התופעות שיקרו לנו,0
3419,NOT,,,,"@lioratz @yarivop @nirpeled241 לא כל הערבים חמאסניקים. אם מישהו עושק בטרור, יהודי או ערבי, מטפלים בו בהתאם לעבירה שהוא עשה, זה לא קשור לגזע שלו",לא כל הערבים חמאסניקים אם מישהו עושק בטרור יהודי או ערבי מטפלים בו בהתאם לעבירה שהוא עשה זה לא קשור לגזע שלו,0
3420,NOT,,,,@YiftachDayan אני מקווה מאוד שמי שלא יקים את הממשלה הבאה בישראל לא יתחשב במי יבוא טוב לממשל ביידן ומי לא. ממשל אובאמה בנושאים מסויימים היה ממשל עויין למדינת ישראל ותרם רבות ליכולת של אירן למממן טרור במזרח על ישראל והגביר את שורת האיומים עלינו כמעט בכל חזית. אין סיבה להניח שממשל ביידן יהיה שונה,אני מקווה מאוד שמי שלא יקים את הממשלה הבאה בישראל לא יתחשב במי יבוא טוב לממשל ביידן ומי לא ממשל אובאמה בנושאים מסויימים היה ממשל עויין למדינת ישראל ותרם רבות ליכולת של אירן למממן טרור במזרח על ישראל והגביר את שורת האיומים עלינו כמעט בכל חזית אין סיבה להניח שממשל ביידן יהיה שונה,0
3421,NOT,,,,"@Yossihaoved @bezalelsm @sheffipaz @AvrahamiDoron אין מה לעשות, השוטרים כולם עסוקים עכשיו ב @sheffipaz , זה הרבה יותר חשוב להטריד אזרחית ולמרר את חייה, מאשר להגן על חפים מפשע ממעשי רצח.",אין מה לעשות השוטרים כולם עסוקים עכשיו ב זה הרבה יותר חשוב להטריד אזרחית ולמרר את חייה מאשר להגן על חפים מפשע ממעשי רצח,0
3422,NOT,,,,"העיקר שממלא מקום המפכ""ל שולח קלגסים במדי שוטרים לפרק את הצורה למפגינים מהימין שכל חטאם הוא דרישתם חקירה חיצונית , מחוץ למשטרה ומח""ש המטייחים, לרצח חברם אהוביה סנדק. רצח - כי מה השוטרים חשבו לעצמם שיקרה אם הם ינגחו במכונית שלפניהם? ובכל זאת הם נגחו. https://t.co/diU5HKIMa7",העיקר שממלא מקום המפכל שולח קלגסים במדי שוטרים לפרק את הצורה למפגינים מהימין שכל חטאם הוא דרישתם חקירה חיצונית מחוץ למשטרה ומחש המטייחים לרצח חברם אהוביה סנדק רצח כי מה השוטרים חשבו לעצמם שיקרה אם הם ינגחו במכונית שלפניהם ובכל זאת הם נגחו,0
3423,NOT,,,,@GushNegedKibush נסיון ללינץ׳ ע״י חוליית טרור מההתנחלויות הבלתי-חוקיות.,נסיון ללינץ׳ ע״י חוליית טרור מההתנחלויות הבלתיחוקיות,0
3424,NOT,,,,"@The_blue_pad @nirohana1 אתה יודע שהתחייבות של בן גוריון זה לא תורה מסיני. הליכוד - 30 סער - 15 בנט - 15 יש עתיד - 15 החרדים - 15 לליכוד,סער,בנט ולפיד יש יותר במשותף אחד עם השני מאשר שיש להם עם החרדים. בלי אגו פוליטי המצב פה היה הרבה יותר טוב. אה ושכחתי את ליברמן החצי אנטישמי,אפשר ליצור דבר חדש. ",אתה יודע שהתחייבות של בן גוריון זה לא תורה מסיני הליכוד סער בנט יש עתיד החרדים לליכודסערבנט ולפיד יש יותר במשותף אחד עם השני מאשר שיש להם עם החרדים בלי אגו פוליטי המצב פה היה הרבה יותר טוב אה ושכחתי את ליברמן החצי אנטישמיאפשר ליצור דבר חדש,0
3425,NOT,,,,"💬דיוויד פרידמן, שגריר ארצות הברית בישראל, נפגש היום עם בנימין הורגן, שאשתו אסתר נרצחה על רקע לאומני לפני כשבוע ביער סמוך ליישוב טל מנשה היכן שהתגוררה, לניחום אבלים. ""התשובה לטרור שרוצה לגרש יהודים מיהודה ושומרון - להישאר ולהתיישב""",דיוויד פרידמן שגריר ארצות הברית בישראל נפגש היום עם בנימין הורגן שאשתו אסתר נרצחה על רקע לאומני לפני כשבוע ביער סמוך ליישוב טל מנשה היכן שהתגוררה לניחום אבלים התשובה לטרור שרוצה לגרש יהודים מיהודה ושומרון להישאר ולהתיישב,0
3426,NOT,,,,"""אם העכבר לא יבוא אל הרב,ההר יבוא אל מוחמד""(שולעם שטיסל פרק 2)",אם העכבר לא יבוא אל הרבההר יבוא אל מוחמדשולעם שטיסל פרק,0
3427,NOT,,,,"עוד נסיון ללינץ׳ ע״י חוליית טרור מההתנחלויות הבלתי-חוקיות. הגיע הזמן לסגור את קני הצרעות של הצפעונות הדתית ולהשיב את תושביהם לשטח מדינת ישראל, לאחר שיפוט וענישה של כל אלו האחראיים (פוליטיקאים ומתנחלים) לפוגרומים, פרעות וגזל אדמות, בעוון פשעי מלחמה, פשעי שנאה ופשעים נגד האנושות. https://t.co/2QpNd6I5OV",עוד נסיון ללינץ׳ ע״י חוליית טרור מההתנחלויות הבלתיחוקיות הגיע הזמן לסגור את קני הצרעות של הצפעונות הדתית ולהשיב את תושביהם לשטח מדינת ישראל לאחר שיפוט וענישה של כל אלו האחראיים פוליטיקאים ומתנחלים לפוגרומים פרעות וגזל אדמות בעוון פשעי מלחמה פשעי שנאה ופשעים נגד האנושות,0
3428,NOT,,,,RT @HShvili: @GushNegedKibush נסיון ללינץ׳ ע״י חוליית טרור מההתנחלויות הבלתי-חוקיות.,נסיון ללינץ׳ ע״י חוליית טרור מההתנחלויות הבלתיחוקיות,0
3429,NOT,,,,"@KarenLHaber @faniaoz זה שיח של אשכנזים מנותקים שלא קראו בחייהם מילה בערבית ומרוחקים כל כך, אבל כל כך, משיח פוליטי ערבי.",זה שיח של אשכנזים מנותקים שלא קראו בחייהם מילה בערבית ומרוחקים כל כך אבל כל כך משיח פוליטי ערבי,0
3430,hate,Leftists,politics,השמאל,@tuviapeled @ayeletsl השמאל הבולשביקי הקים ק'צטים להשמדת דתם של עולי המזרח כמו מחנה עין-שמר .... סחר ומכר וערך ניסויים בילדי העולים. ערכו של מי שלא נשא פנקס אדום היה פחות מזבל.. בולשביקים סטאליניסטים יחד עם שמש העמים שלהם סטאלין רוצח ההמונים לדיראון עולם.!,השמאל הבולשביקי הקים קצטים להשמדת דתם של עולי המזרח כמו מחנה עיןשמר סחר ומכר וערך ניסויים בילדי העולים ערכו של מי שלא נשא פנקס אדום היה פחות מזבל בולשביקים סטאליניסטים יחד עם שמש העמים שלהם סטאלין רוצח ההמונים לדיראון עולם,1
3431,NOT,,,,"בשנים רגילות, בכל יום מתים בממוצע כ 100 ישראלים. לכן, לאחר שאתמול חוסנו כ 100,000 ישראלים, צפוי שלפחות אחד מהם ימות, אם זה מתאונה, התקף לב, שבץ או סיבוך של מחלה, בנוסף לעוד עשרות אנשים שימותו בלי לקבל חיסון. כשמנטרים אירועים חריגים חשוב להשוות לצפוי באוכלוסייה לפני הסקת מסקנות.",בשנים רגילות בכל יום מתים בממוצע כ ישראלים לכן לאחר שאתמול חוסנו כ ישראלים צפוי שלפחות אחד מהם ימות אם זה מתאונה התקף לב שבץ או סיבוך של מחלה בנוסף לעוד עשרות אנשים שימותו בלי לקבל חיסון כשמנטרים אירועים חריגים חשוב להשוות לצפוי באוכלוסייה לפני הסקת מסקנות,0
3432,"Hate,abusive",Muslims,Racism,"מחבל ,הומו",מחבל מתאבד הומו בגן עדן: https://t.co/ZpD56QmiVY,מחבל מתאבד הומו בגן עדן,1
3433,NOT,,,,"@PolarTash תגידי מתי, אני באה איתך לשרוף את המשרדים.",תגידי מתי אני באה איתך לשרוף את המשרדים,0
3434,NOT,,,,@Omerharel12 וואי זה משפיל רצח,וואי זה משפיל רצח,0
3435,NOT,,,,"@MLayosh אוהב ישראל מזוייף, שפי פז שורפת ועושה טרור בגני ילדים, אם אתה תומך בגזענית ואלימה הזאת אז אל תדברעל אהבת ישראל. כולך צביעות ושנאה.",אוהב ישראל מזוייף שפי פז שורפת ועושה טרור בגני ילדים אם אתה תומך בגזענית ואלימה הזאת אז אל תדברעל אהבת ישראל כולך צביעות ושנאה,0
3436,NOT,,,,"@mizhpekramim @netanyahu הוא מוביל קו מכוער, כמעט אנטישמי, נגד מפעל ההתיישבות, בכמה פסקים, למשל ביחס לעידוד הופעות תרבות בהתיישבות, שלדעתו זה *בלתי חוקתי* טשאר מילים גבוהות ונפוחות שלא קשורות כלל לענין",הוא מוביל קו מכוער כמעט אנטישמי נגד מפעל ההתיישבות בכמה פסקים למשל ביחס לעידוד הופעות תרבות בהתיישבות שלדעתו זה בלתי חוקתי טשאר מילים גבוהות ונפוחות שלא קשורות כלל לענין,0
3437,NOT,,,,"@amitm123 @dandayan לא, זה הומור עצמי. הוא צוחק על זה שהוא זקן אבל לא מודע לזה. אמנם מתנחל, אבל ארגנטינאי, אז אני חצי סובל אותו.",לא זה הומור עצמי הוא צוחק על זה שהוא זקן אבל לא מודע לזה אמנם מתנחל אבל ארגנטינאי אז אני חצי סובל אותו,0
3438,NOT,,,,"@zahalkajamal גם אני אנטי ציוני אבל אני יהודי שמאמין בתורת ישראל וארץ ישראל וכאן ביתי וכמוני היה גילברט נקש. ""הציונות היא היפך היהדות"" (דוד בן גוריון)",גם אני אנטי ציוני אבל אני יהודי שמאמין בתורת ישראל וארץ ישראל וכאן ביתי וכמוני היה גילברט נקש הציונות היא היפך היהדות דוד בן גוריון,0
3439,NOT,,,,"RT @NetaSofferTsur: בשנים רגילות, בכל יום מתים בממוצע כ 100 ישראלים. לכן, לאחר שאתמול חוסנו כ 100,000 ישראלים, צפוי שלפחות אחד מהם ימות, אם…",בשנים רגילות בכל יום מתים בממוצע כ ישראלים לכן לאחר שאתמול חוסנו כ ישראלים צפוי שלפחות אחד מהם ימות אם,0
3440,NOT,,,,"לא הבנתי, ימנים ליברטיאנים גם רוצים לקבל חיסון מקופות החולים הבולשביקיות ולא ממתינים שהיד הנעלמה תחסן אותם?",לא הבנתי ימנים ליברטיאנים גם רוצים לקבל חיסון מקופות החולים הבולשביקיות ולא ממתינים שהיד הנעלמה תחסן אותם,0
3441,NOT,,,,עסקים יהיו סגורים בגלל האידיוטים האלה שלא אכפת להם שראש ממשלה שמאשר צוללות למצרים מאחורי גבה של מערכת הביטחון לא יהסס להשמיד את אזרחי ישראל כאשר הוא בורח ממשפט. כן. להשמיד. ככה אני מרגיש. עסקים מושמדים. משלחות מושמדות. חלומות מושמדים. בושה. פשוט בושה. ההיסטוריה לא תשכח. https://t.co/twcG5NWzlu,עסקים יהיו סגורים בגלל האידיוטים האלה שלא אכפת להם שראש ממשלה שמאשר צוללות למצרים מאחורי גבה של מערכת הביטחון לא יהסס להשמיד את אזרחי ישראל כאשר הוא בורח ממשפט כן להשמיד ככה אני מרגיש עסקים מושמדים משלחות מושמדות חלומות מושמדים בושה פשוט בושה ההיסטוריה לא תשכח,0
3442,NOT,,,,@ArAsius2 לא.. אני באמת לא רוצה אחריות על עציץ אני באמת רוצה שמישהו יקח אותו או שהוא ימות,לא אני באמת לא רוצה אחריות על עציץ אני באמת רוצה שמישהו יקח אותו או שהוא ימות,0
3443,NOT,,,,RT @Soloph0ne: עסקים יהיו סגורים בגלל האידיוטים האלה שלא אכפת להם שראש ממשלה שמאשר צוללות למצרים מאחורי גבה של מערכת הביטחון לא יהסס להשמיד…,עסקים יהיו סגורים בגלל האידיוטים האלה שלא אכפת להם שראש ממשלה שמאשר צוללות למצרים מאחורי גבה של מערכת הביטחון לא יהסס להשמיד,0
3444,NOT,,,,@simontetros דאעש. בחיי.,דאעש בחיי,0
3445,Hate,Arab,Racism,מוחמד,או שבדרך אליי אותו שליח וולט של אתמול או שלכל השליחים שלהם קוראים מוחמד,או שבדרך אליי אותו שליח וולט של אתמול או שלכל השליחים שלהם קוראים מוחמד,1
3446,NOT,,,,"RT @brown_johnbrown: לא הבנתי, ימנים ליברטיאנים גם רוצים לקבל חיסון מקופות החולים הבולשביקיות ולא ממתינים שהיד הנעלמה תחסן אותם?",לא הבנתי ימנים ליברטיאנים גם רוצים לקבל חיסון מקופות החולים הבולשביקיות ולא ממתינים שהיד הנעלמה תחסן אותם,0
3447,Hate,Arabs in israeli politics,politics,ערבים,"@Samer31207247 @GoodbeerOssi בגלל שחברי כנסת שמצדיקים טרור, מבקרים בבתים של טרוריסטים, מתנגדים לזכויות שוות ללהט""ב ומאמינים בערכי ימי הביניים כפי שהם מתבטאים בדת - הם לא חלק משיוויון חוק ודמוקרטיה. פשוט צריך להבין שמדובר בבני אדם עם דיעות. שהם לא רק ""ערבים""",בגלל שחברי כנסת שמצדיקים טרור מבקרים בבתים של טרוריסטים מתנגדים לזכויות שוות ללהטב ומאמינים בערכי ימי הביניים כפי שהם מתבטאים בדת הם לא חלק משיוויון חוק ודמוקרטיה פשוט צריך להבין שמדובר בבני אדם עם דיעות שהם לא רק ערבים,1
3448,NOT,,,,"5 ימים חלפו מאז נעצר הרוצח של אסתר הורגן, הי""ד, אבל בית המחבל עדיין עומד על תילו! כל יום שעובר מבלי להורס את הבית, פוגע בהרתעת 🇮🇱 כלפי המחבלים שבאים לרצוח יהודים. חבל ששר הבטחון שלנו @gantzbe עסוק יותר בהישרדותו הפוליטית במקום לפעול להגנת אזרחי 🇮🇱. מגיע לנו טוב יותר! https://t.co/CbmTaSYwzH",ימים חלפו מאז נעצר הרוצח של אסתר הורגן היד אבל בית המחבל עדיין עומד על תילו כל יום שעובר מבלי להורס את הבית פוגע בהרתעת כלפי המחבלים שבאים לרצוח יהודים חבל ששר הבטחון שלנו עסוק יותר בהישרדותו הפוליטית במקום לפעול להגנת אזרחי מגיע לנו טוב יותר,0
3449,NOT,,,,"RT @MauriceHirsch4: 5 ימים חלפו מאז נעצר הרוצח של אסתר הורגן, הי""ד, אבל בית המחבל עדיין עומד על תילו! כל יום שעובר מבלי להורס את הבית, פוג…",ימים חלפו מאז נעצר הרוצח של אסתר הורגן היד אבל בית המחבל עדיין עומד על תילו כל יום שעובר מבלי להורס את הבית פוג,0
3450,NOT,,,,״הארץ״ קוראים לו ״מפגע מתאבד״ ו-ynet ״מחבל מתאבד״. במעריב לא מצאתי פולו-אפ. https://t.co/9tmpV81Fp2,״הארץ״ קוראים לו ״מפגע מתאבד״ ו ״מחבל מתאבד״ במעריב לא מצאתי פולואפ,0
3451,hate,Settlers,Getting Old,מתנחל,"@amitm123 @dandayan למה, דווקא הכי מדוייק. בני אדם לא מצליחים לתפוס את הזמן שעובר לגבי עצמם, רק אחרים נהיים זקנים. מבחנתי אני עדיין משחק כדורגל כמו בן 16, עד שבועטים לי ברגל ואני לא יכול ללכת חודש. לגבי ארגנטינאים אני מחלק 100 אחוז, אבל מתנחל מוריד 50.",למה דווקא הכי מדוייק בני אדם לא מצליחים לתפוס את הזמן שעובר לגבי עצמם רק אחרים נהיים זקנים מבחנתי אני עדיין משחק כדורגל כמו בן עד שבועטים לי ברגל ואני לא יכול ללכת חודש לגבי ארגנטינאים אני מחלק אחוז אבל מתנחל מוריד,1
3452,NOT,,,,@_deadkitten לא בטוח למה כבר לפני זה הייתי שחיף רצח,לא בטוח למה כבר לפני זה הייתי שחיף רצח,0
3453,NOT,,,,"הודעה מרגיעה: לכל החוששים לתפקוד המשטרה לאחר שלא הצליחה למנוע רצח נקם היום בכביש 6, עלי לאזן את התמונה: כוחות המשטרה הצליחו לשים יד ולעצור את רועי פלג, מנהיג מחאת הצוללות, וכך מנעו פגיעה קשה באזרחי ישראל.",הודעה מרגיעה לכל החוששים לתפקוד המשטרה לאחר שלא הצליחה למנוע רצח נקם היום בכביש עלי לאזן את התמונה כוחות המשטרה הצליחו לשים יד ולעצור את רועי פלג מנהיג מחאת הצוללות וכך מנעו פגיעה קשה באזרחי ישראל,0
3454,NOT,,,,"@BarashiKinneret במדינה שצריכה למגרר טרור ופח""ע אי אפשר לאמץ את הדוקטורינה הזאת. חצי מהראיות נגד אותם אזרחים תומכי טרור מגיעות בדרך לא דרך....",במדינה שצריכה למגרר טרור ופחע אי אפשר לאמץ את הדוקטורינה הזאת חצי מהראיות נגד אותם אזרחים תומכי טרור מגיעות בדרך לא דרך,0
3455,NOT,,,,"@Zmichal369 @ayeletsl עצם העובדה שהעלו לכאן יהודים מצפון אפריקה, מהמזה""ת, אתיופיה אפילו מוייטנאם ללא קשר להשכלתם או לרמה שלהם מוכיחה שהישוב שמנהיגיו באו מאירופה חשבו שהמדינה נועדה לכולם ותתמודד עם פערים גדולים. כל הפוסט שלך שטות. היו קשיים והתמודדו למרות שהיינו מדינה ענייה. סטאלין היה רוצח נקודה.",עצם העובדה שהעלו לכאן יהודים מצפון אפריקה מהמזהת אתיופיה אפילו מוייטנאם ללא קשר להשכלתם או לרמה שלהם מוכיחה שהישוב שמנהיגיו באו מאירופה חשבו שהמדינה נועדה לכולם ותתמודד עם פערים גדולים כל הפוסט שלך שטות היו קשיים והתמודדו למרות שהיינו מדינה ענייה סטאלין היה רוצח נקודה,0
3456,NOT,,,,"@MoranT555 לא הבנתי מה הבעיה שלו להיקרא ציוני, כנראה מיתמם. הוא רואה את מדינת ישראל כמדינה יהודית ותומך בקיומה? הוא בהחלט ציוני. ואין קשר ליהודים לא יהודים, ישנם ערבים ונוצרים אוונגליסטים שהם ציונים לחלוטין. עשה סלט מהעניין.",לא הבנתי מה הבעיה שלו להיקרא ציוני כנראה מיתמם הוא רואה את מדינת ישראל כמדינה יהודית ותומך בקיומה הוא בהחלט ציוני ואין קשר ליהודים לא יהודים ישנם ערבים ונוצרים אוונגליסטים שהם ציונים לחלוטין עשה סלט מהעניין,0
3457,hate,Netanyahu,Not clear,טרוריסט,"@sadibenshitrit נתניהו טרוריסט-אנטי-ציוני, עוכר ישראל ומפיץ מחלות.",נתניהו טרוריסטאנטיציוני עוכר ישראל ומפיץ מחלות,1
3458,Hate,Arab,Racism,אוייב ערבי,"@Yoav3rd @mamba19840 @ErelSegal שהוא אוייב אז לא מפריע לי אם הוא מת כי סיכן את אחים שלי. ושלטובתנו אנו צריך לעשות תחקיר פנימי על התנהלות המרדף. פה בדיוק הבעיה שלי. שוכחים להבדיל יחס בן אוהב,אח,יהודי. לאוייב ערבי.",שהוא אוייב אז לא מפריע לי אם הוא מת כי סיכן את אחים שלי ושלטובתנו אנו צריך לעשות תחקיר פנימי על התנהלות המרדף פה בדיוק הבעיה שלי שוכחים להבדיל יחס בן אוהבאחיהודי לאוייב ערבי,1
3459,NOT,,,,@shaharilan אולי מפכל ערבי מלוד יעשה פה סוף סוף סדר,אולי מפכל ערבי מלוד יעשה פה סוף סוף סדר,0
3460,hate,Arab,Zionsim,ציוני,"RT @MoranT555: כשאפילו הערבי הכי ציוני מסרב להקרא ציוני... זה מלמד משהו על ""ערביי ישראל"" https://t.co/Xiy09vnAmN",כשאפילו הערבי הכי ציוני מסרב להקרא ציוני זה מלמד משהו על ערביי ישראל,1
3461,hate,Ahmad Tibbi,Racism,טיבי,"@naomilster @uribreitman אחמד טיבי הוא שליח אש״ף לכנסת, ארגון ששואף להשמיד את מדינת ישראל גם היום. השאלה היא היכן למדת לשקר? כספים לעבאס? מה, אישית אליו? לחשבון הבנק שלו? ומה עבאס יעשה בזה? איזה מנגנון ממשלתי בדיוק אישר את ההעברה? כמה כספים הועברו? מאיזה תקציב? נו..ממתין לתשובות שלך...",אחמד טיבי הוא שליח אש״ף לכנסת ארגון ששואף להשמיד את מדינת ישראל גם היום השאלה היא היכן למדת לשקר כספים לעבאס מה אישית אליו לחשבון הבנק שלו ומה עבאס יעשה בזה איזה מנגנון ממשלתי בדיוק אישר את ההעברה כמה כספים הועברו מאיזה תקציב נוממתין לתשובות שלך,1
3462,NOT,,,,"@nfY2pAnjAn4w38O @peritheplatifus @BarakRavid חיזבאללה קבר לפחות 1,700 פעילים בסוריה. חלקם ילדים בני 16 שנשלחו להילחם. מגיבור העולם הערבי ב2006, חיזבאללה הפך לארגון טרור רוצח סונים בעיניי רבות ממדינות ערב. לבנון היא כבר מדינה בהתמוטטות כלכלית וחברתית. מלחמה תחריב את לבנון לגמרי. חיזבאללה יודע שמעמדו מאז 2006 נחלש משמעותית.",חיזבאללה קבר לפחות פעילים בסוריה חלקם ילדים בני שנשלחו להילחם מגיבור העולם הערבי ב חיזבאללה הפך לארגון טרור רוצח סונים בעיניי רבות ממדינות ערב לבנון היא כבר מדינה בהתמוטטות כלכלית וחברתית מלחמה תחריב את לבנון לגמרי חיזבאללה יודע שמעמדו מאז נחלש משמעותית,0
3463,hate,Palestinian authority,War,והטרור,"@naomilster @uribreitman הרש״פ מונעת טרור מתוך אינטרס לשמור על ביטחון פנימי ברשות. בזכות שיתוף הפעולה הזה ישראל מונעת מחמאס לרצוח את כל פקידי הרש״פ. מזכיר לך שהרשות ומחבליה הובילו את הלחימה בשנת 2000 והטרור שלווה אליו. נו, עוד אי דיוקים ושקרים?",הרש״פ מונעת טרור מתוך אינטרס לשמור על ביטחון פנימי ברשות בזכות שיתוף הפעולה הזה ישראל מונעת מחמאס לרצוח את כל פקידי הרש״פ מזכיר לך שהרשות ומחבליה הובילו את הלחימה בשנת והטרור שלווה אליו נו עוד אי דיוקים ושקרים,1
3464,NOT,,,,"RT @Joe02020202: @meravhgag והעיקר על מחבל שזורק בקבוק תבערה על חייל , החייל בורח לך תבין",והעיקר על מחבל שזורק בקבוק תבערה על חייל החייל בורח לך תבין,0
3465,NOT,,,,@GoodbeerOssi חסר לי ערבי .אתיופי/ת ומחבר העמים.על פניו יכול להיות..אבל מוקדם מדי..מה גם שאין כרגע קשר עם רובם לשיתוף פעולה..קחי בחשבון שיש ביניהם פצצות אגו,חסר לי ערבי אתיופית ומחבר העמיםעל פניו יכול להיותאבל מוקדם מדימה גם שאין כרגע קשר עם רובם לשיתוף פעולהקחי בחשבון שיש ביניהם פצצות אגו,0
3466,NOT,,,,@YosephHaddad @idanlandau כל ערבי ישראלי שטוב לו במדינת ישראל הוא הופכים אותו למחמד.,כל ערבי ישראלי שטוב לו במדינת ישראל הוא הופכים אותו למחמד,0
3467,Hate,Arab muslims,Racisim,ערבים מוסלמים,"1 משטרה שעסוקה בדייג רה""מ לא מסוגלת להגן על כמה רכבים בכביש 6, רצח מתבצע תחת עינה/ידה והרוצחים נמלטים. 2 לא רוצה לחיות ליד ערבים מוסלמים. הם עדיין חיים בימי הביניים ורצח הוא צורת הסדר החברתי אצלם. לא רוצה אותם ליד משפחתי !",משטרה שעסוקה בדייג רהמ לא מסוגלת להגן על כמה רכבים בכביש רצח מתבצע תחת עינהידה והרוצחים נמלטים לא רוצה לחיות ליד ערבים מוסלמים הם עדיין חיים בימי הביניים ורצח הוא צורת הסדר החברתי אצלם לא רוצה אותם ליד משפחתי,1
3468,NOT,,,,"חיסלו ערבי כנקמה על חיסול קודם תוך כדי שהוא נוסע בשיירה מאובטחת ע""י ניידת משטרה בכביש 6. אני זוכר שפעם אמרתי לכם שהדרום הפרוע לא ישאר בדרום, ועכשיו אני אומר לכם הטילים לא ישארו על העוטף. אין ביטחון פנים במדינת ישראל,כולנו לא נתווכח אם אדם שאנחנו לא מכירים מחשש לאגרוף,סכין או אקדח",חיסלו ערבי כנקמה על חיסול קודם תוך כדי שהוא נוסע בשיירה מאובטחת עי ניידת משטרה בכביש אני זוכר שפעם אמרתי לכם שהדרום הפרוע לא ישאר בדרום ועכשיו אני אומר לכם הטילים לא ישארו על העוטף אין ביטחון פנים במדינת ישראלכולנו לא נתווכח אם אדם שאנחנו לא מכירים מחשש לאגרוףסכין או אקדח,0
3469,NOT,,,,"@MoranT555 הם לא מבינים שאפשר להיות בעד מדינת כל אזרחיה או בעד דמוקרטיה ליברלית, אך עדיין להישאר ציוני. זו באמת שאלה מורן, האם ניתן להיות לא יהודי ועדיין להיות ציוני, זה אולי כמו להיות ישראלי ובאותה העת להשתייך לאומה/לעם הפלסטיני.",הם לא מבינים שאפשר להיות בעד מדינת כל אזרחיה או בעד דמוקרטיה ליברלית אך עדיין להישאר ציוני זו באמת שאלה מורן האם ניתן להיות לא יהודי ועדיין להיות ציוני זה אולי כמו להיות ישראלי ובאותה העת להשתייך לאומהלעם הפלסטיני,0
3470,NOT,,,,@sadibenshitrit הנאשם. אויב העם.,הנאשם אויב העם,0
3471,hate,Yasser Arafat,Hate,ערפאת,יאסר עראפת וסמלי טרור בדובאי https://t.co/u17LjJFRLM,יאסר עראפת וסמלי טרור בדובאי,1
3472,NOT,,,,@eyalvenoa @uribreitman ממש לא. החמאס והגיהאד האיסלמי הובילו את גל הפיגועים בשנות התשעים ובאינתיפאדה השניה הם אחראים על ביצוע הפיגועים בשתפ ערפאת. הם אלה ששולטים על עזה ומיירים טילים ומקבלים חמישים מליון דולר בחודש מנתניהו. איזה עולב הביביסטים שכדי להגן על המלך שלהם גם יגנו על החמאס והחזית האסלמית בארץ,ממש לא החמאס והגיהאד האיסלמי הובילו את גל הפיגועים בשנות התשעים ובאינתיפאדה השניה הם אחראים על ביצוע הפיגועים בשתפ ערפאת הם אלה ששולטים על עזה ומיירים טילים ומקבלים חמישים מליון דולר בחודש מנתניהו איזה עולב הביביסטים שכדי להגן על המלך שלהם גם יגנו על החמאס והחזית האסלמית בארץ,0
3473,NOT,,,,@ShaiCohen13 אתה עושה סלט. אין שום קשר בין חמאס-עזה ובין מלחמות-חמולות במרכז ובצפון. כפי שאין קשר בין המלחמה בסוריה ובין משפחות פשע בכפרים בגליל.,אתה עושה סלט אין שום קשר בין חמאסעזה ובין מלחמותחמולות במרכז ובצפון כפי שאין קשר בין המלחמה בסוריה ובין משפחות פשע בכפרים בגליל,0
3474,NOT,,,,@romi_barebi @FTDTXFLICKER @librawh0ree @qxloux @sawyersbiitch @Omerharel12 @drivexfearless אמאל'ה זה מטריד רצח איך הם משתנים ותמיד יש להם כמו איזה דרמות מוזרות כאלה כיאלו יש להם חיים,אמאלה זה מטריד רצח איך הם משתנים ותמיד יש להם כמו איזה דרמות מוזרות כאלה כיאלו יש להם חיים,0
3475,NOT,,,,"@Zmichal369 @ayeletsl נדמה לי שפעם ראיתי אבל את האמת על מה שקרה שם, ידעו הרבה שנים אחרי. במשטרים חשוכים קשה לקבל מידע אמין,האם יש מישהו עלי אדמות שהעריץ או מעריץ רוצח המונים? כן, רק חולי נפש....אבל איך זה קשור להיום? זה מצדיק במשהו את הטירוף של הנאשם שגרר מדינה לבחירות 4? שלא רואה ממטר כולל המדינה?",נדמה לי שפעם ראיתי אבל את האמת על מה שקרה שם ידעו הרבה שנים אחרי במשטרים חשוכים קשה לקבל מידע אמיןהאם יש מישהו עלי אדמות שהעריץ או מעריץ רוצח המונים כן רק חולי נפשאבל איך זה קשור להיום זה מצדיק במשהו את הטירוף של הנאשם שגרר מדינה לבחירות שלא רואה ממטר כולל המדינה,0
3476,Violence,Not clear,Not clear,לשרוף,@r0QPh35NAIbPhiI לשרוף הכול,לשרוף הכול,1
3477,NOT,,,,"@aviv_yashar אין טעות גדולה יותר עבור האלקורט הערבי והאלקטורט היהודי ציוני. הערבי הממוצע לא יצביע לברק, והשמאלני-ציוני הממוצע לא יצביע לעודה.",אין טעות גדולה יותר עבור האלקורט הערבי והאלקטורט היהודי ציוני הערבי הממוצע לא יצביע לברק והשמאלניציוני הממוצע לא יצביע לעודה,0
3478,NOT,,,,"@brown_johnbrown הדיון הזה מתחיל להמאס עלי יותר מדיוני ""היה פיגוע כי כיבוש או היה פיגוע כי מחבלים""",הדיון הזה מתחיל להמאס עלי יותר מדיוני היה פיגוע כי כיבוש או היה פיגוע כי מחבלים,0
3479,Hate,Arab,Occupation,יסולקו,"שוב אדוני הארץ מראים לנו מי באמת שולט במדינת ישראל . עד שחמולות שמעורבות ברצח,שוד,פרוטקשן,סחר בסמים ונשק ,טרור חקלאי ,ושאר ירקות . יסולקו כל החמולה כולל ילדים ונשים לירדן או לשטחי הגדה לא יהיה שקט . זה רק יחמיר ויגיע יום והם יקומו עלינו על סטרואידים https://t.co/Etr5pU2vG1",שוב אדוני הארץ מראים לנו מי באמת שולט במדינת ישראל עד שחמולות שמעורבות ברצחשודפרוטקשןסחר בסמים ונשק טרור חקלאי ושאר ירקות יסולקו כל החמולה כולל ילדים ונשים לירדן או לשטחי הגדה לא יהיה שקט זה רק יחמיר ויגיע יום והם יקומו עלינו על סטרואידים,1
3480,NOT,,,,@romi_barebi @FTDTXFLICKER @librawh0ree @qxloux @sawyersbiitch @Omerharel12 @drivexfearless אין לי גם אבל לפעמים אני שומעת וזה הזוי רצח,אין לי גם אבל לפעמים אני שומעת וזה הזוי רצח,0
3481,Hate,Arab,Occupation,יסולקו,"@MLayosh שוב אדוני הארץ מראים לנו מי באמת שולט במדינת ישראל . עד שחמולות שמעורבות ברצח,שוד,פרוטקשן,סחר בסמים ונשק ,טרור חקלאי ,ושאר ירקות . יסולקו כל החמולה כולל ילדים ונשים לירדן או לשטחי הגדה לא יהיה שקט . זה רק יחמיר ויגיע יום והם יקומו עלינו על סטרואידים",שוב אדוני הארץ מראים לנו מי באמת שולט במדינת ישראל עד שחמולות שמעורבות ברצחשודפרוטקשןסחר בסמים ונשק טרור חקלאי ושאר ירקות יסולקו כל החמולה כולל ילדים ונשים לירדן או לשטחי הגדה לא יהיה שקט זה רק יחמיר ויגיע יום והם יקומו עלינו על סטרואידים,1
3482,NOT,,,,@batelkol את מגינה על מחבלים מחבל בן 16 בישלתם את הדייסה עכשיו תאכלו אותה אם ערבי בן 16 שזורק אבנים זה מחבל אז גם יהודי מחבל צאי מהפוזיציה,את מגינה על מחבלים מחבל בן בישלתם את הדייסה עכשיו תאכלו אותה אם ערבי בן שזורק אבנים זה מחבל אז גם יהודי מחבל צאי מהפוזיציה,0
3483,NOT,,,,"@KT_KamliTayyoun גידול נגוע = גידול שיש בו חרקים. לפי היהדות אסור באכילה. גידולי תותים אורגניים, או גידולים של ערבים, שנעשים שניהם ישירות על הקרקע, מוחזקים ככאלה שיש בהם חרקים. אם ערבי יגדל תות שדה על מצע מנותק (אצל אורגני זה לא רלוונטי), אז אין שום בעיה. ואם אתה רוצה להיעלב בכח, תהנה.",גידול נגוע גידול שיש בו חרקים לפי היהדות אסור באכילה גידולי תותים אורגניים או גידולים של ערבים שנעשים שניהם ישירות על הקרקע מוחזקים ככאלה שיש בהם חרקים אם ערבי יגדל תות שדה על מצע מנותק אצל אורגני זה לא רלוונטי אז אין שום בעיה ואם אתה רוצה להיעלב בכח תהנה,0
3484,NOT,,,,"מצד אחד מחדל ענק של @IL_police, לא משנה איזה קשקוש הדוברות שם מוציאה. מהצד השני יכולת איסוף #מודיעין, איתור מטרה, לוגיסטיקה וביצוע #חיסול ברמה של סוכני #מוסד. אגב, עד היום אף אחד לא שילם את המחיר על מחדל רצח הסוכן אנטון https://t.co/1s7K9MQd1M",מצד אחד מחדל ענק של לא משנה איזה קשקוש הדוברות שם מוציאה מהצד השני יכולת איסוף איתור מטרה לוגיסטיקה וביצוע ברמה של סוכני אגב עד היום אף אחד לא שילם את המחיר על מחדל רצח הסוכן אנטון,0
3485,NOT,,,,"@NadavPerez @ygurvitz האם ניתן להגדיר מוות של מחבל שנהרג בתאונה בזמן שברח ברכב מהמשטרה, תוך זיגזגים מסוכנים על הכביש, כקורבן לאלימות משטרתית?",האם ניתן להגדיר מוות של מחבל שנהרג בתאונה בזמן שברח ברכב מהמשטרה תוך זיגזגים מסוכנים על הכביש כקורבן לאלימות משטרתית,0
3486,NOT,,,,@EBrfFvQHEVkJpEg @batelkol לא עבריין - מחבל! כשזה ערבי זורק אבנים אתם יודעים יפה מאוד לשלוף את השפה המכובסת שלכם תהיו עקביים רואים לכם את הגזענות,לא עבריין מחבל כשזה ערבי זורק אבנים אתם יודעים יפה מאוד לשלוף את השפה המכובסת שלכם תהיו עקביים רואים לכם את הגזענות,0
3487,NOT,,,,"@tuviapeled @ayeletsl ידעו ותמכו בבולשביזם, כל מי שסחר ומכר בילדי העולים תוך גזלת תינוקות מחיק אימותיהם והעדפת פרה חולבת בישראל מול כל יהדות אירופה שתלך לגורלה ,ראוי שלא נראה את פרצופו לעולם. כל ראשי הממשלה של הימין היו שליליים, בגין,שרון רוצחים, שמיר רוצח אטום,נתניהו צדיק ביניהם בסה""כ חמגשיות וסיגרים",ידעו ותמכו בבולשביזם כל מי שסחר ומכר בילדי העולים תוך גזלת תינוקות מחיק אימותיהם והעדפת פרה חולבת בישראל מול כל יהדות אירופה שתלך לגורלה ראוי שלא נראה את פרצופו לעולם כל ראשי הממשלה של הימין היו שליליים בגיןשרון רוצחים שמיר רוצח אטוםנתניהו צדיק ביניהם בסהכ חמגשיות וסיגרים,0
3488,NOT,,,,@miriambaram @NitzanHorowitz תראי איך הבן שלו מתבטא ותחשבי עם עצמך אם ככה נראה רצח אופי,תראי איך הבן שלו מתבטא ותחשבי עם עצמך אם ככה נראה רצח אופי,0
3489,NOT,,,,@itzikelrov גנץ לא מקבל אפילו מנדט. הסקרים הם הנדסת תודעה כדי לשרוף 2 מנדטים כמו שפייגלין שרף במועד א' עם קולות של ליברלים סטלנים...,גנץ לא מקבל אפילו מנדט הסקרים הם הנדסת תודעה כדי לשרוף מנדטים כמו שפייגלין שרף במועד א עם קולות של ליברלים סטלנים,0
3490,Hate,Arab,racism,ערבי מוסלמי,"@ShaiCohen13 אתמול בנתניה צפצפתי למישהו שניסה לדחוק אותי עם המכונית אל מחוץ לנתיב, תוך שהוא מביט בי במבט מאיים. תוך שניה הוא היה מחוץ למכונית עם חפץ שלא זיהיתי בידו, למזלי הופיע מהצד ניידת והוא חזר לרכב ונסע. אני משוכנע שהוא לא היה ערבי מוסלמי או נוצרי, אתם יודעים, לפי השרשרת.",אתמול בנתניה צפצפתי למישהו שניסה לדחוק אותי עם המכונית אל מחוץ לנתיב תוך שהוא מביט בי במבט מאיים תוך שניה הוא היה מחוץ למכונית עם חפץ שלא זיהיתי בידו למזלי הופיע מהצד ניידת והוא חזר לרכב ונסע אני משוכנע שהוא לא היה ערבי מוסלמי או נוצרי אתם יודעים לפי השרשרת,1
3491,NOT,,,,"@FlkiVilgerarso1 אבל ההכלה של חמאס הפרווה מול טרור ערבי, חאן אל אחמר ומגנומטרים איך הוא שכנע את כולכם שהוא הימין??? זו מדיניות מרכז ימין סער משקף את העמדות שלי הרבה יותר",אבל ההכלה של חמאס הפרווה מול טרור ערבי חאן אל אחמר ומגנומטרים איך הוא שכנע את כולכם שהוא הימין זו מדיניות מרכז ימין סער משקף את העמדות שלי הרבה יותר,0
3492,NOT,,,,"@Marginal_Me @BarashiKinneret נקודה מעניינת. בשביל זה יש סייגים בחוק במקרה של טרור ופח""ע. ברור שצריכה להיות הפרדה בזכויות בין רוצח המונים ללוגם שפמניה (על חשבוני)",נקודה מעניינת בשביל זה יש סייגים בחוק במקרה של טרור ופחע ברור שצריכה להיות הפרדה בזכויות בין רוצח המונים ללוגם שפמניה על חשבוני,0
3493,NOT,,,,"@GoodbeerOssi התמונה הזו מפריעה לי בכל כך הרבה רמות: 1. שום נציג ערבי בצד הדמוקרטי, כאשר לא היתה שום בעיה לשים את מנסור עבאס בחלק העליון. גזענות? 2. די לגנרלים קיבינימאט, מה בדיוק ערכו של יאיר גולן? 3. אחרי הזיגזג הפומפוזי של סתיו שפיר, היא שוב ראויה? הגיע הזמן לריסטרט עם אנשים חדשים.",התמונה הזו מפריעה לי בכל כך הרבה רמות שום נציג ערבי בצד הדמוקרטי כאשר לא היתה שום בעיה לשים את מנסור עבאס בחלק העליון גזענות די לגנרלים קיבינימאט מה בדיוק ערכו של יאיר גולן אחרי הזיגזג הפומפוזי של סתיו שפיר היא שוב ראויה הגיע הזמן לריסטרט עם אנשים חדשים,0
3494,NOT,,,,"@FourPillTherapy איך יודעות שהוא לבן ונוצרי? אחרת היו קוראים לו ""טרוריסט""",איך יודעות שהוא לבן ונוצרי אחרת היו קוראים לו טרוריסט,0
3495,NOT,,,,@assafma @STAGINGIL @tuvipollack כמו כן: זועביז,כמו כן זועביז,0
3496,NOT,,,,המצאת ימנים חדשים שצריכים לשרוף את הסתדרות המורים ולהחזיק באג'נדה ליברטריאנית,המצאת ימנים חדשים שצריכים לשרוף את הסתדרות המורים ולהחזיק באגנדה ליברטריאנית,0
3497,NOT,,,,"@deterred_ @STAGINGIL @tuvipollack כן, זועביז, הסתה נגד שוברים שתיקה, באותה הקלות יכל לרוץ בימינה. אותה אג'נדה כלכלית ואותה אידאולוגיה פוליטית.",כן זועביז הסתה נגד שוברים שתיקה באותה הקלות יכל לרוץ בימינה אותה אגנדה כלכלית ואותה אידאולוגיה פוליטית,0
3498,NOT,bibi netnyahu,,ביזיון לעם היהודי,@netanyahu אתה ביזיון לעם היהודי . עוכר ישראל !!!,אתה ביזיון לעם היהודי עוכר ישראל,0
3499,hate,Not clear,Politics ,המדינה,@sadibenshitrit יימח שמו וזכרו ואינשאללה שלא יזכה להגיע לחורבן המדינה - לפני זה שיקבל שבץ לב !!!,יימח שמו וזכרו ואינשאללה שלא יזכה להגיע לחורבן המדינה לפני זה שיקבל שבץ לב,1
3500,NOT,,,,@Yud19851 @Riklin10 בסוף הצעירים עובדים לממן את הפנסיה של הזקנים ככה העולם עובד ואם הם בבית כי לא חוסנו זה מטומטם רצח,בסוף הצעירים עובדים לממן את הפנסיה של הזקנים ככה העולם עובד ואם הם בבית כי לא חוסנו זה מטומטם רצח,0
3501,NOT,,,,@omer_owo גשר זה חרא וכואב היה לי פעם וזה כאב רצח אתה הולך לסבול עם הדבר היחיד שעזר לי זה כדורים משככי כאבים הייתה צריך לצייר את הדמות בוכה,גשר זה חרא וכואב היה לי פעם וזה כאב רצח אתה הולך לסבול עם הדבר היחיד שעזר לי זה כדורים משככי כאבים הייתה צריך לצייר את הדמות בוכה,0
3502,NOT,bibi netnyahu,,יימח שמך,@netanyahu יימח שמך יה בן של זונה !,יימח שמך יה בן של זונה,0
3503,NOT,Leftist,,עוכר ישראל,@3AMATTY @yrlocalsadbitch @ElizaStanlen @nadav3023010259 @lonelyboyil @ilayabr @popkday איזה מין שמאלני עוכר ישראל אתה כשאתה נמשך לרוצחי התינוקות האלה,איזה מין שמאלני עוכר ישראל אתה כשאתה נמשך לרוצחי התינוקות האלה,0
3504,NOT,,,,@worthycaxp @yrlocalsadbitch @ElizaStanlen @nadav3023010259 @lonelyboyil @ilayabr @popkday יש לו סרטון שהוא משחק עם ילד פלסטיני בחברון באחד ההיילייטים וחוץ מזה כשהעליתי סרטון על זה שצ*הל הוא צ*בא א*פרט*הייד וכ*יב*וש הוא אמר שאני ממש צודק אזזזז😜,יש לו סרטון שהוא משחק עם ילד פלסטיני בחברון באחד ההיילייטים וחוץ מזה כשהעליתי סרטון על זה שצהל הוא צבא אפרטהייד וכיבוש הוא אמר שאני ממש צודק אזזזז,0
3505,NOT,,,,"@yosimordechay סליחה אבל ""הם"" לא דייני ישראל (אולי דייני ""פלסטין"")",סליחה אבל הם לא דייני ישראל אולי דייני פלסטין,0
